article_id,subject_id,subject_name,subject_fullname,root_name,auto_label,main_field,sub_field,leaf_subject
52,93,İktisat,Sosyal > Sosyal > İktisat,Sosyal,True,Sosyal,Sosyal,İktisat
52,105,Kadın Araştırmaları,Sosyal > Sosyal > Kadın Araştırmaları,Sosyal,True,Sosyal,Sosyal,Kadın Araştırmaları
52,108,Kamu Yönetimi,Sosyal > Sosyal > Kamu Yönetimi,Sosyal,True,Sosyal,Sosyal,Kamu Yönetimi
53,32,"Bilgisayar Bilimleri, Yapay Zeka","Fen > Mühendislik > Bilgisayar Bilimleri, Yapay Zeka",Fen,True,Fen,Mühendislik,"Bilgisayar Bilimleri, Yapay Zeka"
53,84,Görüntüleme Bilimi ve Fotoğraf Teknolojisi,Fen > Mühendislik > Görüntüleme Bilimi ve Fotoğraf Teknolojisi,Fen,True,Fen,Mühendislik,Görüntüleme Bilimi ve Fotoğraf Teknolojisi
54,101,İşletme,Sosyal > Sosyal > İşletme,Sosyal,True,Sosyal,Sosyal,İşletme
54,108,Kamu Yönetimi,Sosyal > Sosyal > Kamu Yönetimi,Sosyal,True,Sosyal,Sosyal,Kamu Yönetimi
55,108,Kamu Yönetimi,Sosyal > Sosyal > Kamu Yönetimi,Sosyal,True,Sosyal,Sosyal,Kamu Yönetimi
56,93,İktisat,Sosyal > Sosyal > İktisat,Sosyal,True,Sosyal,Sosyal,İktisat
56,108,Kamu Yönetimi,Sosyal > Sosyal > Kamu Yönetimi,Sosyal,True,Sosyal,Sosyal,Kamu Yönetimi
57,143,"Mühendislik, Jeoloji","Fen > Mühendislik > Mühendislik, Jeoloji",Fen,True,Fen,Mühendislik,"Mühendislik, Jeoloji"
57,146,"Mühendislik, Petrol","Fen > Mühendislik > Mühendislik, Petrol",Fen,True,Fen,Mühendislik,"Mühendislik, Petrol"
58,111,"Kimya, İnorganik ve Nükleer","Fen > Temel Bilimler > Kimya, İnorganik ve Nükleer",Fen,True,Fen,Temel Bilimler,"Kimya, İnorganik ve Nükleer"
78,110,"Kimya, Analitik","Fen > Temel Bilimler > Kimya, Analitik",Fen,True,Fen,Temel Bilimler,"Kimya, Analitik"
79,60,Enerji ve Yakıtlar,Fen > Mühendislik > Enerji ve Yakıtlar,Fen,True,Fen,Mühendislik,Enerji ve Yakıtlar
79,144,"Mühendislik, Kimya","Fen > Mühendislik > Mühendislik, Kimya",Fen,True,Fen,Mühendislik,"Mühendislik, Kimya"
80,110,"Kimya, Analitik","Fen > Temel Bilimler > Kimya, Analitik",Fen,True,Fen,Temel Bilimler,"Kimya, Analitik"
81,144,"Mühendislik, Kimya","Fen > Mühendislik > Mühendislik, Kimya",Fen,True,Fen,Mühendislik,"Mühendislik, Kimya"
81,114,"Kimya, Uygulamalı","Fen > Temel Bilimler > Kimya, Uygulamalı",Fen,True,Fen,Temel Bilimler,"Kimya, Uygulamalı"
82,148,Nanobilim ve Nanoteknoloji,Fen > Mühendislik > Nanobilim ve Nanoteknoloji,Fen,True,Fen,Mühendislik,Nanobilim ve Nanoteknoloji
82,110,"Kimya, Analitik","Fen > Temel Bilimler > Kimya, Analitik",Fen,True,Fen,Temel Bilimler,"Kimya, Analitik"
83,45,Çevre Mühendisliği,Fen > Mühendislik > Çevre Mühendisliği,Fen,True,Fen,Mühendislik,Çevre Mühendisliği
83,148,Nanobilim ve Nanoteknoloji,Fen > Mühendislik > Nanobilim ve Nanoteknoloji,Fen,True,Fen,Mühendislik,Nanobilim ve Nanoteknoloji
83,114,"Kimya, Uygulamalı","Fen > Temel Bilimler > Kimya, Uygulamalı",Fen,True,Fen,Temel Bilimler,"Kimya, Uygulamalı"
84,60,Enerji ve Yakıtlar,Fen > Mühendislik > Enerji ve Yakıtlar,Fen,True,Fen,Mühendislik,Enerji ve Yakıtlar
84,142,"Mühendislik, Hava ve Uzay","Fen > Mühendislik > Mühendislik, Hava ve Uzay",Fen,True,Fen,Mühendislik,"Mühendislik, Hava ve Uzay"
84,148,Nanobilim ve Nanoteknoloji,Fen > Mühendislik > Nanobilim ve Nanoteknoloji,Fen,True,Fen,Mühendislik,Nanobilim ve Nanoteknoloji
84,76,"Fizik, Uygulamalı","Fen > Temel Bilimler > Fizik, Uygulamalı",Fen,True,Fen,Temel Bilimler,"Fizik, Uygulamalı"
85,37,Biyokimya ve Moleküler Biyoloji,Fen > Tıp > Biyokimya ve Moleküler Biyoloji,Fen,True,Fen,Tıp,Biyokimya ve Moleküler Biyoloji
85,40,Biyoteknoloji ve Uygulamalı Mikrobiyoloji,Fen > Tıp > Biyoteknoloji ve Uygulamalı Mikrobiyoloji,Fen,True,Fen,Tıp,Biyoteknoloji ve Uygulamalı Mikrobiyoloji
85,153,Onkoloji,Fen > Tıp > Onkoloji,Fen,True,Fen,Tıp,Onkoloji
86,148,Nanobilim ve Nanoteknoloji,Fen > Mühendislik > Nanobilim ve Nanoteknoloji,Fen,True,Fen,Mühendislik,Nanobilim ve Nanoteknoloji
86,111,"Kimya, İnorganik ve Nükleer","Fen > Temel Bilimler > Kimya, İnorganik ve Nükleer",Fen,True,Fen,Temel Bilimler,"Kimya, İnorganik ve Nükleer"
87,110,"Kimya, Analitik","Fen > Temel Bilimler > Kimya, Analitik",Fen,True,Fen,Temel Bilimler,"Kimya, Analitik"
88,112,"Kimya, Organik","Fen > Temel Bilimler > Kimya, Organik",Fen,True,Fen,Temel Bilimler,"Kimya, Organik"
89,111,"Kimya, İnorganik ve Nükleer","Fen > Temel Bilimler > Kimya, İnorganik ve Nükleer",Fen,True,Fen,Temel Bilimler,"Kimya, İnorganik ve Nükleer"
90,113,"Kimya, Tıbbi","Fen > Temel Bilimler > Kimya, Tıbbi",Fen,True,Fen,Temel Bilimler,"Kimya, Tıbbi"
91,111,"Kimya, İnorganik ve Nükleer","Fen > Temel Bilimler > Kimya, İnorganik ve Nükleer",Fen,True,Fen,Temel Bilimler,"Kimya, İnorganik ve Nükleer"
92,37,Biyokimya ve Moleküler Biyoloji,Fen > Tıp > Biyokimya ve Moleküler Biyoloji,Fen,True,Fen,Tıp,Biyokimya ve Moleküler Biyoloji
93,196,Toksikoloji,Fen > Eczacılık > Toksikoloji,Fen,True,Fen,Eczacılık,Toksikoloji
93,43,Çevre Bilimleri,Fen > Temel Bilimler > Çevre Bilimleri,Fen,True,Fen,Temel Bilimler,Çevre Bilimleri
94,35,Bitki Bilimleri,Fen > Ziraat > Bitki Bilimleri,Fen,True,Fen,Ziraat,Bitki Bilimleri
95,83,Gıda Bilimi ve Teknolojisi,Fen > Mühendislik > Gıda Bilimi ve Teknolojisi,Fen,True,Fen,Mühendislik,Gıda Bilimi ve Teknolojisi
95,87,Halk ve Çevre Sağlığı,Fen > Tıp > Halk ve Çevre Sağlığı,Fen,True,Fen,Tıp,Halk ve Çevre Sağlığı
96,83,Gıda Bilimi ve Teknolojisi,Fen > Mühendislik > Gıda Bilimi ve Teknolojisi,Fen,True,Fen,Mühendislik,Gıda Bilimi ve Teknolojisi
96,135,Mikrobiyoloji,Fen > Tıp > Mikrobiyoloji,Fen,True,Fen,Tıp,Mikrobiyoloji
97,25,Beslenme ve Diyetetik,Sosyal > Sosyal > Beslenme ve Diyetetik,Sosyal,True,Sosyal,Sosyal,Beslenme ve Diyetetik
98,83,Gıda Bilimi ve Teknolojisi,Fen > Mühendislik > Gıda Bilimi ve Teknolojisi,Fen,True,Fen,Mühendislik,Gıda Bilimi ve Teknolojisi
99,83,Gıda Bilimi ve Teknolojisi,Fen > Mühendislik > Gıda Bilimi ve Teknolojisi,Fen,True,Fen,Mühendislik,Gıda Bilimi ve Teknolojisi
100,25,Beslenme ve Diyetetik,Sosyal > Sosyal > Beslenme ve Diyetetik,Sosyal,True,Sosyal,Sosyal,Beslenme ve Diyetetik
101,83,Gıda Bilimi ve Teknolojisi,Fen > Mühendislik > Gıda Bilimi ve Teknolojisi,Fen,True,Fen,Mühendislik,Gıda Bilimi ve Teknolojisi
101,35,Bitki Bilimleri,Fen > Ziraat > Bitki Bilimleri,Fen,True,Fen,Ziraat,Bitki Bilimleri
102,83,Gıda Bilimi ve Teknolojisi,Fen > Mühendislik > Gıda Bilimi ve Teknolojisi,Fen,True,Fen,Mühendislik,Gıda Bilimi ve Teknolojisi
102,23,Bahçe Bitkileri,Fen > Ziraat > Bahçe Bitkileri,Fen,True,Fen,Ziraat,Bahçe Bitkileri
103,35,Bitki Bilimleri,Fen > Ziraat > Bitki Bilimleri,Fen,True,Fen,Ziraat,Bitki Bilimleri
104,35,Bitki Bilimleri,Fen > Ziraat > Bitki Bilimleri,Fen,True,Fen,Ziraat,Bitki Bilimleri
105,35,Bitki Bilimleri,Fen > Ziraat > Bitki Bilimleri,Fen,True,Fen,Ziraat,Bitki Bilimleri
106,55,"Eğitim, Eğitim Araştırmaları","Sosyal > Sosyal > Eğitim, Eğitim Araştırmaları",Sosyal,True,Sosyal,Sosyal,"Eğitim, Eğitim Araştırmaları"
106,174,Sanat,Sosyal > Sosyal > Sanat,Sosyal,True,Sosyal,Sosyal,Sanat
107,55,"Eğitim, Eğitim Araştırmaları","Sosyal > Sosyal > Eğitim, Eğitim Araştırmaları",Sosyal,True,Sosyal,Sosyal,"Eğitim, Eğitim Araştırmaları"
107,167,Psikoloji,Sosyal > Sosyal > Psikoloji,Sosyal,True,Sosyal,Sosyal,Psikoloji
108,55,"Eğitim, Eğitim Araştırmaları","Sosyal > Sosyal > Eğitim, Eğitim Araştırmaları",Sosyal,True,Sosyal,Sosyal,"Eğitim, Eğitim Araştırmaları"
109,50,Dil ve Dil Bilim,Sosyal > Sosyal > Dil ve Dil Bilim,Sosyal,True,Sosyal,Sosyal,Dil ve Dil Bilim
109,55,"Eğitim, Eğitim Araştırmaları","Sosyal > Sosyal > Eğitim, Eğitim Araştırmaları",Sosyal,True,Sosyal,Sosyal,"Eğitim, Eğitim Araştırmaları"
110,32,"Bilgisayar Bilimleri, Yapay Zeka","Fen > Mühendislik > Bilgisayar Bilimleri, Yapay Zeka",Fen,True,Fen,Mühendislik,"Bilgisayar Bilimleri, Yapay Zeka"
110,55,"Eğitim, Eğitim Araştırmaları","Sosyal > Sosyal > Eğitim, Eğitim Araştırmaları",Sosyal,True,Sosyal,Sosyal,"Eğitim, Eğitim Araştırmaları"
111,55,"Eğitim, Eğitim Araştırmaları","Sosyal > Sosyal > Eğitim, Eğitim Araştırmaları",Sosyal,True,Sosyal,Sosyal,"Eğitim, Eğitim Araştırmaları"
113,136,Mikroskopi,Fen > Temel Bilimler > Mikroskopi,Fen,True,Fen,Temel Bilimler,Mikroskopi
113,35,Bitki Bilimleri,Fen > Ziraat > Bitki Bilimleri,Fen,True,Fen,Ziraat,Bitki Bilimleri
116,81,Genetik ve Kalıtım,Fen > Temel Bilimler > Genetik ve Kalıtım,Fen,True,Fen,Temel Bilimler,Genetik ve Kalıtım
116,136,Mikroskopi,Fen > Temel Bilimler > Mikroskopi,Fen,True,Fen,Temel Bilimler,Mikroskopi
116,35,Bitki Bilimleri,Fen > Ziraat > Bitki Bilimleri,Fen,True,Fen,Ziraat,Bitki Bilimleri
117,148,Nanobilim ve Nanoteknoloji,Fen > Mühendislik > Nanobilim ve Nanoteknoloji,Fen,True,Fen,Mühendislik,Nanobilim ve Nanoteknoloji
117,35,Bitki Bilimleri,Fen > Ziraat > Bitki Bilimleri,Fen,True,Fen,Ziraat,Bitki Bilimleri
118,35,Bitki Bilimleri,Fen > Ziraat > Bitki Bilimleri,Fen,True,Fen,Ziraat,Bitki Bilimleri
119,37,Biyokimya ve Moleküler Biyoloji,Fen > Tıp > Biyokimya ve Moleküler Biyoloji,Fen,True,Fen,Tıp,Biyokimya ve Moleküler Biyoloji
119,35,Bitki Bilimleri,Fen > Ziraat > Bitki Bilimleri,Fen,True,Fen,Ziraat,Bitki Bilimleri
120,178,Sosyal Çalışma,Sosyal > Sosyal > Sosyal Çalışma,Sosyal,True,Sosyal,Sosyal,Sosyal Çalışma
120,185,Tarih,Sosyal > Sosyal > Tarih,Sosyal,True,Sosyal,Sosyal,Tarih
121,116,Kriminoloji ve Ceza Bilimi,Sosyal > Sosyal > Kriminoloji ve Ceza Bilimi,Sosyal,True,Sosyal,Sosyal,Kriminoloji ve Ceza Bilimi
121,178,Sosyal Çalışma,Sosyal > Sosyal > Sosyal Çalışma,Sosyal,True,Sosyal,Sosyal,Sosyal Çalışma
122,55,"Eğitim, Eğitim Araştırmaları","Sosyal > Sosyal > Eğitim, Eğitim Araştırmaları",Sosyal,True,Sosyal,Sosyal,"Eğitim, Eğitim Araştırmaları"
122,178,Sosyal Çalışma,Sosyal > Sosyal > Sosyal Çalışma,Sosyal,True,Sosyal,Sosyal,Sosyal Çalışma
123,56,"Eğitim, Özel","Sosyal > Sosyal > Eğitim, Özel",Sosyal,True,Sosyal,Sosyal,"Eğitim, Özel"
123,178,Sosyal Çalışma,Sosyal > Sosyal > Sosyal Çalışma,Sosyal,True,Sosyal,Sosyal,Sosyal Çalışma
123,179,Sosyoloji,Sosyal > Sosyal > Sosyoloji,Sosyal,True,Sosyal,Sosyal,Sosyoloji
124,82,Geriatri ve Gerontoloji,Fen > Tıp > Geriatri ve Gerontoloji,Fen,True,Fen,Tıp,Geriatri ve Gerontoloji
124,178,Sosyal Çalışma,Sosyal > Sosyal > Sosyal Çalışma,Sosyal,True,Sosyal,Sosyal,Sosyal Çalışma
125,105,Kadın Araştırmaları,Sosyal > Sosyal > Kadın Araştırmaları,Sosyal,True,Sosyal,Sosyal,Kadın Araştırmaları
125,178,Sosyal Çalışma,Sosyal > Sosyal > Sosyal Çalışma,Sosyal,True,Sosyal,Sosyal,Sosyal Çalışma
126,108,Kamu Yönetimi,Sosyal > Sosyal > Kamu Yönetimi,Sosyal,True,Sosyal,Sosyal,Kamu Yönetimi
126,173,Sağlık Politikaları ve Hizmetleri,Sosyal > Sosyal > Sağlık Politikaları ve Hizmetleri,Sosyal,True,Sosyal,Sosyal,Sağlık Politikaları ve Hizmetleri
126,178,Sosyal Çalışma,Sosyal > Sosyal > Sosyal Çalışma,Sosyal,True,Sosyal,Sosyal,Sosyal Çalışma
327,58,Endokrinoloji ve Metabolizma,Fen > Tıp > Endokrinoloji ve Metabolizma,Fen,True,Fen,Tıp,Endokrinoloji ve Metabolizma
327,61,Enfeksiyon Hastalıkları,Fen > Tıp > Enfeksiyon Hastalıkları,Fen,True,Fen,Tıp,Enfeksiyon Hastalıkları
327,80,Genel ve Dahili Tıp,Fen > Tıp > Genel ve Dahili Tıp,Fen,True,Fen,Tıp,Genel ve Dahili Tıp
328,77,Fizyoloji,Fen > Tıp > Fizyoloji,Fen,True,Fen,Tıp,Fizyoloji
328,80,Genel ve Dahili Tıp,Fen > Tıp > Genel ve Dahili Tıp,Fen,True,Fen,Tıp,Genel ve Dahili Tıp
329,80,Genel ve Dahili Tıp,Fen > Tıp > Genel ve Dahili Tıp,Fen,True,Fen,Tıp,Genel ve Dahili Tıp
329,172,Sağlık Bilimleri ve Hizmetleri,Fen > Tıp > Sağlık Bilimleri ve Hizmetleri,Fen,True,Fen,Tıp,Sağlık Bilimleri ve Hizmetleri
330,80,Genel ve Dahili Tıp,Fen > Tıp > Genel ve Dahili Tıp,Fen,True,Fen,Tıp,Genel ve Dahili Tıp
330,89,Hemşirelik,Sosyal > Sosyal > Hemşirelik,Sosyal,True,Sosyal,Sosyal,Hemşirelik
331,80,Genel ve Dahili Tıp,Fen > Tıp > Genel ve Dahili Tıp,Fen,True,Fen,Tıp,Genel ve Dahili Tıp
331,167,Psikoloji,Sosyal > Sosyal > Psikoloji,Sosyal,True,Sosyal,Sosyal,Psikoloji
332,79,Gastroenteroloji ve Hepatoloji,Fen > Tıp > Gastroenteroloji ve Hepatoloji,Fen,True,Fen,Tıp,Gastroenteroloji ve Hepatoloji
332,80,Genel ve Dahili Tıp,Fen > Tıp > Genel ve Dahili Tıp,Fen,True,Fen,Tıp,Genel ve Dahili Tıp
333,80,Genel ve Dahili Tıp,Fen > Tıp > Genel ve Dahili Tıp,Fen,True,Fen,Tıp,Genel ve Dahili Tıp
334,80,Genel ve Dahili Tıp,Fen > Tıp > Genel ve Dahili Tıp,Fen,True,Fen,Tıp,Genel ve Dahili Tıp
335,80,Genel ve Dahili Tıp,Fen > Tıp > Genel ve Dahili Tıp,Fen,True,Fen,Tıp,Genel ve Dahili Tıp
336,80,Genel ve Dahili Tıp,Fen > Tıp > Genel ve Dahili Tıp,Fen,True,Fen,Tıp,Genel ve Dahili Tıp
344,55,"Eğitim, Eğitim Araştırmaları","Sosyal > Sosyal > Eğitim, Eğitim Araştırmaları",Sosyal,True,Sosyal,Sosyal,"Eğitim, Eğitim Araştırmaları"
344,105,Kadın Araştırmaları,Sosyal > Sosyal > Kadın Araştırmaları,Sosyal,True,Sosyal,Sosyal,Kadın Araştırmaları
344,178,Sosyal Çalışma,Sosyal > Sosyal > Sosyal Çalışma,Sosyal,True,Sosyal,Sosyal,Sosyal Çalışma
345,55,"Eğitim, Eğitim Araştırmaları","Sosyal > Sosyal > Eğitim, Eğitim Araştırmaları",Sosyal,True,Sosyal,Sosyal,"Eğitim, Eğitim Araştırmaları"
346,55,"Eğitim, Eğitim Araştırmaları","Sosyal > Sosyal > Eğitim, Eğitim Araştırmaları",Sosyal,True,Sosyal,Sosyal,"Eğitim, Eğitim Araştırmaları"
348,51,Din Bilimi,Sosyal > Sosyal > Din Bilimi,Sosyal,True,Sosyal,Sosyal,Din Bilimi
348,185,Tarih,Sosyal > Sosyal > Tarih,Sosyal,True,Sosyal,Sosyal,Tarih
349,185,Tarih,Sosyal > Sosyal > Tarih,Sosyal,True,Sosyal,Sosyal,Tarih
350,93,İktisat,Sosyal > Sosyal > İktisat,Sosyal,True,Sosyal,Sosyal,İktisat
350,185,Tarih,Sosyal > Sosyal > Tarih,Sosyal,True,Sosyal,Sosyal,Tarih
351,137,Mimarlık,Fen > Mühendislik > Mimarlık,Fen,True,Fen,Mühendislik,Mimarlık
351,185,Tarih,Sosyal > Sosyal > Tarih,Sosyal,True,Sosyal,Sosyal,Tarih
352,55,"Eğitim, Eğitim Araştırmaları","Sosyal > Sosyal > Eğitim, Eğitim Araştırmaları",Sosyal,True,Sosyal,Sosyal,"Eğitim, Eğitim Araştırmaları"
352,185,Tarih,Sosyal > Sosyal > Tarih,Sosyal,True,Sosyal,Sosyal,Tarih
353,90,Hukuk,Sosyal > Sosyal > Hukuk,Sosyal,True,Sosyal,Sosyal,Hukuk
353,185,Tarih,Sosyal > Sosyal > Tarih,Sosyal,True,Sosyal,Sosyal,Tarih
354,94,İletişim,Sosyal > Sosyal > İletişim,Sosyal,True,Sosyal,Sosyal,İletişim
354,185,Tarih,Sosyal > Sosyal > Tarih,Sosyal,True,Sosyal,Sosyal,Tarih
355,101,İşletme,Sosyal > Sosyal > İşletme,Sosyal,True,Sosyal,Sosyal,İşletme
355,179,Sosyoloji,Sosyal > Sosyal > Sosyoloji,Sosyal,True,Sosyal,Sosyal,Sosyoloji
355,185,Tarih,Sosyal > Sosyal > Tarih,Sosyal,True,Sosyal,Sosyal,Tarih
356,93,İktisat,Sosyal > Sosyal > İktisat,Sosyal,True,Sosyal,Sosyal,İktisat
356,185,Tarih,Sosyal > Sosyal > Tarih,Sosyal,True,Sosyal,Sosyal,Tarih
359,187,Taşınım Bilimi ve Teknolojisi,Fen > Mühendislik > Taşınım Bilimi ve Teknolojisi,Fen,True,Fen,Mühendislik,Taşınım Bilimi ve Teknolojisi
359,93,İktisat,Sosyal > Sosyal > İktisat,Sosyal,True,Sosyal,Sosyal,İktisat
360,93,İktisat,Sosyal > Sosyal > İktisat,Sosyal,True,Sosyal,Sosyal,İktisat
360,199,Uluslararası İlişkiler,Sosyal > Sosyal > Uluslararası İlişkiler,Sosyal,True,Sosyal,Sosyal,Uluslararası İlişkiler
361,93,İktisat,Sosyal > Sosyal > İktisat,Sosyal,True,Sosyal,Sosyal,İktisat
361,102,İşletme Finans,Sosyal > Sosyal > İşletme Finans,Sosyal,True,Sosyal,Sosyal,İşletme Finans
362,93,İktisat,Sosyal > Sosyal > İktisat,Sosyal,True,Sosyal,Sosyal,İktisat
362,178,Sosyal Çalışma,Sosyal > Sosyal > Sosyal Çalışma,Sosyal,True,Sosyal,Sosyal,Sosyal Çalışma
362,179,Sosyoloji,Sosyal > Sosyal > Sosyoloji,Sosyal,True,Sosyal,Sosyal,Sosyoloji
364,60,Enerji ve Yakıtlar,Fen > Mühendislik > Enerji ve Yakıtlar,Fen,True,Fen,Mühendislik,Enerji ve Yakıtlar
364,44,Çevre Çalışmaları,Sosyal > Sosyal > Çevre Çalışmaları,Sosyal,True,Sosyal,Sosyal,Çevre Çalışmaları
364,93,İktisat,Sosyal > Sosyal > İktisat,Sosyal,True,Sosyal,Sosyal,İktisat
365,93,İktisat,Sosyal > Sosyal > İktisat,Sosyal,True,Sosyal,Sosyal,İktisat
365,178,Sosyal Çalışma,Sosyal > Sosyal > Sosyal Çalışma,Sosyal,True,Sosyal,Sosyal,Sosyal Çalışma
365,179,Sosyoloji,Sosyal > Sosyal > Sosyoloji,Sosyal,True,Sosyal,Sosyal,Sosyoloji
366,99,İstatistik ve Olasılık,Fen > Temel Bilimler > İstatistik ve Olasılık,Fen,True,Fen,Temel Bilimler,İstatistik ve Olasılık
366,93,İktisat,Sosyal > Sosyal > İktisat,Sosyal,True,Sosyal,Sosyal,İktisat
366,178,Sosyal Çalışma,Sosyal > Sosyal > Sosyal Çalışma,Sosyal,True,Sosyal,Sosyal,Sosyal Çalışma
367,38,Biyoloji,Fen > Temel Bilimler > Biyoloji,Fen,True,Fen,Temel Bilimler,Biyoloji
367,37,Biyokimya ve Moleküler Biyoloji,Fen > Tıp > Biyokimya ve Moleküler Biyoloji,Fen,True,Fen,Tıp,Biyokimya ve Moleküler Biyoloji
368,38,Biyoloji,Fen > Temel Bilimler > Biyoloji,Fen,True,Fen,Temel Bilimler,Biyoloji
368,43,Çevre Bilimleri,Fen > Temel Bilimler > Çevre Bilimleri,Fen,True,Fen,Temel Bilimler,Çevre Bilimleri
368,40,Biyoteknoloji ve Uygulamalı Mikrobiyoloji,Fen > Tıp > Biyoteknoloji ve Uygulamalı Mikrobiyoloji,Fen,True,Fen,Tıp,Biyoteknoloji ve Uygulamalı Mikrobiyoloji
369,38,Biyoloji,Fen > Temel Bilimler > Biyoloji,Fen,True,Fen,Temel Bilimler,Biyoloji
369,40,Biyoteknoloji ve Uygulamalı Mikrobiyoloji,Fen > Tıp > Biyoteknoloji ve Uygulamalı Mikrobiyoloji,Fen,True,Fen,Tıp,Biyoteknoloji ve Uygulamalı Mikrobiyoloji
369,135,Mikrobiyoloji,Fen > Tıp > Mikrobiyoloji,Fen,True,Fen,Tıp,Mikrobiyoloji
370,66,Farmakoloji ve Eczacılık,Fen > Eczacılık > Farmakoloji ve Eczacılık,Fen,True,Fen,Eczacılık,Farmakoloji ve Eczacılık
370,38,Biyoloji,Fen > Temel Bilimler > Biyoloji,Fen,True,Fen,Temel Bilimler,Biyoloji
370,37,Biyokimya ve Moleküler Biyoloji,Fen > Tıp > Biyokimya ve Moleküler Biyoloji,Fen,True,Fen,Tıp,Biyokimya ve Moleküler Biyoloji
371,196,Toksikoloji,Fen > Eczacılık > Toksikoloji,Fen,True,Fen,Eczacılık,Toksikoloji
371,38,Biyoloji,Fen > Temel Bilimler > Biyoloji,Fen,True,Fen,Temel Bilimler,Biyoloji
371,37,Biyokimya ve Moleküler Biyoloji,Fen > Tıp > Biyokimya ve Moleküler Biyoloji,Fen,True,Fen,Tıp,Biyokimya ve Moleküler Biyoloji
372,38,Biyoloji,Fen > Temel Bilimler > Biyoloji,Fen,True,Fen,Temel Bilimler,Biyoloji
372,81,Genetik ve Kalıtım,Fen > Temel Bilimler > Genetik ve Kalıtım,Fen,True,Fen,Temel Bilimler,Genetik ve Kalıtım
372,207,Zooloji,Fen > Temel Bilimler > Zooloji,Fen,True,Fen,Temel Bilimler,Zooloji
372,91,Hücre Biyolojisi,Fen > Tıp > Hücre Biyolojisi,Fen,True,Fen,Tıp,Hücre Biyolojisi
373,38,Biyoloji,Fen > Temel Bilimler > Biyoloji,Fen,True,Fen,Temel Bilimler,Biyoloji
373,37,Biyokimya ve Moleküler Biyoloji,Fen > Tıp > Biyokimya ve Moleküler Biyoloji,Fen,True,Fen,Tıp,Biyokimya ve Moleküler Biyoloji
373,91,Hücre Biyolojisi,Fen > Tıp > Hücre Biyolojisi,Fen,True,Fen,Tıp,Hücre Biyolojisi
374,83,Gıda Bilimi ve Teknolojisi,Fen > Mühendislik > Gıda Bilimi ve Teknolojisi,Fen,True,Fen,Mühendislik,Gıda Bilimi ve Teknolojisi
374,38,Biyoloji,Fen > Temel Bilimler > Biyoloji,Fen,True,Fen,Temel Bilimler,Biyoloji
375,38,Biyoloji,Fen > Temel Bilimler > Biyoloji,Fen,True,Fen,Temel Bilimler,Biyoloji
375,43,Çevre Bilimleri,Fen > Temel Bilimler > Çevre Bilimleri,Fen,True,Fen,Temel Bilimler,Çevre Bilimleri
376,38,Biyoloji,Fen > Temel Bilimler > Biyoloji,Fen,True,Fen,Temel Bilimler,Biyoloji
376,183,Tamamlayıcı ve Entegre Tıp,Fen > Tıp > Tamamlayıcı ve Entegre Tıp,Fen,True,Fen,Tıp,Tamamlayıcı ve Entegre Tıp
378,101,İşletme,Sosyal > Sosyal > İşletme,Sosyal,True,Sosyal,Sosyal,İşletme
378,178,Sosyal Çalışma,Sosyal > Sosyal > Sosyal Çalışma,Sosyal,True,Sosyal,Sosyal,Sosyal Çalışma
379,46,Davranış Bilimleri,Sosyal > Sosyal > Davranış Bilimleri,Sosyal,True,Sosyal,Sosyal,Davranış Bilimleri
379,101,İşletme,Sosyal > Sosyal > İşletme,Sosyal,True,Sosyal,Sosyal,İşletme
379,167,Psikoloji,Sosyal > Sosyal > Psikoloji,Sosyal,True,Sosyal,Sosyal,Psikoloji
380,94,İletişim,Sosyal > Sosyal > İletişim,Sosyal,True,Sosyal,Sosyal,İletişim
380,101,İşletme,Sosyal > Sosyal > İşletme,Sosyal,True,Sosyal,Sosyal,İşletme
381,44,Çevre Çalışmaları,Sosyal > Sosyal > Çevre Çalışmaları,Sosyal,True,Sosyal,Sosyal,Çevre Çalışmaları
381,101,İşletme,Sosyal > Sosyal > İşletme,Sosyal,True,Sosyal,Sosyal,İşletme
382,101,İşletme,Sosyal > Sosyal > İşletme,Sosyal,True,Sosyal,Sosyal,İşletme
382,159,"Otelcilik, Konaklama, Spor ve Turizm","Sosyal > Sosyal > Otelcilik, Konaklama, Spor ve Turizm",Sosyal,True,Sosyal,Sosyal,"Otelcilik, Konaklama, Spor ve Turizm"
383,32,"Bilgisayar Bilimleri, Yapay Zeka","Fen > Mühendislik > Bilgisayar Bilimleri, Yapay Zeka",Fen,True,Fen,Mühendislik,"Bilgisayar Bilimleri, Yapay Zeka"
383,101,İşletme,Sosyal > Sosyal > İşletme,Sosyal,True,Sosyal,Sosyal,İşletme
383,167,Psikoloji,Sosyal > Sosyal > Psikoloji,Sosyal,True,Sosyal,Sosyal,Psikoloji
384,44,Çevre Çalışmaları,Sosyal > Sosyal > Çevre Çalışmaları,Sosyal,True,Sosyal,Sosyal,Çevre Çalışmaları
384,101,İşletme,Sosyal > Sosyal > İşletme,Sosyal,True,Sosyal,Sosyal,İşletme
384,167,Psikoloji,Sosyal > Sosyal > Psikoloji,Sosyal,True,Sosyal,Sosyal,Psikoloji
385,59,Endüstri Mühendisliği,Fen > Mühendislik > Endüstri Mühendisliği,Fen,True,Fen,Mühendislik,Endüstri Mühendisliği
385,101,İşletme,Sosyal > Sosyal > İşletme,Sosyal,True,Sosyal,Sosyal,İşletme
387,162,Patoloji,Fen > Tıp > Patoloji,Fen,True,Fen,Tıp,Patoloji
387,166,Psikiyatri,Fen > Tıp > Psikiyatri,Fen,True,Fen,Tıp,Psikiyatri
388,153,Onkoloji,Fen > Tıp > Onkoloji,Fen,True,Fen,Tıp,Onkoloji
388,162,Patoloji,Fen > Tıp > Patoloji,Fen,True,Fen,Tıp,Patoloji
388,194,Tıbbi Laboratuar Teknolojisi,Fen > Tıp > Tıbbi Laboratuar Teknolojisi,Fen,True,Fen,Tıp,Tıbbi Laboratuar Teknolojisi
389,161,Parazitoloji,Fen > Temel Bilimler > Parazitoloji,Fen,True,Fen,Temel Bilimler,Parazitoloji
389,153,Onkoloji,Fen > Tıp > Onkoloji,Fen,True,Fen,Tıp,Onkoloji
389,162,Patoloji,Fen > Tıp > Patoloji,Fen,True,Fen,Tıp,Patoloji
390,41,Cerrahi,Fen > Tıp > Cerrahi,Fen,True,Fen,Tıp,Cerrahi
390,153,Onkoloji,Fen > Tıp > Onkoloji,Fen,True,Fen,Tıp,Onkoloji
390,162,Patoloji,Fen > Tıp > Patoloji,Fen,True,Fen,Tıp,Patoloji
391,41,Cerrahi,Fen > Tıp > Cerrahi,Fen,True,Fen,Tıp,Cerrahi
391,79,Gastroenteroloji ve Hepatoloji,Fen > Tıp > Gastroenteroloji ve Hepatoloji,Fen,True,Fen,Tıp,Gastroenteroloji ve Hepatoloji
391,162,Patoloji,Fen > Tıp > Patoloji,Fen,True,Fen,Tıp,Patoloji
392,52,Diş Hekimliği,Fen > Diş Hekimliği > Diş Hekimliği,Fen,True,Fen,Diş Hekimliği,Diş Hekimliği
392,162,Patoloji,Fen > Tıp > Patoloji,Fen,True,Fen,Tıp,Patoloji
393,117,"Kulak, Burun, Boğaz","Fen > Tıp > Kulak, Burun, Boğaz",Fen,True,Fen,Tıp,"Kulak, Burun, Boğaz"
393,153,Onkoloji,Fen > Tıp > Onkoloji,Fen,True,Fen,Tıp,Onkoloji
393,162,Patoloji,Fen > Tıp > Patoloji,Fen,True,Fen,Tıp,Patoloji
394,162,Patoloji,Fen > Tıp > Patoloji,Fen,True,Fen,Tıp,Patoloji
395,41,Cerrahi,Fen > Tıp > Cerrahi,Fen,True,Fen,Tıp,Cerrahi
395,153,Onkoloji,Fen > Tıp > Onkoloji,Fen,True,Fen,Tıp,Onkoloji
395,162,Patoloji,Fen > Tıp > Patoloji,Fen,True,Fen,Tıp,Patoloji
395,168,"Radyoloji, Nükleer Tıp, Tıbbi Görüntüleme","Fen > Tıp > Radyoloji, Nükleer Tıp, Tıbbi Görüntüleme",Fen,True,Fen,Tıp,"Radyoloji, Nükleer Tıp, Tıbbi Görüntüleme"
396,16,Anatomi ve Morfoloji,Fen > Tıp > Anatomi ve Morfoloji,Fen,True,Fen,Tıp,Anatomi ve Morfoloji
396,17,Androloji,Fen > Tıp > Androloji,Fen,True,Fen,Tıp,Androloji
396,162,Patoloji,Fen > Tıp > Patoloji,Fen,True,Fen,Tıp,Patoloji
398,13,Aile Çalışmaları,Sosyal > Sosyal > Aile Çalışmaları,Sosyal,True,Sosyal,Sosyal,Aile Çalışmaları
398,167,Psikoloji,Sosyal > Sosyal > Psikoloji,Sosyal,True,Sosyal,Sosyal,Psikoloji
398,178,Sosyal Çalışma,Sosyal > Sosyal > Sosyal Çalışma,Sosyal,True,Sosyal,Sosyal,Sosyal Çalışma
399,132,Matematik,Fen > Temel Bilimler > Matematik,Fen,True,Fen,Temel Bilimler,Matematik
399,55,"Eğitim, Eğitim Araştırmaları","Sosyal > Sosyal > Eğitim, Eğitim Araştırmaları",Sosyal,True,Sosyal,Sosyal,"Eğitim, Eğitim Araştırmaları"
399,167,Psikoloji,Sosyal > Sosyal > Psikoloji,Sosyal,True,Sosyal,Sosyal,Psikoloji
401,167,Psikoloji,Sosyal > Sosyal > Psikoloji,Sosyal,True,Sosyal,Sosyal,Psikoloji
401,176,Siyasi Bilimler,Sosyal > Sosyal > Siyasi Bilimler,Sosyal,True,Sosyal,Sosyal,Siyasi Bilimler
404,32,"Bilgisayar Bilimleri, Yapay Zeka","Fen > Mühendislik > Bilgisayar Bilimleri, Yapay Zeka",Fen,True,Fen,Mühendislik,"Bilgisayar Bilimleri, Yapay Zeka"
404,55,"Eğitim, Eğitim Araştırmaları","Sosyal > Sosyal > Eğitim, Eğitim Araştırmaları",Sosyal,True,Sosyal,Sosyal,"Eğitim, Eğitim Araştırmaları"
404,167,Psikoloji,Sosyal > Sosyal > Psikoloji,Sosyal,True,Sosyal,Sosyal,Psikoloji
405,181,Spor Bilimleri,Fen > Tıp > Spor Bilimleri,Fen,True,Fen,Tıp,Spor Bilimleri
405,167,Psikoloji,Sosyal > Sosyal > Psikoloji,Sosyal,True,Sosyal,Sosyal,Psikoloji
406,181,Spor Bilimleri,Fen > Tıp > Spor Bilimleri,Fen,True,Fen,Tıp,Spor Bilimleri
406,147,Müzik,Sosyal > Sosyal > Müzik,Sosyal,True,Sosyal,Sosyal,Müzik
406,167,Psikoloji,Sosyal > Sosyal > Psikoloji,Sosyal,True,Sosyal,Sosyal,Psikoloji
407,183,Tamamlayıcı ve Entegre Tıp,Fen > Tıp > Tamamlayıcı ve Entegre Tıp,Fen,True,Fen,Tıp,Tamamlayıcı ve Entegre Tıp
407,191,Tıbbi Araştırmalar Deneysel,Fen > Tıp > Tıbbi Araştırmalar Deneysel,Fen,True,Fen,Tıp,Tıbbi Araştırmalar Deneysel
408,169,Rehabilitasyon,Fen > Tıp > Rehabilitasyon,Fen,True,Fen,Tıp,Rehabilitasyon
408,191,Tıbbi Araştırmalar Deneysel,Fen > Tıp > Tıbbi Araştırmalar Deneysel,Fen,True,Fen,Tıp,Tıbbi Araştırmalar Deneysel
409,196,Toksikoloji,Fen > Eczacılık > Toksikoloji,Fen,True,Fen,Eczacılık,Toksikoloji
409,96,İmmünoloji,Fen > Tıp > İmmünoloji,Fen,True,Fen,Tıp,İmmünoloji
409,191,Tıbbi Araştırmalar Deneysel,Fen > Tıp > Tıbbi Araştırmalar Deneysel,Fen,True,Fen,Tıp,Tıbbi Araştırmalar Deneysel
410,85,Göz Hastalıkları,Fen > Tıp > Göz Hastalıkları,Fen,True,Fen,Tıp,Göz Hastalıkları
410,191,Tıbbi Araştırmalar Deneysel,Fen > Tıp > Tıbbi Araştırmalar Deneysel,Fen,True,Fen,Tıp,Tıbbi Araştırmalar Deneysel
411,58,Endokrinoloji ve Metabolizma,Fen > Tıp > Endokrinoloji ve Metabolizma,Fen,True,Fen,Tıp,Endokrinoloji ve Metabolizma
411,191,Tıbbi Araştırmalar Deneysel,Fen > Tıp > Tıbbi Araştırmalar Deneysel,Fen,True,Fen,Tıp,Tıbbi Araştırmalar Deneysel
412,106,Kadın Hastalıkları ve Doğum,Fen > Tıp > Kadın Hastalıkları ve Doğum,Fen,True,Fen,Tıp,Kadın Hastalıkları ve Doğum
412,191,Tıbbi Araştırmalar Deneysel,Fen > Tıp > Tıbbi Araştırmalar Deneysel,Fen,True,Fen,Tıp,Tıbbi Araştırmalar Deneysel
413,191,Tıbbi Araştırmalar Deneysel,Fen > Tıp > Tıbbi Araştırmalar Deneysel,Fen,True,Fen,Tıp,Tıbbi Araştırmalar Deneysel
414,177,Solunum Sistemi,Fen > Tıp > Solunum Sistemi,Fen,True,Fen,Tıp,Solunum Sistemi
414,191,Tıbbi Araştırmalar Deneysel,Fen > Tıp > Tıbbi Araştırmalar Deneysel,Fen,True,Fen,Tıp,Tıbbi Araştırmalar Deneysel
415,41,Cerrahi,Fen > Tıp > Cerrahi,Fen,True,Fen,Tıp,Cerrahi
415,79,Gastroenteroloji ve Hepatoloji,Fen > Tıp > Gastroenteroloji ve Hepatoloji,Fen,True,Fen,Tıp,Gastroenteroloji ve Hepatoloji
415,153,Onkoloji,Fen > Tıp > Onkoloji,Fen,True,Fen,Tıp,Onkoloji
415,191,Tıbbi Araştırmalar Deneysel,Fen > Tıp > Tıbbi Araştırmalar Deneysel,Fen,True,Fen,Tıp,Tıbbi Araştırmalar Deneysel
416,66,Farmakoloji ve Eczacılık,Fen > Eczacılık > Farmakoloji ve Eczacılık,Fen,True,Fen,Eczacılık,Farmakoloji ve Eczacılık
416,149,Nörolojik Bilimler,Fen > Tıp > Nörolojik Bilimler,Fen,True,Fen,Tıp,Nörolojik Bilimler
416,191,Tıbbi Araştırmalar Deneysel,Fen > Tıp > Tıbbi Araştırmalar Deneysel,Fen,True,Fen,Tıp,Tıbbi Araştırmalar Deneysel
417,181,Spor Bilimleri,Fen > Tıp > Spor Bilimleri,Fen,True,Fen,Tıp,Spor Bilimleri
417,90,Hukuk,Sosyal > Sosyal > Hukuk,Sosyal,True,Sosyal,Sosyal,Hukuk
417,102,İşletme Finans,Sosyal > Sosyal > İşletme Finans,Sosyal,True,Sosyal,Sosyal,İşletme Finans
418,90,Hukuk,Sosyal > Sosyal > Hukuk,Sosyal,True,Sosyal,Sosyal,Hukuk
419,90,Hukuk,Sosyal > Sosyal > Hukuk,Sosyal,True,Sosyal,Sosyal,Hukuk
420,27,"Bilgi, Belge Yönetimi","Sosyal > Sosyal > Bilgi, Belge Yönetimi",Sosyal,True,Sosyal,Sosyal,"Bilgi, Belge Yönetimi"
420,90,Hukuk,Sosyal > Sosyal > Hukuk,Sosyal,True,Sosyal,Sosyal,Hukuk
421,90,Hukuk,Sosyal > Sosyal > Hukuk,Sosyal,True,Sosyal,Sosyal,Hukuk
423,90,Hukuk,Sosyal > Sosyal > Hukuk,Sosyal,True,Sosyal,Sosyal,Hukuk
424,90,Hukuk,Sosyal > Sosyal > Hukuk,Sosyal,True,Sosyal,Sosyal,Hukuk
425,90,Hukuk,Sosyal > Sosyal > Hukuk,Sosyal,True,Sosyal,Sosyal,Hukuk
425,116,Kriminoloji ve Ceza Bilimi,Sosyal > Sosyal > Kriminoloji ve Ceza Bilimi,Sosyal,True,Sosyal,Sosyal,Kriminoloji ve Ceza Bilimi
426,90,Hukuk,Sosyal > Sosyal > Hukuk,Sosyal,True,Sosyal,Sosyal,Hukuk
428,37,Biyokimya ve Moleküler Biyoloji,Fen > Tıp > Biyokimya ve Moleküler Biyoloji,Fen,True,Fen,Tıp,Biyokimya ve Moleküler Biyoloji
428,106,Kadın Hastalıkları ve Doğum,Fen > Tıp > Kadın Hastalıkları ve Doğum,Fen,True,Fen,Tıp,Kadın Hastalıkları ve Doğum
428,153,Onkoloji,Fen > Tıp > Onkoloji,Fen,True,Fen,Tıp,Onkoloji
429,37,Biyokimya ve Moleküler Biyoloji,Fen > Tıp > Biyokimya ve Moleküler Biyoloji,Fen,True,Fen,Tıp,Biyokimya ve Moleküler Biyoloji
429,91,Hücre Biyolojisi,Fen > Tıp > Hücre Biyolojisi,Fen,True,Fen,Tıp,Hücre Biyolojisi
429,153,Onkoloji,Fen > Tıp > Onkoloji,Fen,True,Fen,Tıp,Onkoloji
430,66,Farmakoloji ve Eczacılık,Fen > Eczacılık > Farmakoloji ve Eczacılık,Fen,True,Fen,Eczacılık,Farmakoloji ve Eczacılık
430,149,Nörolojik Bilimler,Fen > Tıp > Nörolojik Bilimler,Fen,True,Fen,Tıp,Nörolojik Bilimler
430,153,Onkoloji,Fen > Tıp > Onkoloji,Fen,True,Fen,Tıp,Onkoloji
431,153,Onkoloji,Fen > Tıp > Onkoloji,Fen,True,Fen,Tıp,Onkoloji
431,177,Solunum Sistemi,Fen > Tıp > Solunum Sistemi,Fen,True,Fen,Tıp,Solunum Sistemi
432,81,Genetik ve Kalıtım,Fen > Temel Bilimler > Genetik ve Kalıtım,Fen,True,Fen,Temel Bilimler,Genetik ve Kalıtım
432,79,Gastroenteroloji ve Hepatoloji,Fen > Tıp > Gastroenteroloji ve Hepatoloji,Fen,True,Fen,Tıp,Gastroenteroloji ve Hepatoloji
432,153,Onkoloji,Fen > Tıp > Onkoloji,Fen,True,Fen,Tıp,Onkoloji
433,153,Onkoloji,Fen > Tıp > Onkoloji,Fen,True,Fen,Tıp,Onkoloji
433,163,Pediatri,Fen > Tıp > Pediatri,Fen,True,Fen,Tıp,Pediatri
433,89,Hemşirelik,Sosyal > Sosyal > Hemşirelik,Sosyal,True,Sosyal,Sosyal,Hemşirelik
434,87,Halk ve Çevre Sağlığı,Fen > Tıp > Halk ve Çevre Sağlığı,Fen,True,Fen,Tıp,Halk ve Çevre Sağlığı
434,106,Kadın Hastalıkları ve Doğum,Fen > Tıp > Kadın Hastalıkları ve Doğum,Fen,True,Fen,Tıp,Kadın Hastalıkları ve Doğum
434,153,Onkoloji,Fen > Tıp > Onkoloji,Fen,True,Fen,Tıp,Onkoloji
435,153,Onkoloji,Fen > Tıp > Onkoloji,Fen,True,Fen,Tıp,Onkoloji
435,25,Beslenme ve Diyetetik,Sosyal > Sosyal > Beslenme ve Diyetetik,Sosyal,True,Sosyal,Sosyal,Beslenme ve Diyetetik
436,16,Anatomi ve Morfoloji,Fen > Tıp > Anatomi ve Morfoloji,Fen,True,Fen,Tıp,Anatomi ve Morfoloji
436,85,Göz Hastalıkları,Fen > Tıp > Göz Hastalıkları,Fen,True,Fen,Tıp,Göz Hastalıkları
436,153,Onkoloji,Fen > Tıp > Onkoloji,Fen,True,Fen,Tıp,Onkoloji
437,58,Endokrinoloji ve Metabolizma,Fen > Tıp > Endokrinoloji ve Metabolizma,Fen,True,Fen,Tıp,Endokrinoloji ve Metabolizma
437,172,Sağlık Bilimleri ve Hizmetleri,Fen > Tıp > Sağlık Bilimleri ve Hizmetleri,Fen,True,Fen,Tıp,Sağlık Bilimleri ve Hizmetleri
438,172,Sağlık Bilimleri ve Hizmetleri,Fen > Tıp > Sağlık Bilimleri ve Hizmetleri,Fen,True,Fen,Tıp,Sağlık Bilimleri ve Hizmetleri
438,173,Sağlık Politikaları ve Hizmetleri,Sosyal > Sosyal > Sağlık Politikaları ve Hizmetleri,Sosyal,True,Sosyal,Sosyal,Sağlık Politikaları ve Hizmetleri
439,87,Halk ve Çevre Sağlığı,Fen > Tıp > Halk ve Çevre Sağlığı,Fen,True,Fen,Tıp,Halk ve Çevre Sağlığı
439,172,Sağlık Bilimleri ve Hizmetleri,Fen > Tıp > Sağlık Bilimleri ve Hizmetleri,Fen,True,Fen,Tıp,Sağlık Bilimleri ve Hizmetleri
440,172,Sağlık Bilimleri ve Hizmetleri,Fen > Tıp > Sağlık Bilimleri ve Hizmetleri,Fen,True,Fen,Tıp,Sağlık Bilimleri ve Hizmetleri
440,167,Psikoloji,Sosyal > Sosyal > Psikoloji,Sosyal,True,Sosyal,Sosyal,Psikoloji
441,172,Sağlık Bilimleri ve Hizmetleri,Fen > Tıp > Sağlık Bilimleri ve Hizmetleri,Fen,True,Fen,Tıp,Sağlık Bilimleri ve Hizmetleri
441,105,Kadın Araştırmaları,Sosyal > Sosyal > Kadın Araştırmaları,Sosyal,True,Sosyal,Sosyal,Kadın Araştırmaları
441,179,Sosyoloji,Sosyal > Sosyal > Sosyoloji,Sosyal,True,Sosyal,Sosyal,Sosyoloji
442,82,Geriatri ve Gerontoloji,Fen > Tıp > Geriatri ve Gerontoloji,Fen,True,Fen,Tıp,Geriatri ve Gerontoloji
442,172,Sağlık Bilimleri ve Hizmetleri,Fen > Tıp > Sağlık Bilimleri ve Hizmetleri,Fen,True,Fen,Tıp,Sağlık Bilimleri ve Hizmetleri
442,89,Hemşirelik,Sosyal > Sosyal > Hemşirelik,Sosyal,True,Sosyal,Sosyal,Hemşirelik
443,82,Geriatri ve Gerontoloji,Fen > Tıp > Geriatri ve Gerontoloji,Fen,True,Fen,Tıp,Geriatri ve Gerontoloji
443,172,Sağlık Bilimleri ve Hizmetleri,Fen > Tıp > Sağlık Bilimleri ve Hizmetleri,Fen,True,Fen,Tıp,Sağlık Bilimleri ve Hizmetleri
443,89,Hemşirelik,Sosyal > Sosyal > Hemşirelik,Sosyal,True,Sosyal,Sosyal,Hemşirelik
444,82,Geriatri ve Gerontoloji,Fen > Tıp > Geriatri ve Gerontoloji,Fen,True,Fen,Tıp,Geriatri ve Gerontoloji
444,172,Sağlık Bilimleri ve Hizmetleri,Fen > Tıp > Sağlık Bilimleri ve Hizmetleri,Fen,True,Fen,Tıp,Sağlık Bilimleri ve Hizmetleri
445,87,Halk ve Çevre Sağlığı,Fen > Tıp > Halk ve Çevre Sağlığı,Fen,True,Fen,Tıp,Halk ve Çevre Sağlığı
445,106,Kadın Hastalıkları ve Doğum,Fen > Tıp > Kadın Hastalıkları ve Doğum,Fen,True,Fen,Tıp,Kadın Hastalıkları ve Doğum
445,172,Sağlık Bilimleri ve Hizmetleri,Fen > Tıp > Sağlık Bilimleri ve Hizmetleri,Fen,True,Fen,Tıp,Sağlık Bilimleri ve Hizmetleri
446,87,Halk ve Çevre Sağlığı,Fen > Tıp > Halk ve Çevre Sağlığı,Fen,True,Fen,Tıp,Halk ve Çevre Sağlığı
446,172,Sağlık Bilimleri ve Hizmetleri,Fen > Tıp > Sağlık Bilimleri ve Hizmetleri,Fen,True,Fen,Tıp,Sağlık Bilimleri ve Hizmetleri
446,89,Hemşirelik,Sosyal > Sosyal > Hemşirelik,Sosyal,True,Sosyal,Sosyal,Hemşirelik
447,88,Hematoloji,Fen > Tıp > Hematoloji,Fen,True,Fen,Tıp,Hematoloji
447,107,Kalp ve Kalp Damar Sistemi,Fen > Tıp > Kalp ve Kalp Damar Sistemi,Fen,True,Fen,Tıp,Kalp ve Kalp Damar Sistemi
448,107,Kalp ve Kalp Damar Sistemi,Fen > Tıp > Kalp ve Kalp Damar Sistemi,Fen,True,Fen,Tıp,Kalp ve Kalp Damar Sistemi
449,107,Kalp ve Kalp Damar Sistemi,Fen > Tıp > Kalp ve Kalp Damar Sistemi,Fen,True,Fen,Tıp,Kalp ve Kalp Damar Sistemi
450,58,Endokrinoloji ve Metabolizma,Fen > Tıp > Endokrinoloji ve Metabolizma,Fen,True,Fen,Tıp,Endokrinoloji ve Metabolizma
450,79,Gastroenteroloji ve Hepatoloji,Fen > Tıp > Gastroenteroloji ve Hepatoloji,Fen,True,Fen,Tıp,Gastroenteroloji ve Hepatoloji
450,107,Kalp ve Kalp Damar Sistemi,Fen > Tıp > Kalp ve Kalp Damar Sistemi,Fen,True,Fen,Tıp,Kalp ve Kalp Damar Sistemi
451,107,Kalp ve Kalp Damar Sistemi,Fen > Tıp > Kalp ve Kalp Damar Sistemi,Fen,True,Fen,Tıp,Kalp ve Kalp Damar Sistemi
451,89,Hemşirelik,Sosyal > Sosyal > Hemşirelik,Sosyal,True,Sosyal,Sosyal,Hemşirelik
452,107,Kalp ve Kalp Damar Sistemi,Fen > Tıp > Kalp ve Kalp Damar Sistemi,Fen,True,Fen,Tıp,Kalp ve Kalp Damar Sistemi
452,89,Hemşirelik,Sosyal > Sosyal > Hemşirelik,Sosyal,True,Sosyal,Sosyal,Hemşirelik
453,11,Acil Tıp,Fen > Tıp > Acil Tıp,Fen,True,Fen,Tıp,Acil Tıp
453,107,Kalp ve Kalp Damar Sistemi,Fen > Tıp > Kalp ve Kalp Damar Sistemi,Fen,True,Fen,Tıp,Kalp ve Kalp Damar Sistemi
454,41,Cerrahi,Fen > Tıp > Cerrahi,Fen,True,Fen,Tıp,Cerrahi
454,107,Kalp ve Kalp Damar Sistemi,Fen > Tıp > Kalp ve Kalp Damar Sistemi,Fen,True,Fen,Tıp,Kalp ve Kalp Damar Sistemi
454,164,Periferik Damar Hastalıkları,Fen > Tıp > Periferik Damar Hastalıkları,Fen,True,Fen,Tıp,Periferik Damar Hastalıkları
455,107,Kalp ve Kalp Damar Sistemi,Fen > Tıp > Kalp ve Kalp Damar Sistemi,Fen,True,Fen,Tıp,Kalp ve Kalp Damar Sistemi
455,164,Periferik Damar Hastalıkları,Fen > Tıp > Periferik Damar Hastalıkları,Fen,True,Fen,Tıp,Periferik Damar Hastalıkları
456,41,Cerrahi,Fen > Tıp > Cerrahi,Fen,True,Fen,Tıp,Cerrahi
456,107,Kalp ve Kalp Damar Sistemi,Fen > Tıp > Kalp ve Kalp Damar Sistemi,Fen,True,Fen,Tıp,Kalp ve Kalp Damar Sistemi
457,41,Cerrahi,Fen > Tıp > Cerrahi,Fen,True,Fen,Tıp,Cerrahi
458,41,Cerrahi,Fen > Tıp > Cerrahi,Fen,True,Fen,Tıp,Cerrahi
458,135,Mikrobiyoloji,Fen > Tıp > Mikrobiyoloji,Fen,True,Fen,Tıp,Mikrobiyoloji
459,41,Cerrahi,Fen > Tıp > Cerrahi,Fen,True,Fen,Tıp,Cerrahi
460,52,Diş Hekimliği,Fen > Diş Hekimliği > Diş Hekimliği,Fen,True,Fen,Diş Hekimliği,Diş Hekimliği
460,18,Anestezi,Fen > Tıp > Anestezi,Fen,True,Fen,Tıp,Anestezi
460,41,Cerrahi,Fen > Tıp > Cerrahi,Fen,True,Fen,Tıp,Cerrahi
461,41,Cerrahi,Fen > Tıp > Cerrahi,Fen,True,Fen,Tıp,Cerrahi
462,16,Anatomi ve Morfoloji,Fen > Tıp > Anatomi ve Morfoloji,Fen,True,Fen,Tıp,Anatomi ve Morfoloji
462,41,Cerrahi,Fen > Tıp > Cerrahi,Fen,True,Fen,Tıp,Cerrahi
462,117,"Kulak, Burun, Boğaz","Fen > Tıp > Kulak, Burun, Boğaz",Fen,True,Fen,Tıp,"Kulak, Burun, Boğaz"
463,41,Cerrahi,Fen > Tıp > Cerrahi,Fen,True,Fen,Tıp,Cerrahi
463,204,"Yoğun Bakım, Tıp","Fen > Tıp > Yoğun Bakım, Tıp",Fen,True,Fen,Tıp,"Yoğun Bakım, Tıp"
464,41,Cerrahi,Fen > Tıp > Cerrahi,Fen,True,Fen,Tıp,Cerrahi
464,106,Kadın Hastalıkları ve Doğum,Fen > Tıp > Kadın Hastalıkları ve Doğum,Fen,True,Fen,Tıp,Kadın Hastalıkları ve Doğum
464,153,Onkoloji,Fen > Tıp > Onkoloji,Fen,True,Fen,Tıp,Onkoloji
465,41,Cerrahi,Fen > Tıp > Cerrahi,Fen,True,Fen,Tıp,Cerrahi
465,153,Onkoloji,Fen > Tıp > Onkoloji,Fen,True,Fen,Tıp,Onkoloji
466,41,Cerrahi,Fen > Tıp > Cerrahi,Fen,True,Fen,Tıp,Cerrahi
466,157,Ortopedi,Fen > Tıp > Ortopedi,Fen,True,Fen,Tıp,Ortopedi
466,177,Solunum Sistemi,Fen > Tıp > Solunum Sistemi,Fen,True,Fen,Tıp,Solunum Sistemi
469,61,Enfeksiyon Hastalıkları,Fen > Tıp > Enfeksiyon Hastalıkları,Fen,True,Fen,Tıp,Enfeksiyon Hastalıkları
469,135,Mikrobiyoloji,Fen > Tıp > Mikrobiyoloji,Fen,True,Fen,Tıp,Mikrobiyoloji
470,136,Mikroskopi,Fen > Temel Bilimler > Mikroskopi,Fen,True,Fen,Temel Bilimler,Mikroskopi
470,135,Mikrobiyoloji,Fen > Tıp > Mikrobiyoloji,Fen,True,Fen,Tıp,Mikrobiyoloji
471,135,Mikrobiyoloji,Fen > Tıp > Mikrobiyoloji,Fen,True,Fen,Tıp,Mikrobiyoloji
471,183,Tamamlayıcı ve Entegre Tıp,Fen > Tıp > Tamamlayıcı ve Entegre Tıp,Fen,True,Fen,Tıp,Tamamlayıcı ve Entegre Tıp
473,24,Balıkçılık,Fen > Temel Bilimler > Balıkçılık,Fen,True,Fen,Temel Bilimler,Balıkçılık
473,202,Viroloji,Fen > Temel Bilimler > Viroloji,Fen,True,Fen,Temel Bilimler,Viroloji
473,135,Mikrobiyoloji,Fen > Tıp > Mikrobiyoloji,Fen,True,Fen,Tıp,Mikrobiyoloji
474,130,Mantar Bilimi,Fen > Temel Bilimler > Mantar Bilimi,Fen,True,Fen,Temel Bilimler,Mantar Bilimi
474,135,Mikrobiyoloji,Fen > Tıp > Mikrobiyoloji,Fen,True,Fen,Tıp,Mikrobiyoloji
474,35,Bitki Bilimleri,Fen > Ziraat > Bitki Bilimleri,Fen,True,Fen,Ziraat,Bitki Bilimleri
475,135,Mikrobiyoloji,Fen > Tıp > Mikrobiyoloji,Fen,True,Fen,Tıp,Mikrobiyoloji
476,61,Enfeksiyon Hastalıkları,Fen > Tıp > Enfeksiyon Hastalıkları,Fen,True,Fen,Tıp,Enfeksiyon Hastalıkları
476,135,Mikrobiyoloji,Fen > Tıp > Mikrobiyoloji,Fen,True,Fen,Tıp,Mikrobiyoloji
477,53,Edebi Teori ve Eleştiri,Sosyal > Sosyal > Edebi Teori ve Eleştiri,Sosyal,True,Sosyal,Sosyal,Edebi Teori ve Eleştiri
477,54,Edebiyat,Sosyal > Sosyal > Edebiyat,Sosyal,True,Sosyal,Sosyal,Edebiyat
478,54,Edebiyat,Sosyal > Sosyal > Edebiyat,Sosyal,True,Sosyal,Sosyal,Edebiyat
478,78,Folklor,Sosyal > Sosyal > Folklor,Sosyal,True,Sosyal,Sosyal,Folklor
479,54,Edebiyat,Sosyal > Sosyal > Edebiyat,Sosyal,True,Sosyal,Sosyal,Edebiyat
479,78,Folklor,Sosyal > Sosyal > Folklor,Sosyal,True,Sosyal,Sosyal,Folklor
480,54,Edebiyat,Sosyal > Sosyal > Edebiyat,Sosyal,True,Sosyal,Sosyal,Edebiyat
480,119,Kültürel Çalışmalar,Sosyal > Sosyal > Kültürel Çalışmalar,Sosyal,True,Sosyal,Sosyal,Kültürel Çalışmalar
480,147,Müzik,Sosyal > Sosyal > Müzik,Sosyal,True,Sosyal,Sosyal,Müzik
481,19,Antropoloji,Sosyal > Sosyal > Antropoloji,Sosyal,True,Sosyal,Sosyal,Antropoloji
481,54,Edebiyat,Sosyal > Sosyal > Edebiyat,Sosyal,True,Sosyal,Sosyal,Edebiyat
481,176,Siyasi Bilimler,Sosyal > Sosyal > Siyasi Bilimler,Sosyal,True,Sosyal,Sosyal,Siyasi Bilimler
482,54,Edebiyat,Sosyal > Sosyal > Edebiyat,Sosyal,True,Sosyal,Sosyal,Edebiyat
482,105,Kadın Araştırmaları,Sosyal > Sosyal > Kadın Araştırmaları,Sosyal,True,Sosyal,Sosyal,Kadın Araştırmaları
483,51,Din Bilimi,Sosyal > Sosyal > Din Bilimi,Sosyal,True,Sosyal,Sosyal,Din Bilimi
483,54,Edebiyat,Sosyal > Sosyal > Edebiyat,Sosyal,True,Sosyal,Sosyal,Edebiyat
483,147,Müzik,Sosyal > Sosyal > Müzik,Sosyal,True,Sosyal,Sosyal,Müzik
484,53,Edebi Teori ve Eleştiri,Sosyal > Sosyal > Edebi Teori ve Eleştiri,Sosyal,True,Sosyal,Sosyal,Edebi Teori ve Eleştiri
484,54,Edebiyat,Sosyal > Sosyal > Edebiyat,Sosyal,True,Sosyal,Sosyal,Edebiyat
484,167,Psikoloji,Sosyal > Sosyal > Psikoloji,Sosyal,True,Sosyal,Sosyal,Psikoloji
485,51,Din Bilimi,Sosyal > Sosyal > Din Bilimi,Sosyal,True,Sosyal,Sosyal,Din Bilimi
485,54,Edebiyat,Sosyal > Sosyal > Edebiyat,Sosyal,True,Sosyal,Sosyal,Edebiyat
485,78,Folklor,Sosyal > Sosyal > Folklor,Sosyal,True,Sosyal,Sosyal,Folklor
486,53,Edebi Teori ve Eleştiri,Sosyal > Sosyal > Edebi Teori ve Eleştiri,Sosyal,True,Sosyal,Sosyal,Edebi Teori ve Eleştiri
486,54,Edebiyat,Sosyal > Sosyal > Edebiyat,Sosyal,True,Sosyal,Sosyal,Edebiyat
487,58,Endokrinoloji ve Metabolizma,Fen > Tıp > Endokrinoloji ve Metabolizma,Fen,True,Fen,Tıp,Endokrinoloji ve Metabolizma
487,163,Pediatri,Fen > Tıp > Pediatri,Fen,True,Fen,Tıp,Pediatri
488,163,Pediatri,Fen > Tıp > Pediatri,Fen,True,Fen,Tıp,Pediatri
488,166,Psikiyatri,Fen > Tıp > Psikiyatri,Fen,True,Fen,Tıp,Psikiyatri
489,163,Pediatri,Fen > Tıp > Pediatri,Fen,True,Fen,Tıp,Pediatri
489,171,Romatoloji,Fen > Tıp > Romatoloji,Fen,True,Fen,Tıp,Romatoloji
490,163,Pediatri,Fen > Tıp > Pediatri,Fen,True,Fen,Tıp,Pediatri
491,163,Pediatri,Fen > Tıp > Pediatri,Fen,True,Fen,Tıp,Pediatri
491,172,Sağlık Bilimleri ve Hizmetleri,Fen > Tıp > Sağlık Bilimleri ve Hizmetleri,Fen,True,Fen,Tıp,Sağlık Bilimleri ve Hizmetleri
491,13,Aile Çalışmaları,Sosyal > Sosyal > Aile Çalışmaları,Sosyal,True,Sosyal,Sosyal,Aile Çalışmaları
492,163,Pediatri,Fen > Tıp > Pediatri,Fen,True,Fen,Tıp,Pediatri
492,172,Sağlık Bilimleri ve Hizmetleri,Fen > Tıp > Sağlık Bilimleri ve Hizmetleri,Fen,True,Fen,Tıp,Sağlık Bilimleri ve Hizmetleri
494,163,Pediatri,Fen > Tıp > Pediatri,Fen,True,Fen,Tıp,Pediatri
494,25,Beslenme ve Diyetetik,Sosyal > Sosyal > Beslenme ve Diyetetik,Sosyal,True,Sosyal,Sosyal,Beslenme ve Diyetetik
495,202,Viroloji,Fen > Temel Bilimler > Viroloji,Fen,True,Fen,Temel Bilimler,Viroloji
495,61,Enfeksiyon Hastalıkları,Fen > Tıp > Enfeksiyon Hastalıkları,Fen,True,Fen,Tıp,Enfeksiyon Hastalıkları
495,149,Nörolojik Bilimler,Fen > Tıp > Nörolojik Bilimler,Fen,True,Fen,Tıp,Nörolojik Bilimler
495,163,Pediatri,Fen > Tıp > Pediatri,Fen,True,Fen,Tıp,Pediatri
496,32,"Bilgisayar Bilimleri, Yapay Zeka","Fen > Mühendislik > Bilgisayar Bilimleri, Yapay Zeka",Fen,True,Fen,Mühendislik,"Bilgisayar Bilimleri, Yapay Zeka"
496,106,Kadın Hastalıkları ve Doğum,Fen > Tıp > Kadın Hastalıkları ve Doğum,Fen,True,Fen,Tıp,Kadın Hastalıkları ve Doğum
496,163,Pediatri,Fen > Tıp > Pediatri,Fen,True,Fen,Tıp,Pediatri
496,168,"Radyoloji, Nükleer Tıp, Tıbbi Görüntüleme","Fen > Tıp > Radyoloji, Nükleer Tıp, Tıbbi Görüntüleme",Fen,True,Fen,Tıp,"Radyoloji, Nükleer Tıp, Tıbbi Görüntüleme"
499,94,İletişim,Sosyal > Sosyal > İletişim,Sosyal,True,Sosyal,Sosyal,İletişim
499,173,Sağlık Politikaları ve Hizmetleri,Sosyal > Sosyal > Sağlık Politikaları ve Hizmetleri,Sosyal,True,Sosyal,Sosyal,Sağlık Politikaları ve Hizmetleri
500,172,Sağlık Bilimleri ve Hizmetleri,Fen > Tıp > Sağlık Bilimleri ve Hizmetleri,Fen,True,Fen,Tıp,Sağlık Bilimleri ve Hizmetleri
500,173,Sağlık Politikaları ve Hizmetleri,Sosyal > Sosyal > Sağlık Politikaları ve Hizmetleri,Sosyal,True,Sosyal,Sosyal,Sağlık Politikaları ve Hizmetleri
501,200,Üroloji ve Nefroloji,Fen > Tıp > Üroloji ve Nefroloji,Fen,True,Fen,Tıp,Üroloji ve Nefroloji
501,44,Çevre Çalışmaları,Sosyal > Sosyal > Çevre Çalışmaları,Sosyal,True,Sosyal,Sosyal,Çevre Çalışmaları
501,173,Sağlık Politikaları ve Hizmetleri,Sosyal > Sosyal > Sağlık Politikaları ve Hizmetleri,Sosyal,True,Sosyal,Sosyal,Sağlık Politikaları ve Hizmetleri
502,193,Tıbbi İnformatik,Fen > Tıp > Tıbbi İnformatik,Fen,True,Fen,Tıp,Tıbbi İnformatik
502,108,Kamu Yönetimi,Sosyal > Sosyal > Kamu Yönetimi,Sosyal,True,Sosyal,Sosyal,Kamu Yönetimi
502,173,Sağlık Politikaları ve Hizmetleri,Sosyal > Sosyal > Sağlık Politikaları ve Hizmetleri,Sosyal,True,Sosyal,Sosyal,Sağlık Politikaları ve Hizmetleri
503,89,Hemşirelik,Sosyal > Sosyal > Hemşirelik,Sosyal,True,Sosyal,Sosyal,Hemşirelik
503,173,Sağlık Politikaları ve Hizmetleri,Sosyal > Sosyal > Sağlık Politikaları ve Hizmetleri,Sosyal,True,Sosyal,Sosyal,Sağlık Politikaları ve Hizmetleri
504,32,"Bilgisayar Bilimleri, Yapay Zeka","Fen > Mühendislik > Bilgisayar Bilimleri, Yapay Zeka",Fen,True,Fen,Mühendislik,"Bilgisayar Bilimleri, Yapay Zeka"
504,173,Sağlık Politikaları ve Hizmetleri,Sosyal > Sosyal > Sağlık Politikaları ve Hizmetleri,Sosyal,True,Sosyal,Sosyal,Sağlık Politikaları ve Hizmetleri
505,13,Aile Çalışmaları,Sosyal > Sosyal > Aile Çalışmaları,Sosyal,True,Sosyal,Sosyal,Aile Çalışmaları
505,167,Psikoloji,Sosyal > Sosyal > Psikoloji,Sosyal,True,Sosyal,Sosyal,Psikoloji
505,173,Sağlık Politikaları ve Hizmetleri,Sosyal > Sosyal > Sağlık Politikaları ve Hizmetleri,Sosyal,True,Sosyal,Sosyal,Sağlık Politikaları ve Hizmetleri
506,93,İktisat,Sosyal > Sosyal > İktisat,Sosyal,True,Sosyal,Sosyal,İktisat
506,173,Sağlık Politikaları ve Hizmetleri,Sosyal > Sosyal > Sağlık Politikaları ve Hizmetleri,Sosyal,True,Sosyal,Sosyal,Sağlık Politikaları ve Hizmetleri
507,94,İletişim,Sosyal > Sosyal > İletişim,Sosyal,True,Sosyal,Sosyal,İletişim
507,176,Siyasi Bilimler,Sosyal > Sosyal > Siyasi Bilimler,Sosyal,True,Sosyal,Sosyal,Siyasi Bilimler
509,176,Siyasi Bilimler,Sosyal > Sosyal > Siyasi Bilimler,Sosyal,True,Sosyal,Sosyal,Siyasi Bilimler
509,199,Uluslararası İlişkiler,Sosyal > Sosyal > Uluslararası İlişkiler,Sosyal,True,Sosyal,Sosyal,Uluslararası İlişkiler
510,108,Kamu Yönetimi,Sosyal > Sosyal > Kamu Yönetimi,Sosyal,True,Sosyal,Sosyal,Kamu Yönetimi
510,176,Siyasi Bilimler,Sosyal > Sosyal > Siyasi Bilimler,Sosyal,True,Sosyal,Sosyal,Siyasi Bilimler
511,94,İletişim,Sosyal > Sosyal > İletişim,Sosyal,True,Sosyal,Sosyal,İletişim
511,176,Siyasi Bilimler,Sosyal > Sosyal > Siyasi Bilimler,Sosyal,True,Sosyal,Sosyal,Siyasi Bilimler
512,176,Siyasi Bilimler,Sosyal > Sosyal > Siyasi Bilimler,Sosyal,True,Sosyal,Sosyal,Siyasi Bilimler
512,199,Uluslararası İlişkiler,Sosyal > Sosyal > Uluslararası İlişkiler,Sosyal,True,Sosyal,Sosyal,Uluslararası İlişkiler
513,176,Siyasi Bilimler,Sosyal > Sosyal > Siyasi Bilimler,Sosyal,True,Sosyal,Sosyal,Siyasi Bilimler
514,93,İktisat,Sosyal > Sosyal > İktisat,Sosyal,True,Sosyal,Sosyal,İktisat
514,176,Siyasi Bilimler,Sosyal > Sosyal > Siyasi Bilimler,Sosyal,True,Sosyal,Sosyal,Siyasi Bilimler
515,203,"Yeşil, Sürdürülebilir Bilim ve Teknoloji","Fen > Mühendislik > Yeşil, Sürdürülebilir Bilim ve Teknoloji",Fen,True,Fen,Mühendislik,"Yeşil, Sürdürülebilir Bilim ve Teknoloji"
515,108,Kamu Yönetimi,Sosyal > Sosyal > Kamu Yönetimi,Sosyal,True,Sosyal,Sosyal,Kamu Yönetimi
515,176,Siyasi Bilimler,Sosyal > Sosyal > Siyasi Bilimler,Sosyal,True,Sosyal,Sosyal,Siyasi Bilimler
518,106,Kadın Hastalıkları ve Doğum,Fen > Tıp > Kadın Hastalıkları ve Doğum,Fen,True,Fen,Tıp,Kadın Hastalıkları ve Doğum
518,89,Hemşirelik,Sosyal > Sosyal > Hemşirelik,Sosyal,True,Sosyal,Sosyal,Hemşirelik
519,106,Kadın Hastalıkları ve Doğum,Fen > Tıp > Kadın Hastalıkları ve Doğum,Fen,True,Fen,Tıp,Kadın Hastalıkları ve Doğum
521,106,Kadın Hastalıkları ve Doğum,Fen > Tıp > Kadın Hastalıkları ve Doğum,Fen,True,Fen,Tıp,Kadın Hastalıkları ve Doğum
521,172,Sağlık Bilimleri ve Hizmetleri,Fen > Tıp > Sağlık Bilimleri ve Hizmetleri,Fen,True,Fen,Tıp,Sağlık Bilimleri ve Hizmetleri
521,89,Hemşirelik,Sosyal > Sosyal > Hemşirelik,Sosyal,True,Sosyal,Sosyal,Hemşirelik
521,167,Psikoloji,Sosyal > Sosyal > Psikoloji,Sosyal,True,Sosyal,Sosyal,Psikoloji
522,106,Kadın Hastalıkları ve Doğum,Fen > Tıp > Kadın Hastalıkları ve Doğum,Fen,True,Fen,Tıp,Kadın Hastalıkları ve Doğum
522,172,Sağlık Bilimleri ve Hizmetleri,Fen > Tıp > Sağlık Bilimleri ve Hizmetleri,Fen,True,Fen,Tıp,Sağlık Bilimleri ve Hizmetleri
522,89,Hemşirelik,Sosyal > Sosyal > Hemşirelik,Sosyal,True,Sosyal,Sosyal,Hemşirelik
523,87,Halk ve Çevre Sağlığı,Fen > Tıp > Halk ve Çevre Sağlığı,Fen,True,Fen,Tıp,Halk ve Çevre Sağlığı
523,106,Kadın Hastalıkları ve Doğum,Fen > Tıp > Kadın Hastalıkları ve Doğum,Fen,True,Fen,Tıp,Kadın Hastalıkları ve Doğum
523,172,Sağlık Bilimleri ve Hizmetleri,Fen > Tıp > Sağlık Bilimleri ve Hizmetleri,Fen,True,Fen,Tıp,Sağlık Bilimleri ve Hizmetleri
524,106,Kadın Hastalıkları ve Doğum,Fen > Tıp > Kadın Hastalıkları ve Doğum,Fen,True,Fen,Tıp,Kadın Hastalıkları ve Doğum
524,89,Hemşirelik,Sosyal > Sosyal > Hemşirelik,Sosyal,True,Sosyal,Sosyal,Hemşirelik
524,167,Psikoloji,Sosyal > Sosyal > Psikoloji,Sosyal,True,Sosyal,Sosyal,Psikoloji
525,106,Kadın Hastalıkları ve Doğum,Fen > Tıp > Kadın Hastalıkları ve Doğum,Fen,True,Fen,Tıp,Kadın Hastalıkları ve Doğum
525,89,Hemşirelik,Sosyal > Sosyal > Hemşirelik,Sosyal,True,Sosyal,Sosyal,Hemşirelik
526,106,Kadın Hastalıkları ve Doğum,Fen > Tıp > Kadın Hastalıkları ve Doğum,Fen,True,Fen,Tıp,Kadın Hastalıkları ve Doğum
526,172,Sağlık Bilimleri ve Hizmetleri,Fen > Tıp > Sağlık Bilimleri ve Hizmetleri,Fen,True,Fen,Tıp,Sağlık Bilimleri ve Hizmetleri
526,89,Hemşirelik,Sosyal > Sosyal > Hemşirelik,Sosyal,True,Sosyal,Sosyal,Hemşirelik
528,51,Din Bilimi,Sosyal > Sosyal > Din Bilimi,Sosyal,True,Sosyal,Sosyal,Din Bilimi
528,55,"Eğitim, Eğitim Araştırmaları","Sosyal > Sosyal > Eğitim, Eğitim Araştırmaları",Sosyal,True,Sosyal,Sosyal,"Eğitim, Eğitim Araştırmaları"
529,51,Din Bilimi,Sosyal > Sosyal > Din Bilimi,Sosyal,True,Sosyal,Sosyal,Din Bilimi
529,167,Psikoloji,Sosyal > Sosyal > Psikoloji,Sosyal,True,Sosyal,Sosyal,Psikoloji
530,13,Aile Çalışmaları,Sosyal > Sosyal > Aile Çalışmaları,Sosyal,True,Sosyal,Sosyal,Aile Çalışmaları
530,51,Din Bilimi,Sosyal > Sosyal > Din Bilimi,Sosyal,True,Sosyal,Sosyal,Din Bilimi
530,56,"Eğitim, Özel","Sosyal > Sosyal > Eğitim, Özel",Sosyal,True,Sosyal,Sosyal,"Eğitim, Özel"
530,167,Psikoloji,Sosyal > Sosyal > Psikoloji,Sosyal,True,Sosyal,Sosyal,Psikoloji
531,51,Din Bilimi,Sosyal > Sosyal > Din Bilimi,Sosyal,True,Sosyal,Sosyal,Din Bilimi
531,167,Psikoloji,Sosyal > Sosyal > Psikoloji,Sosyal,True,Sosyal,Sosyal,Psikoloji
532,13,Aile Çalışmaları,Sosyal > Sosyal > Aile Çalışmaları,Sosyal,True,Sosyal,Sosyal,Aile Çalışmaları
532,51,Din Bilimi,Sosyal > Sosyal > Din Bilimi,Sosyal,True,Sosyal,Sosyal,Din Bilimi
532,167,Psikoloji,Sosyal > Sosyal > Psikoloji,Sosyal,True,Sosyal,Sosyal,Psikoloji
533,51,Din Bilimi,Sosyal > Sosyal > Din Bilimi,Sosyal,True,Sosyal,Sosyal,Din Bilimi
533,167,Psikoloji,Sosyal > Sosyal > Psikoloji,Sosyal,True,Sosyal,Sosyal,Psikoloji
534,51,Din Bilimi,Sosyal > Sosyal > Din Bilimi,Sosyal,True,Sosyal,Sosyal,Din Bilimi
534,167,Psikoloji,Sosyal > Sosyal > Psikoloji,Sosyal,True,Sosyal,Sosyal,Psikoloji
535,51,Din Bilimi,Sosyal > Sosyal > Din Bilimi,Sosyal,True,Sosyal,Sosyal,Din Bilimi
535,167,Psikoloji,Sosyal > Sosyal > Psikoloji,Sosyal,True,Sosyal,Sosyal,Psikoloji
536,51,Din Bilimi,Sosyal > Sosyal > Din Bilimi,Sosyal,True,Sosyal,Sosyal,Din Bilimi
536,90,Hukuk,Sosyal > Sosyal > Hukuk,Sosyal,True,Sosyal,Sosyal,Hukuk
536,185,Tarih,Sosyal > Sosyal > Tarih,Sosyal,True,Sosyal,Sosyal,Tarih
537,35,Bitki Bilimleri,Fen > Ziraat > Bitki Bilimleri,Fen,True,Fen,Ziraat,Bitki Bilimleri
537,205,Ziraat Mühendisliği,Fen > Ziraat > Ziraat Mühendisliği,Fen,True,Fen,Ziraat,Ziraat Mühendisliği
538,32,"Bilgisayar Bilimleri, Yapay Zeka","Fen > Mühendislik > Bilgisayar Bilimleri, Yapay Zeka",Fen,True,Fen,Mühendislik,"Bilgisayar Bilimleri, Yapay Zeka"
538,205,Ziraat Mühendisliği,Fen > Ziraat > Ziraat Mühendisliği,Fen,True,Fen,Ziraat,Ziraat Mühendisliği
539,35,Bitki Bilimleri,Fen > Ziraat > Bitki Bilimleri,Fen,True,Fen,Ziraat,Bitki Bilimleri
539,205,Ziraat Mühendisliği,Fen > Ziraat > Ziraat Mühendisliği,Fen,True,Fen,Ziraat,Ziraat Mühendisliği
540,35,Bitki Bilimleri,Fen > Ziraat > Bitki Bilimleri,Fen,True,Fen,Ziraat,Bitki Bilimleri
540,205,Ziraat Mühendisliği,Fen > Ziraat > Ziraat Mühendisliği,Fen,True,Fen,Ziraat,Ziraat Mühendisliği
541,32,"Bilgisayar Bilimleri, Yapay Zeka","Fen > Mühendislik > Bilgisayar Bilimleri, Yapay Zeka",Fen,True,Fen,Mühendislik,"Bilgisayar Bilimleri, Yapay Zeka"
541,182,Su Kaynakları,Fen > Temel Bilimler > Su Kaynakları,Fen,True,Fen,Temel Bilimler,Su Kaynakları
541,205,Ziraat Mühendisliği,Fen > Ziraat > Ziraat Mühendisliği,Fen,True,Fen,Ziraat,Ziraat Mühendisliği
542,35,Bitki Bilimleri,Fen > Ziraat > Bitki Bilimleri,Fen,True,Fen,Ziraat,Bitki Bilimleri
542,205,Ziraat Mühendisliği,Fen > Ziraat > Ziraat Mühendisliği,Fen,True,Fen,Ziraat,Ziraat Mühendisliği
543,201,Veterinerlik,Fen > Veterinerlik > Veterinerlik,Fen,True,Fen,Veterinerlik,Veterinerlik
543,205,Ziraat Mühendisliği,Fen > Ziraat > Ziraat Mühendisliği,Fen,True,Fen,Ziraat,Ziraat Mühendisliği
544,196,Toksikoloji,Fen > Eczacılık > Toksikoloji,Fen,True,Fen,Eczacılık,Toksikoloji
544,43,Çevre Bilimleri,Fen > Temel Bilimler > Çevre Bilimleri,Fen,True,Fen,Temel Bilimler,Çevre Bilimleri
544,205,Ziraat Mühendisliği,Fen > Ziraat > Ziraat Mühendisliği,Fen,True,Fen,Ziraat,Ziraat Mühendisliği
545,35,Bitki Bilimleri,Fen > Ziraat > Bitki Bilimleri,Fen,True,Fen,Ziraat,Bitki Bilimleri
545,205,Ziraat Mühendisliği,Fen > Ziraat > Ziraat Mühendisliği,Fen,True,Fen,Ziraat,Ziraat Mühendisliği
546,32,"Bilgisayar Bilimleri, Yapay Zeka","Fen > Mühendislik > Bilgisayar Bilimleri, Yapay Zeka",Fen,True,Fen,Mühendislik,"Bilgisayar Bilimleri, Yapay Zeka"
546,35,Bitki Bilimleri,Fen > Ziraat > Bitki Bilimleri,Fen,True,Fen,Ziraat,Bitki Bilimleri
546,205,Ziraat Mühendisliği,Fen > Ziraat > Ziraat Mühendisliği,Fen,True,Fen,Ziraat,Ziraat Mühendisliği
546,206,"Ziraat, Toprak Bilimi","Fen > Ziraat > Ziraat, Toprak Bilimi",Fen,True,Fen,Ziraat,"Ziraat, Toprak Bilimi"
548,178,Sosyal Çalışma,Sosyal > Sosyal > Sosyal Çalışma,Sosyal,True,Sosyal,Sosyal,Sosyal Çalışma
548,179,Sosyoloji,Sosyal > Sosyal > Sosyoloji,Sosyal,True,Sosyal,Sosyal,Sosyoloji
549,55,"Eğitim, Eğitim Araştırmaları","Sosyal > Sosyal > Eğitim, Eğitim Araştırmaları",Sosyal,True,Sosyal,Sosyal,"Eğitim, Eğitim Araştırmaları"
549,105,Kadın Araştırmaları,Sosyal > Sosyal > Kadın Araştırmaları,Sosyal,True,Sosyal,Sosyal,Kadın Araştırmaları
549,179,Sosyoloji,Sosyal > Sosyal > Sosyoloji,Sosyal,True,Sosyal,Sosyal,Sosyoloji
552,94,İletişim,Sosyal > Sosyal > İletişim,Sosyal,True,Sosyal,Sosyal,İletişim
552,179,Sosyoloji,Sosyal > Sosyal > Sosyoloji,Sosyal,True,Sosyal,Sosyal,Sosyoloji
553,44,Çevre Çalışmaları,Sosyal > Sosyal > Çevre Çalışmaları,Sosyal,True,Sosyal,Sosyal,Çevre Çalışmaları
553,179,Sosyoloji,Sosyal > Sosyal > Sosyoloji,Sosyal,True,Sosyal,Sosyal,Sosyoloji
554,167,Psikoloji,Sosyal > Sosyal > Psikoloji,Sosyal,True,Sosyal,Sosyal,Psikoloji
554,179,Sosyoloji,Sosyal > Sosyal > Sosyoloji,Sosyal,True,Sosyal,Sosyal,Sosyoloji
555,68,"Film, Radyo, Televizyon","Sosyal > Sosyal > Film, Radyo, Televizyon",Sosyal,True,Sosyal,Sosyal,"Film, Radyo, Televizyon"
555,109,Kentsel Çalışmalar,Sosyal > Sosyal > Kentsel Çalışmalar,Sosyal,True,Sosyal,Sosyal,Kentsel Çalışmalar
555,179,Sosyoloji,Sosyal > Sosyal > Sosyoloji,Sosyal,True,Sosyal,Sosyal,Sosyoloji
556,94,İletişim,Sosyal > Sosyal > İletişim,Sosyal,True,Sosyal,Sosyal,İletişim
556,119,Kültürel Çalışmalar,Sosyal > Sosyal > Kültürel Çalışmalar,Sosyal,True,Sosyal,Sosyal,Kültürel Çalışmalar
556,179,Sosyoloji,Sosyal > Sosyal > Sosyoloji,Sosyal,True,Sosyal,Sosyal,Sosyoloji
559,43,Çevre Bilimleri,Fen > Temel Bilimler > Çevre Bilimleri,Fen,True,Fen,Temel Bilimler,Çevre Bilimleri
559,206,"Ziraat, Toprak Bilimi","Fen > Ziraat > Ziraat, Toprak Bilimi",Fen,True,Fen,Ziraat,"Ziraat, Toprak Bilimi"
560,43,Çevre Bilimleri,Fen > Temel Bilimler > Çevre Bilimleri,Fen,True,Fen,Temel Bilimler,Çevre Bilimleri
560,206,"Ziraat, Toprak Bilimi","Fen > Ziraat > Ziraat, Toprak Bilimi",Fen,True,Fen,Ziraat,"Ziraat, Toprak Bilimi"
561,43,Çevre Bilimleri,Fen > Temel Bilimler > Çevre Bilimleri,Fen,True,Fen,Temel Bilimler,Çevre Bilimleri
561,181,Spor Bilimleri,Fen > Tıp > Spor Bilimleri,Fen,True,Fen,Tıp,Spor Bilimleri
561,44,Çevre Çalışmaları,Sosyal > Sosyal > Çevre Çalışmaları,Sosyal,True,Sosyal,Sosyal,Çevre Çalışmaları
562,45,Çevre Mühendisliği,Fen > Mühendislik > Çevre Mühendisliği,Fen,True,Fen,Mühendislik,Çevre Mühendisliği
562,203,"Yeşil, Sürdürülebilir Bilim ve Teknoloji","Fen > Mühendislik > Yeşil, Sürdürülebilir Bilim ve Teknoloji",Fen,True,Fen,Mühendislik,"Yeşil, Sürdürülebilir Bilim ve Teknoloji"
562,43,Çevre Bilimleri,Fen > Temel Bilimler > Çevre Bilimleri,Fen,True,Fen,Temel Bilimler,Çevre Bilimleri
563,155,Orman Mühendisliği,Fen > Mühendislik > Orman Mühendisliği,Fen,True,Fen,Mühendislik,Orman Mühendisliği
563,43,Çevre Bilimleri,Fen > Temel Bilimler > Çevre Bilimleri,Fen,True,Fen,Temel Bilimler,Çevre Bilimleri
563,182,Su Kaynakları,Fen > Temel Bilimler > Su Kaynakları,Fen,True,Fen,Temel Bilimler,Su Kaynakları
565,45,Çevre Mühendisliği,Fen > Mühendislik > Çevre Mühendisliği,Fen,True,Fen,Mühendislik,Çevre Mühendisliği
565,142,"Mühendislik, Hava ve Uzay","Fen > Mühendislik > Mühendislik, Hava ve Uzay",Fen,True,Fen,Mühendislik,"Mühendislik, Hava ve Uzay"
565,43,Çevre Bilimleri,Fen > Temel Bilimler > Çevre Bilimleri,Fen,True,Fen,Temel Bilimler,Çevre Bilimleri
566,43,Çevre Bilimleri,Fen > Temel Bilimler > Çevre Bilimleri,Fen,True,Fen,Temel Bilimler,Çevre Bilimleri
566,109,Kentsel Çalışmalar,Sosyal > Sosyal > Kentsel Çalışmalar,Sosyal,True,Sosyal,Sosyal,Kentsel Çalışmalar
568,132,Matematik,Fen > Temel Bilimler > Matematik,Fen,True,Fen,Temel Bilimler,Matematik
568,55,"Eğitim, Eğitim Araştırmaları","Sosyal > Sosyal > Eğitim, Eğitim Araştırmaları",Sosyal,True,Sosyal,Sosyal,"Eğitim, Eğitim Araştırmaları"
569,132,Matematik,Fen > Temel Bilimler > Matematik,Fen,True,Fen,Temel Bilimler,Matematik
569,55,"Eğitim, Eğitim Araştırmaları","Sosyal > Sosyal > Eğitim, Eğitim Araştırmaları",Sosyal,True,Sosyal,Sosyal,"Eğitim, Eğitim Araştırmaları"
570,132,Matematik,Fen > Temel Bilimler > Matematik,Fen,True,Fen,Temel Bilimler,Matematik
570,121,Madde Bağımlılığı,Sosyal > Sosyal > Madde Bağımlılığı,Sosyal,True,Sosyal,Sosyal,Madde Bağımlılığı
571,132,Matematik,Fen > Temel Bilimler > Matematik,Fen,True,Fen,Temel Bilimler,Matematik
572,132,Matematik,Fen > Temel Bilimler > Matematik,Fen,True,Fen,Temel Bilimler,Matematik
573,99,İstatistik ve Olasılık,Fen > Temel Bilimler > İstatistik ve Olasılık,Fen,True,Fen,Temel Bilimler,İstatistik ve Olasılık
573,132,Matematik,Fen > Temel Bilimler > Matematik,Fen,True,Fen,Temel Bilimler,Matematik
574,132,Matematik,Fen > Temel Bilimler > Matematik,Fen,True,Fen,Temel Bilimler,Matematik
574,55,"Eğitim, Eğitim Araştırmaları","Sosyal > Sosyal > Eğitim, Eğitim Araştırmaları",Sosyal,True,Sosyal,Sosyal,"Eğitim, Eğitim Araştırmaları"
575,132,Matematik,Fen > Temel Bilimler > Matematik,Fen,True,Fen,Temel Bilimler,Matematik
575,55,"Eğitim, Eğitim Araştırmaları","Sosyal > Sosyal > Eğitim, Eğitim Araştırmaları",Sosyal,True,Sosyal,Sosyal,"Eğitim, Eğitim Araştırmaları"
576,132,Matematik,Fen > Temel Bilimler > Matematik,Fen,True,Fen,Temel Bilimler,Matematik
576,55,"Eğitim, Eğitim Araştırmaları","Sosyal > Sosyal > Eğitim, Eğitim Araştırmaları",Sosyal,True,Sosyal,Sosyal,"Eğitim, Eğitim Araştırmaları"
583,90,Hukuk,Sosyal > Sosyal > Hukuk,Sosyal,True,Sosyal,Sosyal,Hukuk
583,108,Kamu Yönetimi,Sosyal > Sosyal > Kamu Yönetimi,Sosyal,True,Sosyal,Sosyal,Kamu Yönetimi
583,179,Sosyoloji,Sosyal > Sosyal > Sosyoloji,Sosyal,True,Sosyal,Sosyal,Sosyoloji
586,101,İşletme,Sosyal > Sosyal > İşletme,Sosyal,True,Sosyal,Sosyal,İşletme
586,108,Kamu Yönetimi,Sosyal > Sosyal > Kamu Yönetimi,Sosyal,True,Sosyal,Sosyal,Kamu Yönetimi
587,33,"Bilgisayar Bilimleri, Yazılım Mühendisliği","Fen > Mühendislik > Bilgisayar Bilimleri, Yazılım Mühendisliği",Fen,True,Fen,Mühendislik,"Bilgisayar Bilimleri, Yazılım Mühendisliği"
587,101,İşletme,Sosyal > Sosyal > İşletme,Sosyal,True,Sosyal,Sosyal,İşletme
588,52,Diş Hekimliği,Fen > Diş Hekimliği > Diş Hekimliği,Fen,True,Fen,Diş Hekimliği,Diş Hekimliği
588,33,"Bilgisayar Bilimleri, Yazılım Mühendisliği","Fen > Mühendislik > Bilgisayar Bilimleri, Yazılım Mühendisliği",Fen,True,Fen,Mühendislik,"Bilgisayar Bilimleri, Yazılım Mühendisliği"
589,33,"Bilgisayar Bilimleri, Yazılım Mühendisliği","Fen > Mühendislik > Bilgisayar Bilimleri, Yazılım Mühendisliği",Fen,True,Fen,Mühendislik,"Bilgisayar Bilimleri, Yazılım Mühendisliği"
589,90,Hukuk,Sosyal > Sosyal > Hukuk,Sosyal,True,Sosyal,Sosyal,Hukuk
590,28,"Bilgisayar Bilimleri, Bilgi Sistemleri","Fen > Mühendislik > Bilgisayar Bilimleri, Bilgi Sistemleri",Fen,True,Fen,Mühendislik,"Bilgisayar Bilimleri, Bilgi Sistemleri"
590,33,"Bilgisayar Bilimleri, Yazılım Mühendisliği","Fen > Mühendislik > Bilgisayar Bilimleri, Yazılım Mühendisliği",Fen,True,Fen,Mühendislik,"Bilgisayar Bilimleri, Yazılım Mühendisliği"
591,33,"Bilgisayar Bilimleri, Yazılım Mühendisliği","Fen > Mühendislik > Bilgisayar Bilimleri, Yazılım Mühendisliği",Fen,True,Fen,Mühendislik,"Bilgisayar Bilimleri, Yazılım Mühendisliği"
591,59,Endüstri Mühendisliği,Fen > Mühendislik > Endüstri Mühendisliği,Fen,True,Fen,Mühendislik,Endüstri Mühendisliği
591,101,İşletme,Sosyal > Sosyal > İşletme,Sosyal,True,Sosyal,Sosyal,İşletme
592,33,"Bilgisayar Bilimleri, Yazılım Mühendisliği","Fen > Mühendislik > Bilgisayar Bilimleri, Yazılım Mühendisliği",Fen,True,Fen,Mühendislik,"Bilgisayar Bilimleri, Yazılım Mühendisliği"
592,141,"Mühendislik, Elektrik ve Elektronik","Fen > Mühendislik > Mühendislik, Elektrik ve Elektronik",Fen,True,Fen,Mühendislik,"Mühendislik, Elektrik ve Elektronik"
592,145,"Mühendislik, Makine","Fen > Mühendislik > Mühendislik, Makine",Fen,True,Fen,Mühendislik,"Mühendislik, Makine"
593,32,"Bilgisayar Bilimleri, Yapay Zeka","Fen > Mühendislik > Bilgisayar Bilimleri, Yapay Zeka",Fen,True,Fen,Mühendislik,"Bilgisayar Bilimleri, Yapay Zeka"
593,33,"Bilgisayar Bilimleri, Yazılım Mühendisliği","Fen > Mühendislik > Bilgisayar Bilimleri, Yazılım Mühendisliği",Fen,True,Fen,Mühendislik,"Bilgisayar Bilimleri, Yazılım Mühendisliği"
593,99,İstatistik ve Olasılık,Fen > Temel Bilimler > İstatistik ve Olasılık,Fen,True,Fen,Temel Bilimler,İstatistik ve Olasılık
594,33,"Bilgisayar Bilimleri, Yazılım Mühendisliği","Fen > Mühendislik > Bilgisayar Bilimleri, Yazılım Mühendisliği",Fen,True,Fen,Mühendislik,"Bilgisayar Bilimleri, Yazılım Mühendisliği"
594,147,Müzik,Sosyal > Sosyal > Müzik,Sosyal,True,Sosyal,Sosyal,Müzik
595,33,"Bilgisayar Bilimleri, Yazılım Mühendisliği","Fen > Mühendislik > Bilgisayar Bilimleri, Yazılım Mühendisliği",Fen,True,Fen,Mühendislik,"Bilgisayar Bilimleri, Yazılım Mühendisliği"
595,174,Sanat,Sosyal > Sosyal > Sanat,Sosyal,True,Sosyal,Sosyal,Sanat
596,28,"Bilgisayar Bilimleri, Bilgi Sistemleri","Fen > Mühendislik > Bilgisayar Bilimleri, Bilgi Sistemleri",Fen,True,Fen,Mühendislik,"Bilgisayar Bilimleri, Bilgi Sistemleri"
596,33,"Bilgisayar Bilimleri, Yazılım Mühendisliği","Fen > Mühendislik > Bilgisayar Bilimleri, Yazılım Mühendisliği",Fen,True,Fen,Mühendislik,"Bilgisayar Bilimleri, Yazılım Mühendisliği"
598,161,Parazitoloji,Fen > Temel Bilimler > Parazitoloji,Fen,True,Fen,Temel Bilimler,Parazitoloji
598,201,Veterinerlik,Fen > Veterinerlik > Veterinerlik,Fen,True,Fen,Veterinerlik,Veterinerlik
599,201,Veterinerlik,Fen > Veterinerlik > Veterinerlik,Fen,True,Fen,Veterinerlik,Veterinerlik
600,201,Veterinerlik,Fen > Veterinerlik > Veterinerlik,Fen,True,Fen,Veterinerlik,Veterinerlik
601,201,Veterinerlik,Fen > Veterinerlik > Veterinerlik,Fen,True,Fen,Veterinerlik,Veterinerlik
602,201,Veterinerlik,Fen > Veterinerlik > Veterinerlik,Fen,True,Fen,Veterinerlik,Veterinerlik
603,201,Veterinerlik,Fen > Veterinerlik > Veterinerlik,Fen,True,Fen,Veterinerlik,Veterinerlik
604,201,Veterinerlik,Fen > Veterinerlik > Veterinerlik,Fen,True,Fen,Veterinerlik,Veterinerlik
605,201,Veterinerlik,Fen > Veterinerlik > Veterinerlik,Fen,True,Fen,Veterinerlik,Veterinerlik
606,201,Veterinerlik,Fen > Veterinerlik > Veterinerlik,Fen,True,Fen,Veterinerlik,Veterinerlik
606,55,"Eğitim, Eğitim Araştırmaları","Sosyal > Sosyal > Eğitim, Eğitim Araştırmaları",Sosyal,True,Sosyal,Sosyal,"Eğitim, Eğitim Araştırmaları"
617,61,Enfeksiyon Hastalıkları,Fen > Tıp > Enfeksiyon Hastalıkları,Fen,True,Fen,Tıp,Enfeksiyon Hastalıkları
617,87,Halk ve Çevre Sağlığı,Fen > Tıp > Halk ve Çevre Sağlığı,Fen,True,Fen,Tıp,Halk ve Çevre Sağlığı
617,177,Solunum Sistemi,Fen > Tıp > Solunum Sistemi,Fen,True,Fen,Tıp,Solunum Sistemi
617,89,Hemşirelik,Sosyal > Sosyal > Hemşirelik,Sosyal,True,Sosyal,Sosyal,Hemşirelik
619,32,"Bilgisayar Bilimleri, Yapay Zeka","Fen > Mühendislik > Bilgisayar Bilimleri, Yapay Zeka",Fen,True,Fen,Mühendislik,"Bilgisayar Bilimleri, Yapay Zeka"
619,55,"Eğitim, Eğitim Araştırmaları","Sosyal > Sosyal > Eğitim, Eğitim Araştırmaları",Sosyal,True,Sosyal,Sosyal,"Eğitim, Eğitim Araştırmaları"
619,89,Hemşirelik,Sosyal > Sosyal > Hemşirelik,Sosyal,True,Sosyal,Sosyal,Hemşirelik
623,172,Sağlık Bilimleri ve Hizmetleri,Fen > Tıp > Sağlık Bilimleri ve Hizmetleri,Fen,True,Fen,Tıp,Sağlık Bilimleri ve Hizmetleri
623,55,"Eğitim, Eğitim Araştırmaları","Sosyal > Sosyal > Eğitim, Eğitim Araştırmaları",Sosyal,True,Sosyal,Sosyal,"Eğitim, Eğitim Araştırmaları"
623,89,Hemşirelik,Sosyal > Sosyal > Hemşirelik,Sosyal,True,Sosyal,Sosyal,Hemşirelik
628,37,Biyokimya ve Moleküler Biyoloji,Fen > Tıp > Biyokimya ve Moleküler Biyoloji,Fen,True,Fen,Tıp,Biyokimya ve Moleküler Biyoloji
628,91,Hücre Biyolojisi,Fen > Tıp > Hücre Biyolojisi,Fen,True,Fen,Tıp,Hücre Biyolojisi
628,149,Nörolojik Bilimler,Fen > Tıp > Nörolojik Bilimler,Fen,True,Fen,Tıp,Nörolojik Bilimler
629,149,Nörolojik Bilimler,Fen > Tıp > Nörolojik Bilimler,Fen,True,Fen,Tıp,Nörolojik Bilimler
629,166,Psikiyatri,Fen > Tıp > Psikiyatri,Fen,True,Fen,Tıp,Psikiyatri
629,168,"Radyoloji, Nükleer Tıp, Tıbbi Görüntüleme","Fen > Tıp > Radyoloji, Nükleer Tıp, Tıbbi Görüntüleme",Fen,True,Fen,Tıp,"Radyoloji, Nükleer Tıp, Tıbbi Görüntüleme"
630,115,Klinik Nöroloji,Fen > Tıp > Klinik Nöroloji,Fen,True,Fen,Tıp,Klinik Nöroloji
630,149,Nörolojik Bilimler,Fen > Tıp > Nörolojik Bilimler,Fen,True,Fen,Tıp,Nörolojik Bilimler
632,114,"Kimya, Uygulamalı","Fen > Temel Bilimler > Kimya, Uygulamalı",Fen,True,Fen,Temel Bilimler,"Kimya, Uygulamalı"
632,37,Biyokimya ve Moleküler Biyoloji,Fen > Tıp > Biyokimya ve Moleküler Biyoloji,Fen,True,Fen,Tıp,Biyokimya ve Moleküler Biyoloji
632,149,Nörolojik Bilimler,Fen > Tıp > Nörolojik Bilimler,Fen,True,Fen,Tıp,Nörolojik Bilimler
633,115,Klinik Nöroloji,Fen > Tıp > Klinik Nöroloji,Fen,True,Fen,Tıp,Klinik Nöroloji
633,149,Nörolojik Bilimler,Fen > Tıp > Nörolojik Bilimler,Fen,True,Fen,Tıp,Nörolojik Bilimler
634,149,Nörolojik Bilimler,Fen > Tıp > Nörolojik Bilimler,Fen,True,Fen,Tıp,Nörolojik Bilimler
634,166,Psikiyatri,Fen > Tıp > Psikiyatri,Fen,True,Fen,Tıp,Psikiyatri
635,115,Klinik Nöroloji,Fen > Tıp > Klinik Nöroloji,Fen,True,Fen,Tıp,Klinik Nöroloji
635,149,Nörolojik Bilimler,Fen > Tıp > Nörolojik Bilimler,Fen,True,Fen,Tıp,Nörolojik Bilimler
636,115,Klinik Nöroloji,Fen > Tıp > Klinik Nöroloji,Fen,True,Fen,Tıp,Klinik Nöroloji
636,149,Nörolojik Bilimler,Fen > Tıp > Nörolojik Bilimler,Fen,True,Fen,Tıp,Nörolojik Bilimler
638,50,Dil ve Dil Bilim,Sosyal > Sosyal > Dil ve Dil Bilim,Sosyal,True,Sosyal,Sosyal,Dil ve Dil Bilim
639,32,"Bilgisayar Bilimleri, Yapay Zeka","Fen > Mühendislik > Bilgisayar Bilimleri, Yapay Zeka",Fen,True,Fen,Mühendislik,"Bilgisayar Bilimleri, Yapay Zeka"
639,50,Dil ve Dil Bilim,Sosyal > Sosyal > Dil ve Dil Bilim,Sosyal,True,Sosyal,Sosyal,Dil ve Dil Bilim
639,55,"Eğitim, Eğitim Araştırmaları","Sosyal > Sosyal > Eğitim, Eğitim Araştırmaları",Sosyal,True,Sosyal,Sosyal,"Eğitim, Eğitim Araştırmaları"
640,152,Odyoloji ve Konuşma-Dil Patolojisi,Fen > Tıp > Odyoloji ve Konuşma-Dil Patolojisi,Fen,True,Fen,Tıp,Odyoloji ve Konuşma-Dil Patolojisi
640,50,Dil ve Dil Bilim,Sosyal > Sosyal > Dil ve Dil Bilim,Sosyal,True,Sosyal,Sosyal,Dil ve Dil Bilim
640,55,"Eğitim, Eğitim Araştırmaları","Sosyal > Sosyal > Eğitim, Eğitim Araştırmaları",Sosyal,True,Sosyal,Sosyal,"Eğitim, Eğitim Araştırmaları"
641,50,Dil ve Dil Bilim,Sosyal > Sosyal > Dil ve Dil Bilim,Sosyal,True,Sosyal,Sosyal,Dil ve Dil Bilim
641,55,"Eğitim, Eğitim Araştırmaları","Sosyal > Sosyal > Eğitim, Eğitim Araştırmaları",Sosyal,True,Sosyal,Sosyal,"Eğitim, Eğitim Araştırmaları"
642,50,Dil ve Dil Bilim,Sosyal > Sosyal > Dil ve Dil Bilim,Sosyal,True,Sosyal,Sosyal,Dil ve Dil Bilim
642,55,"Eğitim, Eğitim Araştırmaları","Sosyal > Sosyal > Eğitim, Eğitim Araştırmaları",Sosyal,True,Sosyal,Sosyal,"Eğitim, Eğitim Araştırmaları"
643,50,Dil ve Dil Bilim,Sosyal > Sosyal > Dil ve Dil Bilim,Sosyal,True,Sosyal,Sosyal,Dil ve Dil Bilim
643,94,İletişim,Sosyal > Sosyal > İletişim,Sosyal,True,Sosyal,Sosyal,İletişim
644,50,Dil ve Dil Bilim,Sosyal > Sosyal > Dil ve Dil Bilim,Sosyal,True,Sosyal,Sosyal,Dil ve Dil Bilim
645,50,Dil ve Dil Bilim,Sosyal > Sosyal > Dil ve Dil Bilim,Sosyal,True,Sosyal,Sosyal,Dil ve Dil Bilim
645,55,"Eğitim, Eğitim Araştırmaları","Sosyal > Sosyal > Eğitim, Eğitim Araştırmaları",Sosyal,True,Sosyal,Sosyal,"Eğitim, Eğitim Araştırmaları"
646,50,Dil ve Dil Bilim,Sosyal > Sosyal > Dil ve Dil Bilim,Sosyal,True,Sosyal,Sosyal,Dil ve Dil Bilim
646,55,"Eğitim, Eğitim Araştırmaları","Sosyal > Sosyal > Eğitim, Eğitim Araştırmaları",Sosyal,True,Sosyal,Sosyal,"Eğitim, Eğitim Araştırmaları"
648,61,Enfeksiyon Hastalıkları,Fen > Tıp > Enfeksiyon Hastalıkları,Fen,True,Fen,Tıp,Enfeksiyon Hastalıkları
648,87,Halk ve Çevre Sağlığı,Fen > Tıp > Halk ve Çevre Sağlığı,Fen,True,Fen,Tıp,Halk ve Çevre Sağlığı
648,177,Solunum Sistemi,Fen > Tıp > Solunum Sistemi,Fen,True,Fen,Tıp,Solunum Sistemi
651,133,Metalürji Mühendisliği,Fen > Mühendislik > Metalürji Mühendisliği,Fen,True,Fen,Mühendislik,Metalürji Mühendisliği
651,87,Halk ve Çevre Sağlığı,Fen > Tıp > Halk ve Çevre Sağlığı,Fen,True,Fen,Tıp,Halk ve Çevre Sağlığı
651,178,Sosyal Çalışma,Sosyal > Sosyal > Sosyal Çalışma,Sosyal,True,Sosyal,Sosyal,Sosyal Çalışma
652,203,"Yeşil, Sürdürülebilir Bilim ve Teknoloji","Fen > Mühendislik > Yeşil, Sürdürülebilir Bilim ve Teknoloji",Fen,True,Fen,Mühendislik,"Yeşil, Sürdürülebilir Bilim ve Teknoloji"
652,87,Halk ve Çevre Sağlığı,Fen > Tıp > Halk ve Çevre Sağlığı,Fen,True,Fen,Tıp,Halk ve Çevre Sağlığı
652,178,Sosyal Çalışma,Sosyal > Sosyal > Sosyal Çalışma,Sosyal,True,Sosyal,Sosyal,Sosyal Çalışma
653,87,Halk ve Çevre Sağlığı,Fen > Tıp > Halk ve Çevre Sağlığı,Fen,True,Fen,Tıp,Halk ve Çevre Sağlığı
653,121,Madde Bağımlılığı,Sosyal > Sosyal > Madde Bağımlılığı,Sosyal,True,Sosyal,Sosyal,Madde Bağımlılığı
654,87,Halk ve Çevre Sağlığı,Fen > Tıp > Halk ve Çevre Sağlığı,Fen,True,Fen,Tıp,Halk ve Çevre Sağlığı
654,115,Klinik Nöroloji,Fen > Tıp > Klinik Nöroloji,Fen,True,Fen,Tıp,Klinik Nöroloji
655,87,Halk ve Çevre Sağlığı,Fen > Tıp > Halk ve Çevre Sağlığı,Fen,True,Fen,Tıp,Halk ve Çevre Sağlığı
655,169,Rehabilitasyon,Fen > Tıp > Rehabilitasyon,Fen,True,Fen,Tıp,Rehabilitasyon
663,83,Gıda Bilimi ve Teknolojisi,Fen > Mühendislik > Gıda Bilimi ve Teknolojisi,Fen,True,Fen,Mühendislik,Gıda Bilimi ve Teknolojisi
663,23,Bahçe Bitkileri,Fen > Ziraat > Bahçe Bitkileri,Fen,True,Fen,Ziraat,Bahçe Bitkileri
664,83,Gıda Bilimi ve Teknolojisi,Fen > Mühendislik > Gıda Bilimi ve Teknolojisi,Fen,True,Fen,Mühendislik,Gıda Bilimi ve Teknolojisi
665,83,Gıda Bilimi ve Teknolojisi,Fen > Mühendislik > Gıda Bilimi ve Teknolojisi,Fen,True,Fen,Mühendislik,Gıda Bilimi ve Teknolojisi
665,23,Bahçe Bitkileri,Fen > Ziraat > Bahçe Bitkileri,Fen,True,Fen,Ziraat,Bahçe Bitkileri
666,83,Gıda Bilimi ve Teknolojisi,Fen > Mühendislik > Gıda Bilimi ve Teknolojisi,Fen,True,Fen,Mühendislik,Gıda Bilimi ve Teknolojisi
666,110,"Kimya, Analitik","Fen > Temel Bilimler > Kimya, Analitik",Fen,True,Fen,Temel Bilimler,"Kimya, Analitik"
666,180,Spektroskopi,Fen > Temel Bilimler > Spektroskopi,Fen,True,Fen,Temel Bilimler,Spektroskopi
670,37,Biyokimya ve Moleküler Biyoloji,Fen > Tıp > Biyokimya ve Moleküler Biyoloji,Fen,True,Fen,Tıp,Biyokimya ve Moleküler Biyoloji
670,35,Bitki Bilimleri,Fen > Ziraat > Bitki Bilimleri,Fen,True,Fen,Ziraat,Bitki Bilimleri
678,59,Endüstri Mühendisliği,Fen > Mühendislik > Endüstri Mühendisliği,Fen,True,Fen,Mühendislik,Endüstri Mühendisliği
678,99,İstatistik ve Olasılık,Fen > Temel Bilimler > İstatistik ve Olasılık,Fen,True,Fen,Temel Bilimler,İstatistik ve Olasılık
680,99,İstatistik ve Olasılık,Fen > Temel Bilimler > İstatistik ve Olasılık,Fen,True,Fen,Temel Bilimler,İstatistik ve Olasılık
680,132,Matematik,Fen > Temel Bilimler > Matematik,Fen,True,Fen,Temel Bilimler,Matematik
681,32,"Bilgisayar Bilimleri, Yapay Zeka","Fen > Mühendislik > Bilgisayar Bilimleri, Yapay Zeka",Fen,True,Fen,Mühendislik,"Bilgisayar Bilimleri, Yapay Zeka"
681,99,İstatistik ve Olasılık,Fen > Temel Bilimler > İstatistik ve Olasılık,Fen,True,Fen,Temel Bilimler,İstatistik ve Olasılık
683,99,İstatistik ve Olasılık,Fen > Temel Bilimler > İstatistik ve Olasılık,Fen,True,Fen,Temel Bilimler,İstatistik ve Olasılık
684,187,Taşınım Bilimi ve Teknolojisi,Fen > Mühendislik > Taşınım Bilimi ve Teknolojisi,Fen,True,Fen,Mühendislik,Taşınım Bilimi ve Teknolojisi
684,99,İstatistik ve Olasılık,Fen > Temel Bilimler > İstatistik ve Olasılık,Fen,True,Fen,Temel Bilimler,İstatistik ve Olasılık
685,32,"Bilgisayar Bilimleri, Yapay Zeka","Fen > Mühendislik > Bilgisayar Bilimleri, Yapay Zeka",Fen,True,Fen,Mühendislik,"Bilgisayar Bilimleri, Yapay Zeka"
685,99,İstatistik ve Olasılık,Fen > Temel Bilimler > İstatistik ve Olasılık,Fen,True,Fen,Temel Bilimler,İstatistik ve Olasılık
685,102,İşletme Finans,Sosyal > Sosyal > İşletme Finans,Sosyal,True,Sosyal,Sosyal,İşletme Finans
686,103,Jeokimya ve Jeofizik,Fen > Mühendislik > Jeokimya ve Jeofizik,Fen,True,Fen,Mühendislik,Jeokimya ve Jeofizik
686,143,"Mühendislik, Jeoloji","Fen > Mühendislik > Mühendislik, Jeoloji",Fen,True,Fen,Mühendislik,"Mühendislik, Jeoloji"
686,99,İstatistik ve Olasılık,Fen > Temel Bilimler > İstatistik ve Olasılık,Fen,True,Fen,Temel Bilimler,İstatistik ve Olasılık
688,81,Genetik ve Kalıtım,Fen > Temel Bilimler > Genetik ve Kalıtım,Fen,True,Fen,Temel Bilimler,Genetik ve Kalıtım
688,23,Bahçe Bitkileri,Fen > Ziraat > Bahçe Bitkileri,Fen,True,Fen,Ziraat,Bahçe Bitkileri
688,35,Bitki Bilimleri,Fen > Ziraat > Bitki Bilimleri,Fen,True,Fen,Ziraat,Bitki Bilimleri
690,23,Bahçe Bitkileri,Fen > Ziraat > Bahçe Bitkileri,Fen,True,Fen,Ziraat,Bahçe Bitkileri
690,35,Bitki Bilimleri,Fen > Ziraat > Bitki Bilimleri,Fen,True,Fen,Ziraat,Bitki Bilimleri
691,23,Bahçe Bitkileri,Fen > Ziraat > Bahçe Bitkileri,Fen,True,Fen,Ziraat,Bahçe Bitkileri
693,23,Bahçe Bitkileri,Fen > Ziraat > Bahçe Bitkileri,Fen,True,Fen,Ziraat,Bahçe Bitkileri
693,35,Bitki Bilimleri,Fen > Ziraat > Bitki Bilimleri,Fen,True,Fen,Ziraat,Bitki Bilimleri
694,148,Nanobilim ve Nanoteknoloji,Fen > Mühendislik > Nanobilim ve Nanoteknoloji,Fen,True,Fen,Mühendislik,Nanobilim ve Nanoteknoloji
694,23,Bahçe Bitkileri,Fen > Ziraat > Bahçe Bitkileri,Fen,True,Fen,Ziraat,Bahçe Bitkileri
694,35,Bitki Bilimleri,Fen > Ziraat > Bitki Bilimleri,Fen,True,Fen,Ziraat,Bitki Bilimleri
695,57,Ekoloji,Fen > Temel Bilimler > Ekoloji,Fen,True,Fen,Temel Bilimler,Ekoloji
695,23,Bahçe Bitkileri,Fen > Ziraat > Bahçe Bitkileri,Fen,True,Fen,Ziraat,Bahçe Bitkileri
695,35,Bitki Bilimleri,Fen > Ziraat > Bitki Bilimleri,Fen,True,Fen,Ziraat,Bitki Bilimleri
696,23,Bahçe Bitkileri,Fen > Ziraat > Bahçe Bitkileri,Fen,True,Fen,Ziraat,Bahçe Bitkileri
696,206,"Ziraat, Toprak Bilimi","Fen > Ziraat > Ziraat, Toprak Bilimi",Fen,True,Fen,Ziraat,"Ziraat, Toprak Bilimi"
700,15,Alerji,Fen > Tıp > Alerji,Fen,True,Fen,Tıp,Alerji
700,166,Psikiyatri,Fen > Tıp > Psikiyatri,Fen,True,Fen,Tıp,Psikiyatri
700,177,Solunum Sistemi,Fen > Tıp > Solunum Sistemi,Fen,True,Fen,Tıp,Solunum Sistemi
701,168,"Radyoloji, Nükleer Tıp, Tıbbi Görüntüleme","Fen > Tıp > Radyoloji, Nükleer Tıp, Tıbbi Görüntüleme",Fen,True,Fen,Tıp,"Radyoloji, Nükleer Tıp, Tıbbi Görüntüleme"
701,177,Solunum Sistemi,Fen > Tıp > Solunum Sistemi,Fen,True,Fen,Tıp,Solunum Sistemi
702,169,Rehabilitasyon,Fen > Tıp > Rehabilitasyon,Fen,True,Fen,Tıp,Rehabilitasyon
702,177,Solunum Sistemi,Fen > Tıp > Solunum Sistemi,Fen,True,Fen,Tıp,Solunum Sistemi
703,177,Solunum Sistemi,Fen > Tıp > Solunum Sistemi,Fen,True,Fen,Tıp,Solunum Sistemi
704,177,Solunum Sistemi,Fen > Tıp > Solunum Sistemi,Fen,True,Fen,Tıp,Solunum Sistemi
705,88,Hematoloji,Fen > Tıp > Hematoloji,Fen,True,Fen,Tıp,Hematoloji
705,177,Solunum Sistemi,Fen > Tıp > Solunum Sistemi,Fen,True,Fen,Tıp,Solunum Sistemi
705,197,Transplantasyon,Fen > Tıp > Transplantasyon,Fen,True,Fen,Tıp,Transplantasyon
706,61,Enfeksiyon Hastalıkları,Fen > Tıp > Enfeksiyon Hastalıkları,Fen,True,Fen,Tıp,Enfeksiyon Hastalıkları
706,177,Solunum Sistemi,Fen > Tıp > Solunum Sistemi,Fen,True,Fen,Tıp,Solunum Sistemi
707,19,Antropoloji,Sosyal > Sosyal > Antropoloji,Sosyal,True,Sosyal,Sosyal,Antropoloji
707,26,Beşeri Bilimler,Sosyal > Sosyal > Beşeri Bilimler,Sosyal,True,Sosyal,Sosyal,Beşeri Bilimler
707,174,Sanat,Sosyal > Sosyal > Sanat,Sosyal,True,Sosyal,Sosyal,Sanat
708,26,Beşeri Bilimler,Sosyal > Sosyal > Beşeri Bilimler,Sosyal,True,Sosyal,Sosyal,Beşeri Bilimler
708,185,Tarih,Sosyal > Sosyal > Tarih,Sosyal,True,Sosyal,Sosyal,Tarih
708,199,Uluslararası İlişkiler,Sosyal > Sosyal > Uluslararası İlişkiler,Sosyal,True,Sosyal,Sosyal,Uluslararası İlişkiler
709,26,Beşeri Bilimler,Sosyal > Sosyal > Beşeri Bilimler,Sosyal,True,Sosyal,Sosyal,Beşeri Bilimler
709,174,Sanat,Sosyal > Sosyal > Sanat,Sosyal,True,Sosyal,Sosyal,Sanat
709,185,Tarih,Sosyal > Sosyal > Tarih,Sosyal,True,Sosyal,Sosyal,Tarih
710,31,"Bilgisayar Bilimleri, Teori ve Metotlar","Fen > Mühendislik > Bilgisayar Bilimleri, Teori ve Metotlar",Fen,True,Fen,Mühendislik,"Bilgisayar Bilimleri, Teori ve Metotlar"
710,26,Beşeri Bilimler,Sosyal > Sosyal > Beşeri Bilimler,Sosyal,True,Sosyal,Sosyal,Beşeri Bilimler
710,195,Tiyatro,Sosyal > Sosyal > Tiyatro,Sosyal,True,Sosyal,Sosyal,Tiyatro
711,26,Beşeri Bilimler,Sosyal > Sosyal > Beşeri Bilimler,Sosyal,True,Sosyal,Sosyal,Beşeri Bilimler
711,54,Edebiyat,Sosyal > Sosyal > Edebiyat,Sosyal,True,Sosyal,Sosyal,Edebiyat
712,26,Beşeri Bilimler,Sosyal > Sosyal > Beşeri Bilimler,Sosyal,True,Sosyal,Sosyal,Beşeri Bilimler
712,54,Edebiyat,Sosyal > Sosyal > Edebiyat,Sosyal,True,Sosyal,Sosyal,Edebiyat
713,26,Beşeri Bilimler,Sosyal > Sosyal > Beşeri Bilimler,Sosyal,True,Sosyal,Sosyal,Beşeri Bilimler
713,54,Edebiyat,Sosyal > Sosyal > Edebiyat,Sosyal,True,Sosyal,Sosyal,Edebiyat
714,26,Beşeri Bilimler,Sosyal > Sosyal > Beşeri Bilimler,Sosyal,True,Sosyal,Sosyal,Beşeri Bilimler
714,54,Edebiyat,Sosyal > Sosyal > Edebiyat,Sosyal,True,Sosyal,Sosyal,Edebiyat
715,26,Beşeri Bilimler,Sosyal > Sosyal > Beşeri Bilimler,Sosyal,True,Sosyal,Sosyal,Beşeri Bilimler
715,54,Edebiyat,Sosyal > Sosyal > Edebiyat,Sosyal,True,Sosyal,Sosyal,Edebiyat
716,26,Beşeri Bilimler,Sosyal > Sosyal > Beşeri Bilimler,Sosyal,True,Sosyal,Sosyal,Beşeri Bilimler
716,54,Edebiyat,Sosyal > Sosyal > Edebiyat,Sosyal,True,Sosyal,Sosyal,Edebiyat
718,53,Edebi Teori ve Eleştiri,Sosyal > Sosyal > Edebi Teori ve Eleştiri,Sosyal,True,Sosyal,Sosyal,Edebi Teori ve Eleştiri
718,195,Tiyatro,Sosyal > Sosyal > Tiyatro,Sosyal,True,Sosyal,Sosyal,Tiyatro
721,50,Dil ve Dil Bilim,Sosyal > Sosyal > Dil ve Dil Bilim,Sosyal,True,Sosyal,Sosyal,Dil ve Dil Bilim
721,53,Edebi Teori ve Eleştiri,Sosyal > Sosyal > Edebi Teori ve Eleştiri,Sosyal,True,Sosyal,Sosyal,Edebi Teori ve Eleştiri
721,54,Edebiyat,Sosyal > Sosyal > Edebiyat,Sosyal,True,Sosyal,Sosyal,Edebiyat
722,50,Dil ve Dil Bilim,Sosyal > Sosyal > Dil ve Dil Bilim,Sosyal,True,Sosyal,Sosyal,Dil ve Dil Bilim
722,53,Edebi Teori ve Eleştiri,Sosyal > Sosyal > Edebi Teori ve Eleştiri,Sosyal,True,Sosyal,Sosyal,Edebi Teori ve Eleştiri
722,54,Edebiyat,Sosyal > Sosyal > Edebiyat,Sosyal,True,Sosyal,Sosyal,Edebiyat
723,53,Edebi Teori ve Eleştiri,Sosyal > Sosyal > Edebi Teori ve Eleştiri,Sosyal,True,Sosyal,Sosyal,Edebi Teori ve Eleştiri
723,54,Edebiyat,Sosyal > Sosyal > Edebiyat,Sosyal,True,Sosyal,Sosyal,Edebiyat
724,53,Edebi Teori ve Eleştiri,Sosyal > Sosyal > Edebi Teori ve Eleştiri,Sosyal,True,Sosyal,Sosyal,Edebi Teori ve Eleştiri
724,54,Edebiyat,Sosyal > Sosyal > Edebiyat,Sosyal,True,Sosyal,Sosyal,Edebiyat
725,53,Edebi Teori ve Eleştiri,Sosyal > Sosyal > Edebi Teori ve Eleştiri,Sosyal,True,Sosyal,Sosyal,Edebi Teori ve Eleştiri
725,54,Edebiyat,Sosyal > Sosyal > Edebiyat,Sosyal,True,Sosyal,Sosyal,Edebiyat
726,53,Edebi Teori ve Eleştiri,Sosyal > Sosyal > Edebi Teori ve Eleştiri,Sosyal,True,Sosyal,Sosyal,Edebi Teori ve Eleştiri
726,54,Edebiyat,Sosyal > Sosyal > Edebiyat,Sosyal,True,Sosyal,Sosyal,Edebiyat
728,85,Göz Hastalıkları,Fen > Tıp > Göz Hastalıkları,Fen,True,Fen,Tıp,Göz Hastalıkları
730,85,Göz Hastalıkları,Fen > Tıp > Göz Hastalıkları,Fen,True,Fen,Tıp,Göz Hastalıkları
731,15,Alerji,Fen > Tıp > Alerji,Fen,True,Fen,Tıp,Alerji
731,61,Enfeksiyon Hastalıkları,Fen > Tıp > Enfeksiyon Hastalıkları,Fen,True,Fen,Tıp,Enfeksiyon Hastalıkları
731,85,Göz Hastalıkları,Fen > Tıp > Göz Hastalıkları,Fen,True,Fen,Tıp,Göz Hastalıkları
731,96,İmmünoloji,Fen > Tıp > İmmünoloji,Fen,True,Fen,Tıp,İmmünoloji
732,85,Göz Hastalıkları,Fen > Tıp > Göz Hastalıkları,Fen,True,Fen,Tıp,Göz Hastalıkları
732,115,Klinik Nöroloji,Fen > Tıp > Klinik Nöroloji,Fen,True,Fen,Tıp,Klinik Nöroloji
733,85,Göz Hastalıkları,Fen > Tıp > Göz Hastalıkları,Fen,True,Fen,Tıp,Göz Hastalıkları
734,41,Cerrahi,Fen > Tıp > Cerrahi,Fen,True,Fen,Tıp,Cerrahi
734,85,Göz Hastalıkları,Fen > Tıp > Göz Hastalıkları,Fen,True,Fen,Tıp,Göz Hastalıkları
735,66,Farmakoloji ve Eczacılık,Fen > Eczacılık > Farmakoloji ve Eczacılık,Fen,True,Fen,Eczacılık,Farmakoloji ve Eczacılık
735,18,Anestezi,Fen > Tıp > Anestezi,Fen,True,Fen,Tıp,Anestezi
735,85,Göz Hastalıkları,Fen > Tıp > Göz Hastalıkları,Fen,True,Fen,Tıp,Göz Hastalıkları
735,201,Veterinerlik,Fen > Veterinerlik > Veterinerlik,Fen,True,Fen,Veterinerlik,Veterinerlik
736,154,Optik,Fen > Temel Bilimler > Optik,Fen,True,Fen,Temel Bilimler,Optik
736,85,Göz Hastalıkları,Fen > Tıp > Göz Hastalıkları,Fen,True,Fen,Tıp,Göz Hastalıkları
737,13,Aile Çalışmaları,Sosyal > Sosyal > Aile Çalışmaları,Sosyal,True,Sosyal,Sosyal,Aile Çalışmaları
737,94,İletişim,Sosyal > Sosyal > İletişim,Sosyal,True,Sosyal,Sosyal,İletişim
737,178,Sosyal Çalışma,Sosyal > Sosyal > Sosyal Çalışma,Sosyal,True,Sosyal,Sosyal,Sosyal Çalışma
738,94,İletişim,Sosyal > Sosyal > İletişim,Sosyal,True,Sosyal,Sosyal,İletişim
738,178,Sosyal Çalışma,Sosyal > Sosyal > Sosyal Çalışma,Sosyal,True,Sosyal,Sosyal,Sosyal Çalışma
743,68,"Film, Radyo, Televizyon","Sosyal > Sosyal > Film, Radyo, Televizyon",Sosyal,True,Sosyal,Sosyal,"Film, Radyo, Televizyon"
743,94,İletişim,Sosyal > Sosyal > İletişim,Sosyal,True,Sosyal,Sosyal,İletişim
745,94,İletişim,Sosyal > Sosyal > İletişim,Sosyal,True,Sosyal,Sosyal,İletişim
745,174,Sanat,Sosyal > Sosyal > Sanat,Sosyal,True,Sosyal,Sosyal,Sanat
746,32,"Bilgisayar Bilimleri, Yapay Zeka","Fen > Mühendislik > Bilgisayar Bilimleri, Yapay Zeka",Fen,True,Fen,Mühendislik,"Bilgisayar Bilimleri, Yapay Zeka"
746,94,İletişim,Sosyal > Sosyal > İletişim,Sosyal,True,Sosyal,Sosyal,İletişim
747,199,Uluslararası İlişkiler,Sosyal > Sosyal > Uluslararası İlişkiler,Sosyal,True,Sosyal,Sosyal,Uluslararası İlişkiler
748,184,Tarımsal Ekonomi ve Politika,Fen > Ziraat > Tarımsal Ekonomi ve Politika,Fen,True,Fen,Ziraat,Tarımsal Ekonomi ve Politika
748,199,Uluslararası İlişkiler,Sosyal > Sosyal > Uluslararası İlişkiler,Sosyal,True,Sosyal,Sosyal,Uluslararası İlişkiler
752,86,Halkla İlişkiler,Sosyal > Sosyal > Halkla İlişkiler,Sosyal,True,Sosyal,Sosyal,Halkla İlişkiler
752,94,İletişim,Sosyal > Sosyal > İletişim,Sosyal,True,Sosyal,Sosyal,İletişim
752,199,Uluslararası İlişkiler,Sosyal > Sosyal > Uluslararası İlişkiler,Sosyal,True,Sosyal,Sosyal,Uluslararası İlişkiler
753,176,Siyasi Bilimler,Sosyal > Sosyal > Siyasi Bilimler,Sosyal,True,Sosyal,Sosyal,Siyasi Bilimler
753,185,Tarih,Sosyal > Sosyal > Tarih,Sosyal,True,Sosyal,Sosyal,Tarih
753,199,Uluslararası İlişkiler,Sosyal > Sosyal > Uluslararası İlişkiler,Sosyal,True,Sosyal,Sosyal,Uluslararası İlişkiler
754,101,İşletme,Sosyal > Sosyal > İşletme,Sosyal,True,Sosyal,Sosyal,İşletme
754,199,Uluslararası İlişkiler,Sosyal > Sosyal > Uluslararası İlişkiler,Sosyal,True,Sosyal,Sosyal,Uluslararası İlişkiler
755,176,Siyasi Bilimler,Sosyal > Sosyal > Siyasi Bilimler,Sosyal,True,Sosyal,Sosyal,Siyasi Bilimler
755,199,Uluslararası İlişkiler,Sosyal > Sosyal > Uluslararası İlişkiler,Sosyal,True,Sosyal,Sosyal,Uluslararası İlişkiler
756,94,İletişim,Sosyal > Sosyal > İletişim,Sosyal,True,Sosyal,Sosyal,İletişim
756,109,Kentsel Çalışmalar,Sosyal > Sosyal > Kentsel Çalışmalar,Sosyal,True,Sosyal,Sosyal,Kentsel Çalışmalar
756,185,Tarih,Sosyal > Sosyal > Tarih,Sosyal,True,Sosyal,Sosyal,Tarih
756,199,Uluslararası İlişkiler,Sosyal > Sosyal > Uluslararası İlişkiler,Sosyal,True,Sosyal,Sosyal,Uluslararası İlişkiler
758,66,Farmakoloji ve Eczacılık,Fen > Eczacılık > Farmakoloji ve Eczacılık,Fen,True,Fen,Eczacılık,Farmakoloji ve Eczacılık
758,112,"Kimya, Organik","Fen > Temel Bilimler > Kimya, Organik",Fen,True,Fen,Temel Bilimler,"Kimya, Organik"
758,113,"Kimya, Tıbbi","Fen > Temel Bilimler > Kimya, Tıbbi",Fen,True,Fen,Temel Bilimler,"Kimya, Tıbbi"
759,112,"Kimya, Organik","Fen > Temel Bilimler > Kimya, Organik",Fen,True,Fen,Temel Bilimler,"Kimya, Organik"
759,113,"Kimya, Tıbbi","Fen > Temel Bilimler > Kimya, Tıbbi",Fen,True,Fen,Temel Bilimler,"Kimya, Tıbbi"
760,111,"Kimya, İnorganik ve Nükleer","Fen > Temel Bilimler > Kimya, İnorganik ve Nükleer",Fen,True,Fen,Temel Bilimler,"Kimya, İnorganik ve Nükleer"
760,113,"Kimya, Tıbbi","Fen > Temel Bilimler > Kimya, Tıbbi",Fen,True,Fen,Temel Bilimler,"Kimya, Tıbbi"
761,112,"Kimya, Organik","Fen > Temel Bilimler > Kimya, Organik",Fen,True,Fen,Temel Bilimler,"Kimya, Organik"
761,113,"Kimya, Tıbbi","Fen > Temel Bilimler > Kimya, Tıbbi",Fen,True,Fen,Temel Bilimler,"Kimya, Tıbbi"
762,112,"Kimya, Organik","Fen > Temel Bilimler > Kimya, Organik",Fen,True,Fen,Temel Bilimler,"Kimya, Organik"
762,113,"Kimya, Tıbbi","Fen > Temel Bilimler > Kimya, Tıbbi",Fen,True,Fen,Temel Bilimler,"Kimya, Tıbbi"
763,66,Farmakoloji ve Eczacılık,Fen > Eczacılık > Farmakoloji ve Eczacılık,Fen,True,Fen,Eczacılık,Farmakoloji ve Eczacılık
763,113,"Kimya, Tıbbi","Fen > Temel Bilimler > Kimya, Tıbbi",Fen,True,Fen,Temel Bilimler,"Kimya, Tıbbi"
763,37,Biyokimya ve Moleküler Biyoloji,Fen > Tıp > Biyokimya ve Moleküler Biyoloji,Fen,True,Fen,Tıp,Biyokimya ve Moleküler Biyoloji
763,153,Onkoloji,Fen > Tıp > Onkoloji,Fen,True,Fen,Tıp,Onkoloji
764,66,Farmakoloji ve Eczacılık,Fen > Eczacılık > Farmakoloji ve Eczacılık,Fen,True,Fen,Eczacılık,Farmakoloji ve Eczacılık
764,113,"Kimya, Tıbbi","Fen > Temel Bilimler > Kimya, Tıbbi",Fen,True,Fen,Temel Bilimler,"Kimya, Tıbbi"
764,153,Onkoloji,Fen > Tıp > Onkoloji,Fen,True,Fen,Tıp,Onkoloji
765,66,Farmakoloji ve Eczacılık,Fen > Eczacılık > Farmakoloji ve Eczacılık,Fen,True,Fen,Eczacılık,Farmakoloji ve Eczacılık
765,113,"Kimya, Tıbbi","Fen > Temel Bilimler > Kimya, Tıbbi",Fen,True,Fen,Temel Bilimler,"Kimya, Tıbbi"
765,37,Biyokimya ve Moleküler Biyoloji,Fen > Tıp > Biyokimya ve Moleküler Biyoloji,Fen,True,Fen,Tıp,Biyokimya ve Moleküler Biyoloji
765,153,Onkoloji,Fen > Tıp > Onkoloji,Fen,True,Fen,Tıp,Onkoloji
766,66,Farmakoloji ve Eczacılık,Fen > Eczacılık > Farmakoloji ve Eczacılık,Fen,True,Fen,Eczacılık,Farmakoloji ve Eczacılık
766,113,"Kimya, Tıbbi","Fen > Temel Bilimler > Kimya, Tıbbi",Fen,True,Fen,Temel Bilimler,"Kimya, Tıbbi"
766,193,Tıbbi İnformatik,Fen > Tıp > Tıbbi İnformatik,Fen,True,Fen,Tıp,Tıbbi İnformatik
767,67,Felsefe,Sosyal > Sosyal > Felsefe,Sosyal,True,Sosyal,Sosyal,Felsefe
767,105,Kadın Araştırmaları,Sosyal > Sosyal > Kadın Araştırmaları,Sosyal,True,Sosyal,Sosyal,Kadın Araştırmaları
767,167,Psikoloji,Sosyal > Sosyal > Psikoloji,Sosyal,True,Sosyal,Sosyal,Psikoloji
768,67,Felsefe,Sosyal > Sosyal > Felsefe,Sosyal,True,Sosyal,Sosyal,Felsefe
768,174,Sanat,Sosyal > Sosyal > Sanat,Sosyal,True,Sosyal,Sosyal,Sanat
769,67,Felsefe,Sosyal > Sosyal > Felsefe,Sosyal,True,Sosyal,Sosyal,Felsefe
769,68,"Film, Radyo, Televizyon","Sosyal > Sosyal > Film, Radyo, Televizyon",Sosyal,True,Sosyal,Sosyal,"Film, Radyo, Televizyon"
770,67,Felsefe,Sosyal > Sosyal > Felsefe,Sosyal,True,Sosyal,Sosyal,Felsefe
770,119,Kültürel Çalışmalar,Sosyal > Sosyal > Kültürel Çalışmalar,Sosyal,True,Sosyal,Sosyal,Kültürel Çalışmalar
770,174,Sanat,Sosyal > Sosyal > Sanat,Sosyal,True,Sosyal,Sosyal,Sanat
771,67,Felsefe,Sosyal > Sosyal > Felsefe,Sosyal,True,Sosyal,Sosyal,Felsefe
771,174,Sanat,Sosyal > Sosyal > Sanat,Sosyal,True,Sosyal,Sosyal,Sanat
772,137,Mimarlık,Fen > Mühendislik > Mimarlık,Fen,True,Fen,Mühendislik,Mimarlık
772,67,Felsefe,Sosyal > Sosyal > Felsefe,Sosyal,True,Sosyal,Sosyal,Felsefe
773,19,Antropoloji,Sosyal > Sosyal > Antropoloji,Sosyal,True,Sosyal,Sosyal,Antropoloji
773,67,Felsefe,Sosyal > Sosyal > Felsefe,Sosyal,True,Sosyal,Sosyal,Felsefe
773,176,Siyasi Bilimler,Sosyal > Sosyal > Siyasi Bilimler,Sosyal,True,Sosyal,Sosyal,Siyasi Bilimler
773,199,Uluslararası İlişkiler,Sosyal > Sosyal > Uluslararası İlişkiler,Sosyal,True,Sosyal,Sosyal,Uluslararası İlişkiler
774,51,Din Bilimi,Sosyal > Sosyal > Din Bilimi,Sosyal,True,Sosyal,Sosyal,Din Bilimi
774,67,Felsefe,Sosyal > Sosyal > Felsefe,Sosyal,True,Sosyal,Sosyal,Felsefe
774,156,Ortaçağ ve Rönesans Çalışmaları,Sosyal > Sosyal > Ortaçağ ve Rönesans Çalışmaları,Sosyal,True,Sosyal,Sosyal,Ortaçağ ve Rönesans Çalışmaları
775,51,Din Bilimi,Sosyal > Sosyal > Din Bilimi,Sosyal,True,Sosyal,Sosyal,Din Bilimi
775,67,Felsefe,Sosyal > Sosyal > Felsefe,Sosyal,True,Sosyal,Sosyal,Felsefe
775,93,İktisat,Sosyal > Sosyal > İktisat,Sosyal,True,Sosyal,Sosyal,İktisat
776,67,Felsefe,Sosyal > Sosyal > Felsefe,Sosyal,True,Sosyal,Sosyal,Felsefe
776,94,İletişim,Sosyal > Sosyal > İletişim,Sosyal,True,Sosyal,Sosyal,İletişim
777,52,Diş Hekimliği,Fen > Diş Hekimliği > Diş Hekimliği,Fen,True,Fen,Diş Hekimliği,Diş Hekimliği
778,52,Diş Hekimliği,Fen > Diş Hekimliği > Diş Hekimliği,Fen,True,Fen,Diş Hekimliği,Diş Hekimliği
779,52,Diş Hekimliği,Fen > Diş Hekimliği > Diş Hekimliği,Fen,True,Fen,Diş Hekimliği,Diş Hekimliği
779,18,Anestezi,Fen > Tıp > Anestezi,Fen,True,Fen,Tıp,Anestezi
780,52,Diş Hekimliği,Fen > Diş Hekimliği > Diş Hekimliği,Fen,True,Fen,Diş Hekimliği,Diş Hekimliği
782,52,Diş Hekimliği,Fen > Diş Hekimliği > Diş Hekimliği,Fen,True,Fen,Diş Hekimliği,Diş Hekimliği
782,136,Mikroskopi,Fen > Temel Bilimler > Mikroskopi,Fen,True,Fen,Temel Bilimler,Mikroskopi
783,52,Diş Hekimliği,Fen > Diş Hekimliği > Diş Hekimliği,Fen,True,Fen,Diş Hekimliği,Diş Hekimliği
784,52,Diş Hekimliği,Fen > Diş Hekimliği > Diş Hekimliği,Fen,True,Fen,Diş Hekimliği,Diş Hekimliği
784,168,"Radyoloji, Nükleer Tıp, Tıbbi Görüntüleme","Fen > Tıp > Radyoloji, Nükleer Tıp, Tıbbi Görüntüleme",Fen,True,Fen,Tıp,"Radyoloji, Nükleer Tıp, Tıbbi Görüntüleme"
785,52,Diş Hekimliği,Fen > Diş Hekimliği > Diş Hekimliği,Fen,True,Fen,Diş Hekimliği,Diş Hekimliği
787,78,Folklor,Sosyal > Sosyal > Folklor,Sosyal,True,Sosyal,Sosyal,Folklor
787,119,Kültürel Çalışmalar,Sosyal > Sosyal > Kültürel Çalışmalar,Sosyal,True,Sosyal,Sosyal,Kültürel Çalışmalar
788,78,Folklor,Sosyal > Sosyal > Folklor,Sosyal,True,Sosyal,Sosyal,Folklor
788,174,Sanat,Sosyal > Sosyal > Sanat,Sosyal,True,Sosyal,Sosyal,Sanat
790,78,Folklor,Sosyal > Sosyal > Folklor,Sosyal,True,Sosyal,Sosyal,Folklor
791,78,Folklor,Sosyal > Sosyal > Folklor,Sosyal,True,Sosyal,Sosyal,Folklor
792,78,Folklor,Sosyal > Sosyal > Folklor,Sosyal,True,Sosyal,Sosyal,Folklor
793,78,Folklor,Sosyal > Sosyal > Folklor,Sosyal,True,Sosyal,Sosyal,Folklor
794,78,Folklor,Sosyal > Sosyal > Folklor,Sosyal,True,Sosyal,Sosyal,Folklor
795,78,Folklor,Sosyal > Sosyal > Folklor,Sosyal,True,Sosyal,Sosyal,Folklor
796,78,Folklor,Sosyal > Sosyal > Folklor,Sosyal,True,Sosyal,Sosyal,Folklor
797,97,İnşaat Mühendisliği,Fen > Mühendislik > İnşaat Mühendisliği,Fen,True,Fen,Mühendislik,İnşaat Mühendisliği
798,97,İnşaat Mühendisliği,Fen > Mühendislik > İnşaat Mühendisliği,Fen,True,Fen,Mühendislik,İnşaat Mühendisliği
798,197,Transplantasyon,Fen > Tıp > Transplantasyon,Fen,True,Fen,Tıp,Transplantasyon
799,97,İnşaat Mühendisliği,Fen > Mühendislik > İnşaat Mühendisliği,Fen,True,Fen,Mühendislik,İnşaat Mühendisliği
799,137,Mimarlık,Fen > Mühendislik > Mimarlık,Fen,True,Fen,Mühendislik,Mimarlık
800,97,İnşaat Mühendisliği,Fen > Mühendislik > İnşaat Mühendisliği,Fen,True,Fen,Mühendislik,İnşaat Mühendisliği
800,129,"Malzeme Bilimleri, Tekstil","Fen > Mühendislik > Malzeme Bilimleri, Tekstil",Fen,True,Fen,Mühendislik,"Malzeme Bilimleri, Tekstil"
800,137,Mimarlık,Fen > Mühendislik > Mimarlık,Fen,True,Fen,Mühendislik,Mimarlık
801,97,İnşaat Mühendisliği,Fen > Mühendislik > İnşaat Mühendisliği,Fen,True,Fen,Mühendislik,İnşaat Mühendisliği
801,145,"Mühendislik, Makine","Fen > Mühendislik > Mühendislik, Makine",Fen,True,Fen,Mühendislik,"Mühendislik, Makine"
801,187,Taşınım Bilimi ve Teknolojisi,Fen > Mühendislik > Taşınım Bilimi ve Teknolojisi,Fen,True,Fen,Mühendislik,Taşınım Bilimi ve Teknolojisi
802,97,İnşaat Mühendisliği,Fen > Mühendislik > İnşaat Mühendisliği,Fen,True,Fen,Mühendislik,İnşaat Mühendisliği
802,138,Mineraloji,Fen > Temel Bilimler > Mineraloji,Fen,True,Fen,Temel Bilimler,Mineraloji
803,97,İnşaat Mühendisliği,Fen > Mühendislik > İnşaat Mühendisliği,Fen,True,Fen,Mühendislik,İnşaat Mühendisliği
803,137,Mimarlık,Fen > Mühendislik > Mimarlık,Fen,True,Fen,Mühendislik,Mimarlık
804,97,İnşaat Mühendisliği,Fen > Mühendislik > İnşaat Mühendisliği,Fen,True,Fen,Mühendislik,İnşaat Mühendisliği
804,187,Taşınım Bilimi ve Teknolojisi,Fen > Mühendislik > Taşınım Bilimi ve Teknolojisi,Fen,True,Fen,Mühendislik,Taşınım Bilimi ve Teknolojisi
805,97,İnşaat Mühendisliği,Fen > Mühendislik > İnşaat Mühendisliği,Fen,True,Fen,Mühendislik,İnşaat Mühendisliği
805,98,İnşaat ve Yapı Teknolojisi,Fen > Mühendislik > İnşaat ve Yapı Teknolojisi,Fen,True,Fen,Mühendislik,İnşaat ve Yapı Teknolojisi
806,97,İnşaat Mühendisliği,Fen > Mühendislik > İnşaat Mühendisliği,Fen,True,Fen,Mühendislik,İnşaat Mühendisliği
808,42,Coğrafya,Sosyal > Sosyal > Coğrafya,Sosyal,True,Sosyal,Sosyal,Coğrafya
808,159,"Otelcilik, Konaklama, Spor ve Turizm","Sosyal > Sosyal > Otelcilik, Konaklama, Spor ve Turizm",Sosyal,True,Sosyal,Sosyal,"Otelcilik, Konaklama, Spor ve Turizm"
809,181,Spor Bilimleri,Fen > Tıp > Spor Bilimleri,Fen,True,Fen,Tıp,Spor Bilimleri
809,159,"Otelcilik, Konaklama, Spor ve Turizm","Sosyal > Sosyal > Otelcilik, Konaklama, Spor ve Turizm",Sosyal,True,Sosyal,Sosyal,"Otelcilik, Konaklama, Spor ve Turizm"
810,181,Spor Bilimleri,Fen > Tıp > Spor Bilimleri,Fen,True,Fen,Tıp,Spor Bilimleri
810,159,"Otelcilik, Konaklama, Spor ve Turizm","Sosyal > Sosyal > Otelcilik, Konaklama, Spor ve Turizm",Sosyal,True,Sosyal,Sosyal,"Otelcilik, Konaklama, Spor ve Turizm"
811,181,Spor Bilimleri,Fen > Tıp > Spor Bilimleri,Fen,True,Fen,Tıp,Spor Bilimleri
811,159,"Otelcilik, Konaklama, Spor ve Turizm","Sosyal > Sosyal > Otelcilik, Konaklama, Spor ve Turizm",Sosyal,True,Sosyal,Sosyal,"Otelcilik, Konaklama, Spor ve Turizm"
812,159,"Otelcilik, Konaklama, Spor ve Turizm","Sosyal > Sosyal > Otelcilik, Konaklama, Spor ve Turizm",Sosyal,True,Sosyal,Sosyal,"Otelcilik, Konaklama, Spor ve Turizm"
813,55,"Eğitim, Eğitim Araştırmaları","Sosyal > Sosyal > Eğitim, Eğitim Araştırmaları",Sosyal,True,Sosyal,Sosyal,"Eğitim, Eğitim Araştırmaları"
813,159,"Otelcilik, Konaklama, Spor ve Turizm","Sosyal > Sosyal > Otelcilik, Konaklama, Spor ve Turizm",Sosyal,True,Sosyal,Sosyal,"Otelcilik, Konaklama, Spor ve Turizm"
814,181,Spor Bilimleri,Fen > Tıp > Spor Bilimleri,Fen,True,Fen,Tıp,Spor Bilimleri
814,159,"Otelcilik, Konaklama, Spor ve Turizm","Sosyal > Sosyal > Otelcilik, Konaklama, Spor ve Turizm",Sosyal,True,Sosyal,Sosyal,"Otelcilik, Konaklama, Spor ve Turizm"
815,83,Gıda Bilimi ve Teknolojisi,Fen > Mühendislik > Gıda Bilimi ve Teknolojisi,Fen,True,Fen,Mühendislik,Gıda Bilimi ve Teknolojisi
815,137,Mimarlık,Fen > Mühendislik > Mimarlık,Fen,True,Fen,Mühendislik,Mimarlık
815,159,"Otelcilik, Konaklama, Spor ve Turizm","Sosyal > Sosyal > Otelcilik, Konaklama, Spor ve Turizm",Sosyal,True,Sosyal,Sosyal,"Otelcilik, Konaklama, Spor ve Turizm"
816,159,"Otelcilik, Konaklama, Spor ve Turizm","Sosyal > Sosyal > Otelcilik, Konaklama, Spor ve Turizm",Sosyal,True,Sosyal,Sosyal,"Otelcilik, Konaklama, Spor ve Turizm"
816,174,Sanat,Sosyal > Sosyal > Sanat,Sosyal,True,Sosyal,Sosyal,Sanat
819,58,Endokrinoloji ve Metabolizma,Fen > Tıp > Endokrinoloji ve Metabolizma,Fen,True,Fen,Tıp,Endokrinoloji ve Metabolizma
819,61,Enfeksiyon Hastalıkları,Fen > Tıp > Enfeksiyon Hastalıkları,Fen,True,Fen,Tıp,Enfeksiyon Hastalıkları
821,58,Endokrinoloji ve Metabolizma,Fen > Tıp > Endokrinoloji ve Metabolizma,Fen,True,Fen,Tıp,Endokrinoloji ve Metabolizma
822,58,Endokrinoloji ve Metabolizma,Fen > Tıp > Endokrinoloji ve Metabolizma,Fen,True,Fen,Tıp,Endokrinoloji ve Metabolizma
822,117,"Kulak, Burun, Boğaz","Fen > Tıp > Kulak, Burun, Boğaz",Fen,True,Fen,Tıp,"Kulak, Burun, Boğaz"
823,58,Endokrinoloji ve Metabolizma,Fen > Tıp > Endokrinoloji ve Metabolizma,Fen,True,Fen,Tıp,Endokrinoloji ve Metabolizma
823,25,Beslenme ve Diyetetik,Sosyal > Sosyal > Beslenme ve Diyetetik,Sosyal,True,Sosyal,Sosyal,Beslenme ve Diyetetik
825,58,Endokrinoloji ve Metabolizma,Fen > Tıp > Endokrinoloji ve Metabolizma,Fen,True,Fen,Tıp,Endokrinoloji ve Metabolizma
825,106,Kadın Hastalıkları ve Doğum,Fen > Tıp > Kadın Hastalıkları ve Doğum,Fen,True,Fen,Tıp,Kadın Hastalıkları ve Doğum
825,25,Beslenme ve Diyetetik,Sosyal > Sosyal > Beslenme ve Diyetetik,Sosyal,True,Sosyal,Sosyal,Beslenme ve Diyetetik
826,58,Endokrinoloji ve Metabolizma,Fen > Tıp > Endokrinoloji ve Metabolizma,Fen,True,Fen,Tıp,Endokrinoloji ve Metabolizma
828,102,İşletme Finans,Sosyal > Sosyal > İşletme Finans,Sosyal,True,Sosyal,Sosyal,İşletme Finans
830,93,İktisat,Sosyal > Sosyal > İktisat,Sosyal,True,Sosyal,Sosyal,İktisat
830,102,İşletme Finans,Sosyal > Sosyal > İşletme Finans,Sosyal,True,Sosyal,Sosyal,İşletme Finans
831,101,İşletme,Sosyal > Sosyal > İşletme,Sosyal,True,Sosyal,Sosyal,İşletme
831,102,İşletme Finans,Sosyal > Sosyal > İşletme Finans,Sosyal,True,Sosyal,Sosyal,İşletme Finans
832,93,İktisat,Sosyal > Sosyal > İktisat,Sosyal,True,Sosyal,Sosyal,İktisat
832,102,İşletme Finans,Sosyal > Sosyal > İşletme Finans,Sosyal,True,Sosyal,Sosyal,İşletme Finans
833,101,İşletme,Sosyal > Sosyal > İşletme,Sosyal,True,Sosyal,Sosyal,İşletme
833,102,İşletme Finans,Sosyal > Sosyal > İşletme Finans,Sosyal,True,Sosyal,Sosyal,İşletme Finans
834,93,İktisat,Sosyal > Sosyal > İktisat,Sosyal,True,Sosyal,Sosyal,İktisat
834,101,İşletme,Sosyal > Sosyal > İşletme,Sosyal,True,Sosyal,Sosyal,İşletme
834,102,İşletme Finans,Sosyal > Sosyal > İşletme Finans,Sosyal,True,Sosyal,Sosyal,İşletme Finans
835,27,"Bilgi, Belge Yönetimi","Sosyal > Sosyal > Bilgi, Belge Yönetimi",Sosyal,True,Sosyal,Sosyal,"Bilgi, Belge Yönetimi"
835,101,İşletme,Sosyal > Sosyal > İşletme,Sosyal,True,Sosyal,Sosyal,İşletme
835,102,İşletme Finans,Sosyal > Sosyal > İşletme Finans,Sosyal,True,Sosyal,Sosyal,İşletme Finans
836,93,İktisat,Sosyal > Sosyal > İktisat,Sosyal,True,Sosyal,Sosyal,İktisat
836,102,İşletme Finans,Sosyal > Sosyal > İşletme Finans,Sosyal,True,Sosyal,Sosyal,İşletme Finans
837,115,Klinik Nöroloji,Fen > Tıp > Klinik Nöroloji,Fen,True,Fen,Tıp,Klinik Nöroloji
837,152,Odyoloji ve Konuşma-Dil Patolojisi,Fen > Tıp > Odyoloji ve Konuşma-Dil Patolojisi,Fen,True,Fen,Tıp,Odyoloji ve Konuşma-Dil Patolojisi
837,166,Psikiyatri,Fen > Tıp > Psikiyatri,Fen,True,Fen,Tıp,Psikiyatri
838,166,Psikiyatri,Fen > Tıp > Psikiyatri,Fen,True,Fen,Tıp,Psikiyatri
838,167,Psikoloji,Sosyal > Sosyal > Psikoloji,Sosyal,True,Sosyal,Sosyal,Psikoloji
841,166,Psikiyatri,Fen > Tıp > Psikiyatri,Fen,True,Fen,Tıp,Psikiyatri
841,167,Psikoloji,Sosyal > Sosyal > Psikoloji,Sosyal,True,Sosyal,Sosyal,Psikoloji
842,115,Klinik Nöroloji,Fen > Tıp > Klinik Nöroloji,Fen,True,Fen,Tıp,Klinik Nöroloji
842,166,Psikiyatri,Fen > Tıp > Psikiyatri,Fen,True,Fen,Tıp,Psikiyatri
843,66,Farmakoloji ve Eczacılık,Fen > Eczacılık > Farmakoloji ve Eczacılık,Fen,True,Fen,Eczacılık,Farmakoloji ve Eczacılık
843,166,Psikiyatri,Fen > Tıp > Psikiyatri,Fen,True,Fen,Tıp,Psikiyatri
845,166,Psikiyatri,Fen > Tıp > Psikiyatri,Fen,True,Fen,Tıp,Psikiyatri
845,167,Psikoloji,Sosyal > Sosyal > Psikoloji,Sosyal,True,Sosyal,Sosyal,Psikoloji
846,166,Psikiyatri,Fen > Tıp > Psikiyatri,Fen,True,Fen,Tıp,Psikiyatri
846,172,Sağlık Bilimleri ve Hizmetleri,Fen > Tıp > Sağlık Bilimleri ve Hizmetleri,Fen,True,Fen,Tıp,Sağlık Bilimleri ve Hizmetleri
846,167,Psikoloji,Sosyal > Sosyal > Psikoloji,Sosyal,True,Sosyal,Sosyal,Psikoloji
856,178,Sosyal Çalışma,Sosyal > Sosyal > Sosyal Çalışma,Sosyal,True,Sosyal,Sosyal,Sosyal Çalışma
857,81,Genetik ve Kalıtım,Fen > Temel Bilimler > Genetik ve Kalıtım,Fen,True,Fen,Temel Bilimler,Genetik ve Kalıtım
857,35,Bitki Bilimleri,Fen > Ziraat > Bitki Bilimleri,Fen,True,Fen,Ziraat,Bitki Bilimleri
857,20,Arkeoloji,Sosyal > Sosyal > Arkeoloji,Sosyal,True,Sosyal,Sosyal,Arkeoloji
858,137,Mimarlık,Fen > Mühendislik > Mimarlık,Fen,True,Fen,Mühendislik,Mimarlık
858,20,Arkeoloji,Sosyal > Sosyal > Arkeoloji,Sosyal,True,Sosyal,Sosyal,Arkeoloji
859,47,Denizcilik,Fen > Mühendislik > Denizcilik,Fen,True,Fen,Mühendislik,Denizcilik
859,137,Mimarlık,Fen > Mühendislik > Mimarlık,Fen,True,Fen,Mühendislik,Mimarlık
859,20,Arkeoloji,Sosyal > Sosyal > Arkeoloji,Sosyal,True,Sosyal,Sosyal,Arkeoloji
860,20,Arkeoloji,Sosyal > Sosyal > Arkeoloji,Sosyal,True,Sosyal,Sosyal,Arkeoloji
860,42,Coğrafya,Sosyal > Sosyal > Coğrafya,Sosyal,True,Sosyal,Sosyal,Coğrafya
860,185,Tarih,Sosyal > Sosyal > Tarih,Sosyal,True,Sosyal,Sosyal,Tarih
861,137,Mimarlık,Fen > Mühendislik > Mimarlık,Fen,True,Fen,Mühendislik,Mimarlık
861,20,Arkeoloji,Sosyal > Sosyal > Arkeoloji,Sosyal,True,Sosyal,Sosyal,Arkeoloji
862,20,Arkeoloji,Sosyal > Sosyal > Arkeoloji,Sosyal,True,Sosyal,Sosyal,Arkeoloji
862,185,Tarih,Sosyal > Sosyal > Tarih,Sosyal,True,Sosyal,Sosyal,Tarih
863,20,Arkeoloji,Sosyal > Sosyal > Arkeoloji,Sosyal,True,Sosyal,Sosyal,Arkeoloji
863,42,Coğrafya,Sosyal > Sosyal > Coğrafya,Sosyal,True,Sosyal,Sosyal,Coğrafya
863,185,Tarih,Sosyal > Sosyal > Tarih,Sosyal,True,Sosyal,Sosyal,Tarih
864,20,Arkeoloji,Sosyal > Sosyal > Arkeoloji,Sosyal,True,Sosyal,Sosyal,Arkeoloji
864,185,Tarih,Sosyal > Sosyal > Tarih,Sosyal,True,Sosyal,Sosyal,Tarih
865,20,Arkeoloji,Sosyal > Sosyal > Arkeoloji,Sosyal,True,Sosyal,Sosyal,Arkeoloji
865,185,Tarih,Sosyal > Sosyal > Tarih,Sosyal,True,Sosyal,Sosyal,Tarih
866,138,Mineraloji,Fen > Temel Bilimler > Mineraloji,Fen,True,Fen,Temel Bilimler,Mineraloji
866,20,Arkeoloji,Sosyal > Sosyal > Arkeoloji,Sosyal,True,Sosyal,Sosyal,Arkeoloji
866,174,Sanat,Sosyal > Sosyal > Sanat,Sosyal,True,Sosyal,Sosyal,Sanat
869,181,Spor Bilimleri,Fen > Tıp > Spor Bilimleri,Fen,True,Fen,Tıp,Spor Bilimleri
869,25,Beslenme ve Diyetetik,Sosyal > Sosyal > Beslenme ve Diyetetik,Sosyal,True,Sosyal,Sosyal,Beslenme ve Diyetetik
870,181,Spor Bilimleri,Fen > Tıp > Spor Bilimleri,Fen,True,Fen,Tıp,Spor Bilimleri
870,25,Beslenme ve Diyetetik,Sosyal > Sosyal > Beslenme ve Diyetetik,Sosyal,True,Sosyal,Sosyal,Beslenme ve Diyetetik
871,25,Beslenme ve Diyetetik,Sosyal > Sosyal > Beslenme ve Diyetetik,Sosyal,True,Sosyal,Sosyal,Beslenme ve Diyetetik
871,55,"Eğitim, Eğitim Araştırmaları","Sosyal > Sosyal > Eğitim, Eğitim Araştırmaları",Sosyal,True,Sosyal,Sosyal,"Eğitim, Eğitim Araştırmaları"
873,25,Beslenme ve Diyetetik,Sosyal > Sosyal > Beslenme ve Diyetetik,Sosyal,True,Sosyal,Sosyal,Beslenme ve Diyetetik
873,167,Psikoloji,Sosyal > Sosyal > Psikoloji,Sosyal,True,Sosyal,Sosyal,Psikoloji
874,25,Beslenme ve Diyetetik,Sosyal > Sosyal > Beslenme ve Diyetetik,Sosyal,True,Sosyal,Sosyal,Beslenme ve Diyetetik
875,25,Beslenme ve Diyetetik,Sosyal > Sosyal > Beslenme ve Diyetetik,Sosyal,True,Sosyal,Sosyal,Beslenme ve Diyetetik
876,25,Beslenme ve Diyetetik,Sosyal > Sosyal > Beslenme ve Diyetetik,Sosyal,True,Sosyal,Sosyal,Beslenme ve Diyetetik
882,44,Çevre Çalışmaları,Sosyal > Sosyal > Çevre Çalışmaları,Sosyal,True,Sosyal,Sosyal,Çevre Çalışmaları
882,94,İletişim,Sosyal > Sosyal > İletişim,Sosyal,True,Sosyal,Sosyal,İletişim
883,44,Çevre Çalışmaları,Sosyal > Sosyal > Çevre Çalışmaları,Sosyal,True,Sosyal,Sosyal,Çevre Çalışmaları
883,101,İşletme,Sosyal > Sosyal > İşletme,Sosyal,True,Sosyal,Sosyal,İşletme
884,44,Çevre Çalışmaları,Sosyal > Sosyal > Çevre Çalışmaları,Sosyal,True,Sosyal,Sosyal,Çevre Çalışmaları
884,55,"Eğitim, Eğitim Araştırmaları","Sosyal > Sosyal > Eğitim, Eğitim Araştırmaları",Sosyal,True,Sosyal,Sosyal,"Eğitim, Eğitim Araştırmaları"
884,93,İktisat,Sosyal > Sosyal > İktisat,Sosyal,True,Sosyal,Sosyal,İktisat
886,44,Çevre Çalışmaları,Sosyal > Sosyal > Çevre Çalışmaları,Sosyal,True,Sosyal,Sosyal,Çevre Çalışmaları
886,101,İşletme,Sosyal > Sosyal > İşletme,Sosyal,True,Sosyal,Sosyal,İşletme
888,137,Mimarlık,Fen > Mühendislik > Mimarlık,Fen,True,Fen,Mühendislik,Mimarlık
889,137,Mimarlık,Fen > Mühendislik > Mimarlık,Fen,True,Fen,Mühendislik,Mimarlık
889,179,Sosyoloji,Sosyal > Sosyal > Sosyoloji,Sosyal,True,Sosyal,Sosyal,Sosyoloji
890,137,Mimarlık,Fen > Mühendislik > Mimarlık,Fen,True,Fen,Mühendislik,Mimarlık
890,109,Kentsel Çalışmalar,Sosyal > Sosyal > Kentsel Çalışmalar,Sosyal,True,Sosyal,Sosyal,Kentsel Çalışmalar
891,137,Mimarlık,Fen > Mühendislik > Mimarlık,Fen,True,Fen,Mühendislik,Mimarlık
891,109,Kentsel Çalışmalar,Sosyal > Sosyal > Kentsel Çalışmalar,Sosyal,True,Sosyal,Sosyal,Kentsel Çalışmalar
892,196,Toksikoloji,Fen > Eczacılık > Toksikoloji,Fen,True,Fen,Eczacılık,Toksikoloji
892,137,Mimarlık,Fen > Mühendislik > Mimarlık,Fen,True,Fen,Mühendislik,Mimarlık
892,35,Bitki Bilimleri,Fen > Ziraat > Bitki Bilimleri,Fen,True,Fen,Ziraat,Bitki Bilimleri
893,137,Mimarlık,Fen > Mühendislik > Mimarlık,Fen,True,Fen,Mühendislik,Mimarlık
893,35,Bitki Bilimleri,Fen > Ziraat > Bitki Bilimleri,Fen,True,Fen,Ziraat,Bitki Bilimleri
894,137,Mimarlık,Fen > Mühendislik > Mimarlık,Fen,True,Fen,Mühendislik,Mimarlık
895,137,Mimarlık,Fen > Mühendislik > Mimarlık,Fen,True,Fen,Mühendislik,Mimarlık
897,124,"Malzeme Bilimleri, Kâğıt ve Ahşap","Fen > Mühendislik > Malzeme Bilimleri, Kâğıt ve Ahşap",Fen,True,Fen,Mühendislik,"Malzeme Bilimleri, Kâğıt ve Ahşap"
897,127,"Malzeme Bilimleri, Özellik ve Test","Fen > Mühendislik > Malzeme Bilimleri, Özellik ve Test",Fen,True,Fen,Mühendislik,"Malzeme Bilimleri, Özellik ve Test"
897,155,Orman Mühendisliği,Fen > Mühendislik > Orman Mühendisliği,Fen,True,Fen,Mühendislik,Orman Mühendisliği
898,127,"Malzeme Bilimleri, Özellik ve Test","Fen > Mühendislik > Malzeme Bilimleri, Özellik ve Test",Fen,True,Fen,Mühendislik,"Malzeme Bilimleri, Özellik ve Test"
898,151,Nükleer Bilim ve Teknolojisi,Fen > Mühendislik > Nükleer Bilim ve Teknolojisi,Fen,True,Fen,Mühendislik,Nükleer Bilim ve Teknolojisi
898,168,"Radyoloji, Nükleer Tıp, Tıbbi Görüntüleme","Fen > Tıp > Radyoloji, Nükleer Tıp, Tıbbi Görüntüleme",Fen,True,Fen,Tıp,"Radyoloji, Nükleer Tıp, Tıbbi Görüntüleme"
899,52,Diş Hekimliği,Fen > Diş Hekimliği > Diş Hekimliği,Fen,True,Fen,Diş Hekimliği,Diş Hekimliği
899,127,"Malzeme Bilimleri, Özellik ve Test","Fen > Mühendislik > Malzeme Bilimleri, Özellik ve Test",Fen,True,Fen,Mühendislik,"Malzeme Bilimleri, Özellik ve Test"
900,127,"Malzeme Bilimleri, Özellik ve Test","Fen > Mühendislik > Malzeme Bilimleri, Özellik ve Test",Fen,True,Fen,Mühendislik,"Malzeme Bilimleri, Özellik ve Test"
900,148,Nanobilim ve Nanoteknoloji,Fen > Mühendislik > Nanobilim ve Nanoteknoloji,Fen,True,Fen,Mühendislik,Nanobilim ve Nanoteknoloji
901,127,"Malzeme Bilimleri, Özellik ve Test","Fen > Mühendislik > Malzeme Bilimleri, Özellik ve Test",Fen,True,Fen,Mühendislik,"Malzeme Bilimleri, Özellik ve Test"
901,145,"Mühendislik, Makine","Fen > Mühendislik > Mühendislik, Makine",Fen,True,Fen,Mühendislik,"Mühendislik, Makine"
902,127,"Malzeme Bilimleri, Özellik ve Test","Fen > Mühendislik > Malzeme Bilimleri, Özellik ve Test",Fen,True,Fen,Mühendislik,"Malzeme Bilimleri, Özellik ve Test"
902,133,Metalürji Mühendisliği,Fen > Mühendislik > Metalürji Mühendisliği,Fen,True,Fen,Mühendislik,Metalürji Mühendisliği
903,127,"Malzeme Bilimleri, Özellik ve Test","Fen > Mühendislik > Malzeme Bilimleri, Özellik ve Test",Fen,True,Fen,Mühendislik,"Malzeme Bilimleri, Özellik ve Test"
903,133,Metalürji Mühendisliği,Fen > Mühendislik > Metalürji Mühendisliği,Fen,True,Fen,Mühendislik,Metalürji Mühendisliği
903,148,Nanobilim ve Nanoteknoloji,Fen > Mühendislik > Nanobilim ve Nanoteknoloji,Fen,True,Fen,Mühendislik,Nanobilim ve Nanoteknoloji
904,97,İnşaat Mühendisliği,Fen > Mühendislik > İnşaat Mühendisliği,Fen,True,Fen,Mühendislik,İnşaat Mühendisliği
904,98,İnşaat ve Yapı Teknolojisi,Fen > Mühendislik > İnşaat ve Yapı Teknolojisi,Fen,True,Fen,Mühendislik,İnşaat ve Yapı Teknolojisi
904,127,"Malzeme Bilimleri, Özellik ve Test","Fen > Mühendislik > Malzeme Bilimleri, Özellik ve Test",Fen,True,Fen,Mühendislik,"Malzeme Bilimleri, Özellik ve Test"
905,127,"Malzeme Bilimleri, Özellik ve Test","Fen > Mühendislik > Malzeme Bilimleri, Özellik ve Test",Fen,True,Fen,Mühendislik,"Malzeme Bilimleri, Özellik ve Test"
905,129,"Malzeme Bilimleri, Tekstil","Fen > Mühendislik > Malzeme Bilimleri, Tekstil",Fen,True,Fen,Mühendislik,"Malzeme Bilimleri, Tekstil"
905,145,"Mühendislik, Makine","Fen > Mühendislik > Mühendislik, Makine",Fen,True,Fen,Mühendislik,"Mühendislik, Makine"
906,124,"Malzeme Bilimleri, Kâğıt ve Ahşap","Fen > Mühendislik > Malzeme Bilimleri, Kâğıt ve Ahşap",Fen,True,Fen,Mühendislik,"Malzeme Bilimleri, Kâğıt ve Ahşap"
906,126,"Malzeme Bilimleri, Kompozitler","Fen > Mühendislik > Malzeme Bilimleri, Kompozitler",Fen,True,Fen,Mühendislik,"Malzeme Bilimleri, Kompozitler"
906,127,"Malzeme Bilimleri, Özellik ve Test","Fen > Mühendislik > Malzeme Bilimleri, Özellik ve Test",Fen,True,Fen,Mühendislik,"Malzeme Bilimleri, Özellik ve Test"
907,141,"Mühendislik, Elektrik ve Elektronik","Fen > Mühendislik > Mühendislik, Elektrik ve Elektronik",Fen,True,Fen,Mühendislik,"Mühendislik, Elektrik ve Elektronik"
907,187,Taşınım Bilimi ve Teknolojisi,Fen > Mühendislik > Taşınım Bilimi ve Teknolojisi,Fen,True,Fen,Mühendislik,Taşınım Bilimi ve Teknolojisi
908,29,"Bilgisayar Bilimleri, Donanım ve Mimari","Fen > Mühendislik > Bilgisayar Bilimleri, Donanım ve Mimari",Fen,True,Fen,Mühendislik,"Bilgisayar Bilimleri, Donanım ve Mimari"
908,141,"Mühendislik, Elektrik ve Elektronik","Fen > Mühendislik > Mühendislik, Elektrik ve Elektronik",Fen,True,Fen,Mühendislik,"Mühendislik, Elektrik ve Elektronik"
909,141,"Mühendislik, Elektrik ve Elektronik","Fen > Mühendislik > Mühendislik, Elektrik ve Elektronik",Fen,True,Fen,Mühendislik,"Mühendislik, Elektrik ve Elektronik"
909,188,Telekomünikasyon,Fen > Mühendislik > Telekomünikasyon,Fen,True,Fen,Mühendislik,Telekomünikasyon
910,141,"Mühendislik, Elektrik ve Elektronik","Fen > Mühendislik > Mühendislik, Elektrik ve Elektronik",Fen,True,Fen,Mühendislik,"Mühendislik, Elektrik ve Elektronik"
910,155,Orman Mühendisliği,Fen > Mühendislik > Orman Mühendisliği,Fen,True,Fen,Mühendislik,Orman Mühendisliği
910,188,Telekomünikasyon,Fen > Mühendislik > Telekomünikasyon,Fen,True,Fen,Mühendislik,Telekomünikasyon
911,141,"Mühendislik, Elektrik ve Elektronik","Fen > Mühendislik > Mühendislik, Elektrik ve Elektronik",Fen,True,Fen,Mühendislik,"Mühendislik, Elektrik ve Elektronik"
911,36,Biyofizik,Fen > Tıp > Biyofizik,Fen,True,Fen,Tıp,Biyofizik
912,141,"Mühendislik, Elektrik ve Elektronik","Fen > Mühendislik > Mühendislik, Elektrik ve Elektronik",Fen,True,Fen,Mühendislik,"Mühendislik, Elektrik ve Elektronik"
912,203,"Yeşil, Sürdürülebilir Bilim ve Teknoloji","Fen > Mühendislik > Yeşil, Sürdürülebilir Bilim ve Teknoloji",Fen,True,Fen,Mühendislik,"Yeşil, Sürdürülebilir Bilim ve Teknoloji"
913,60,Enerji ve Yakıtlar,Fen > Mühendislik > Enerji ve Yakıtlar,Fen,True,Fen,Mühendislik,Enerji ve Yakıtlar
913,141,"Mühendislik, Elektrik ve Elektronik","Fen > Mühendislik > Mühendislik, Elektrik ve Elektronik",Fen,True,Fen,Mühendislik,"Mühendislik, Elektrik ve Elektronik"
913,145,"Mühendislik, Makine","Fen > Mühendislik > Mühendislik, Makine",Fen,True,Fen,Mühendislik,"Mühendislik, Makine"
913,187,Taşınım Bilimi ve Teknolojisi,Fen > Mühendislik > Taşınım Bilimi ve Teknolojisi,Fen,True,Fen,Mühendislik,Taşınım Bilimi ve Teknolojisi
914,141,"Mühendislik, Elektrik ve Elektronik","Fen > Mühendislik > Mühendislik, Elektrik ve Elektronik",Fen,True,Fen,Mühendislik,"Mühendislik, Elektrik ve Elektronik"
914,145,"Mühendislik, Makine","Fen > Mühendislik > Mühendislik, Makine",Fen,True,Fen,Mühendislik,"Mühendislik, Makine"
914,187,Taşınım Bilimi ve Teknolojisi,Fen > Mühendislik > Taşınım Bilimi ve Teknolojisi,Fen,True,Fen,Mühendislik,Taşınım Bilimi ve Teknolojisi
915,141,"Mühendislik, Elektrik ve Elektronik","Fen > Mühendislik > Mühendislik, Elektrik ve Elektronik",Fen,True,Fen,Mühendislik,"Mühendislik, Elektrik ve Elektronik"
916,60,Enerji ve Yakıtlar,Fen > Mühendislik > Enerji ve Yakıtlar,Fen,True,Fen,Mühendislik,Enerji ve Yakıtlar
916,141,"Mühendislik, Elektrik ve Elektronik","Fen > Mühendislik > Mühendislik, Elektrik ve Elektronik",Fen,True,Fen,Mühendislik,"Mühendislik, Elektrik ve Elektronik"
917,157,Ortopedi,Fen > Tıp > Ortopedi,Fen,True,Fen,Tıp,Ortopedi
917,169,Rehabilitasyon,Fen > Tıp > Rehabilitasyon,Fen,True,Fen,Tıp,Rehabilitasyon
918,157,Ortopedi,Fen > Tıp > Ortopedi,Fen,True,Fen,Tıp,Ortopedi
918,169,Rehabilitasyon,Fen > Tıp > Rehabilitasyon,Fen,True,Fen,Tıp,Rehabilitasyon
919,157,Ortopedi,Fen > Tıp > Ortopedi,Fen,True,Fen,Tıp,Ortopedi
919,169,Rehabilitasyon,Fen > Tıp > Rehabilitasyon,Fen,True,Fen,Tıp,Rehabilitasyon
920,157,Ortopedi,Fen > Tıp > Ortopedi,Fen,True,Fen,Tıp,Ortopedi
920,168,"Radyoloji, Nükleer Tıp, Tıbbi Görüntüleme","Fen > Tıp > Radyoloji, Nükleer Tıp, Tıbbi Görüntüleme",Fen,True,Fen,Tıp,"Radyoloji, Nükleer Tıp, Tıbbi Görüntüleme"
921,157,Ortopedi,Fen > Tıp > Ortopedi,Fen,True,Fen,Tıp,Ortopedi
922,165,Polimer Bilimi,Fen > Mühendislik > Polimer Bilimi,Fen,True,Fen,Mühendislik,Polimer Bilimi
922,157,Ortopedi,Fen > Tıp > Ortopedi,Fen,True,Fen,Tıp,Ortopedi
922,168,"Radyoloji, Nükleer Tıp, Tıbbi Görüntüleme","Fen > Tıp > Radyoloji, Nükleer Tıp, Tıbbi Görüntüleme",Fen,True,Fen,Tıp,"Radyoloji, Nükleer Tıp, Tıbbi Görüntüleme"
924,157,Ortopedi,Fen > Tıp > Ortopedi,Fen,True,Fen,Tıp,Ortopedi
924,169,Rehabilitasyon,Fen > Tıp > Rehabilitasyon,Fen,True,Fen,Tıp,Rehabilitasyon
924,181,Spor Bilimleri,Fen > Tıp > Spor Bilimleri,Fen,True,Fen,Tıp,Spor Bilimleri
925,157,Ortopedi,Fen > Tıp > Ortopedi,Fen,True,Fen,Tıp,Ortopedi
925,27,"Bilgi, Belge Yönetimi","Sosyal > Sosyal > Bilgi, Belge Yönetimi",Sosyal,True,Sosyal,Sosyal,"Bilgi, Belge Yönetimi"
926,41,Cerrahi,Fen > Tıp > Cerrahi,Fen,True,Fen,Tıp,Cerrahi
926,153,Onkoloji,Fen > Tıp > Onkoloji,Fen,True,Fen,Tıp,Onkoloji
926,157,Ortopedi,Fen > Tıp > Ortopedi,Fen,True,Fen,Tıp,Ortopedi
930,148,Nanobilim ve Nanoteknoloji,Fen > Mühendislik > Nanobilim ve Nanoteknoloji,Fen,True,Fen,Mühendislik,Nanobilim ve Nanoteknoloji
930,40,Biyoteknoloji ve Uygulamalı Mikrobiyoloji,Fen > Tıp > Biyoteknoloji ve Uygulamalı Mikrobiyoloji,Fen,True,Fen,Tıp,Biyoteknoloji ve Uygulamalı Mikrobiyoloji
930,35,Bitki Bilimleri,Fen > Ziraat > Bitki Bilimleri,Fen,True,Fen,Ziraat,Bitki Bilimleri
931,60,Enerji ve Yakıtlar,Fen > Mühendislik > Enerji ve Yakıtlar,Fen,True,Fen,Mühendislik,Enerji ve Yakıtlar
931,40,Biyoteknoloji ve Uygulamalı Mikrobiyoloji,Fen > Tıp > Biyoteknoloji ve Uygulamalı Mikrobiyoloji,Fen,True,Fen,Tıp,Biyoteknoloji ve Uygulamalı Mikrobiyoloji
932,40,Biyoteknoloji ve Uygulamalı Mikrobiyoloji,Fen > Tıp > Biyoteknoloji ve Uygulamalı Mikrobiyoloji,Fen,True,Fen,Tıp,Biyoteknoloji ve Uygulamalı Mikrobiyoloji
932,42,Coğrafya,Sosyal > Sosyal > Coğrafya,Sosyal,True,Sosyal,Sosyal,Coğrafya
932,185,Tarih,Sosyal > Sosyal > Tarih,Sosyal,True,Sosyal,Sosyal,Tarih
933,62,Entomoloji,Fen > Temel Bilimler > Entomoloji,Fen,True,Fen,Temel Bilimler,Entomoloji
933,40,Biyoteknoloji ve Uygulamalı Mikrobiyoloji,Fen > Tıp > Biyoteknoloji ve Uygulamalı Mikrobiyoloji,Fen,True,Fen,Tıp,Biyoteknoloji ve Uygulamalı Mikrobiyoloji
933,35,Bitki Bilimleri,Fen > Ziraat > Bitki Bilimleri,Fen,True,Fen,Ziraat,Bitki Bilimleri
934,40,Biyoteknoloji ve Uygulamalı Mikrobiyoloji,Fen > Tıp > Biyoteknoloji ve Uygulamalı Mikrobiyoloji,Fen,True,Fen,Tıp,Biyoteknoloji ve Uygulamalı Mikrobiyoloji
934,35,Bitki Bilimleri,Fen > Ziraat > Bitki Bilimleri,Fen,True,Fen,Ziraat,Bitki Bilimleri
935,38,Biyoloji,Fen > Temel Bilimler > Biyoloji,Fen,True,Fen,Temel Bilimler,Biyoloji
935,48,Deniz ve Tatlı Su Biyolojisi,Fen > Temel Bilimler > Deniz ve Tatlı Su Biyolojisi,Fen,True,Fen,Temel Bilimler,Deniz ve Tatlı Su Biyolojisi
935,40,Biyoteknoloji ve Uygulamalı Mikrobiyoloji,Fen > Tıp > Biyoteknoloji ve Uygulamalı Mikrobiyoloji,Fen,True,Fen,Tıp,Biyoteknoloji ve Uygulamalı Mikrobiyoloji
936,81,Genetik ve Kalıtım,Fen > Temel Bilimler > Genetik ve Kalıtım,Fen,True,Fen,Temel Bilimler,Genetik ve Kalıtım
936,37,Biyokimya ve Moleküler Biyoloji,Fen > Tıp > Biyokimya ve Moleküler Biyoloji,Fen,True,Fen,Tıp,Biyokimya ve Moleküler Biyoloji
936,40,Biyoteknoloji ve Uygulamalı Mikrobiyoloji,Fen > Tıp > Biyoteknoloji ve Uygulamalı Mikrobiyoloji,Fen,True,Fen,Tıp,Biyoteknoloji ve Uygulamalı Mikrobiyoloji
940,78,Folklor,Sosyal > Sosyal > Folklor,Sosyal,True,Sosyal,Sosyal,Folklor
940,119,Kültürel Çalışmalar,Sosyal > Sosyal > Kültürel Çalışmalar,Sosyal,True,Sosyal,Sosyal,Kültürel Çalışmalar
941,78,Folklor,Sosyal > Sosyal > Folklor,Sosyal,True,Sosyal,Sosyal,Folklor
941,119,Kültürel Çalışmalar,Sosyal > Sosyal > Kültürel Çalışmalar,Sosyal,True,Sosyal,Sosyal,Kültürel Çalışmalar
942,78,Folklor,Sosyal > Sosyal > Folklor,Sosyal,True,Sosyal,Sosyal,Folklor
942,94,İletişim,Sosyal > Sosyal > İletişim,Sosyal,True,Sosyal,Sosyal,İletişim
942,119,Kültürel Çalışmalar,Sosyal > Sosyal > Kültürel Çalışmalar,Sosyal,True,Sosyal,Sosyal,Kültürel Çalışmalar
942,179,Sosyoloji,Sosyal > Sosyal > Sosyoloji,Sosyal,True,Sosyal,Sosyal,Sosyoloji
944,197,Transplantasyon,Fen > Tıp > Transplantasyon,Fen,True,Fen,Tıp,Transplantasyon
944,105,Kadın Araştırmaları,Sosyal > Sosyal > Kadın Araştırmaları,Sosyal,True,Sosyal,Sosyal,Kadın Araştırmaları
944,119,Kültürel Çalışmalar,Sosyal > Sosyal > Kültürel Çalışmalar,Sosyal,True,Sosyal,Sosyal,Kültürel Çalışmalar
944,167,Psikoloji,Sosyal > Sosyal > Psikoloji,Sosyal,True,Sosyal,Sosyal,Psikoloji
945,109,Kentsel Çalışmalar,Sosyal > Sosyal > Kentsel Çalışmalar,Sosyal,True,Sosyal,Sosyal,Kentsel Çalışmalar
945,119,Kültürel Çalışmalar,Sosyal > Sosyal > Kültürel Çalışmalar,Sosyal,True,Sosyal,Sosyal,Kültürel Çalışmalar
945,185,Tarih,Sosyal > Sosyal > Tarih,Sosyal,True,Sosyal,Sosyal,Tarih
946,105,Kadın Araştırmaları,Sosyal > Sosyal > Kadın Araştırmaları,Sosyal,True,Sosyal,Sosyal,Kadın Araştırmaları
946,119,Kültürel Çalışmalar,Sosyal > Sosyal > Kültürel Çalışmalar,Sosyal,True,Sosyal,Sosyal,Kültürel Çalışmalar
948,168,"Radyoloji, Nükleer Tıp, Tıbbi Görüntüleme","Fen > Tıp > Radyoloji, Nükleer Tıp, Tıbbi Görüntüleme",Fen,True,Fen,Tıp,"Radyoloji, Nükleer Tıp, Tıbbi Görüntüleme"
948,171,Romatoloji,Fen > Tıp > Romatoloji,Fen,True,Fen,Tıp,Romatoloji
949,151,Nükleer Bilim ve Teknolojisi,Fen > Mühendislik > Nükleer Bilim ve Teknolojisi,Fen,True,Fen,Mühendislik,Nükleer Bilim ve Teknolojisi
949,168,"Radyoloji, Nükleer Tıp, Tıbbi Görüntüleme","Fen > Tıp > Radyoloji, Nükleer Tıp, Tıbbi Görüntüleme",Fen,True,Fen,Tıp,"Radyoloji, Nükleer Tıp, Tıbbi Görüntüleme"
950,32,"Bilgisayar Bilimleri, Yapay Zeka","Fen > Mühendislik > Bilgisayar Bilimleri, Yapay Zeka",Fen,True,Fen,Mühendislik,"Bilgisayar Bilimleri, Yapay Zeka"
950,79,Gastroenteroloji ve Hepatoloji,Fen > Tıp > Gastroenteroloji ve Hepatoloji,Fen,True,Fen,Tıp,Gastroenteroloji ve Hepatoloji
950,168,"Radyoloji, Nükleer Tıp, Tıbbi Görüntüleme","Fen > Tıp > Radyoloji, Nükleer Tıp, Tıbbi Görüntüleme",Fen,True,Fen,Tıp,"Radyoloji, Nükleer Tıp, Tıbbi Görüntüleme"
952,32,"Bilgisayar Bilimleri, Yapay Zeka","Fen > Mühendislik > Bilgisayar Bilimleri, Yapay Zeka",Fen,True,Fen,Mühendislik,"Bilgisayar Bilimleri, Yapay Zeka"
952,168,"Radyoloji, Nükleer Tıp, Tıbbi Görüntüleme","Fen > Tıp > Radyoloji, Nükleer Tıp, Tıbbi Görüntüleme",Fen,True,Fen,Tıp,"Radyoloji, Nükleer Tıp, Tıbbi Görüntüleme"
955,115,Klinik Nöroloji,Fen > Tıp > Klinik Nöroloji,Fen,True,Fen,Tıp,Klinik Nöroloji
955,168,"Radyoloji, Nükleer Tıp, Tıbbi Görüntüleme","Fen > Tıp > Radyoloji, Nükleer Tıp, Tıbbi Görüntüleme",Fen,True,Fen,Tıp,"Radyoloji, Nükleer Tıp, Tıbbi Görüntüleme"
960,81,Genetik ve Kalıtım,Fen > Temel Bilimler > Genetik ve Kalıtım,Fen,True,Fen,Temel Bilimler,Genetik ve Kalıtım
960,35,Bitki Bilimleri,Fen > Ziraat > Bitki Bilimleri,Fen,True,Fen,Ziraat,Bitki Bilimleri
962,81,Genetik ve Kalıtım,Fen > Temel Bilimler > Genetik ve Kalıtım,Fen,True,Fen,Temel Bilimler,Genetik ve Kalıtım
962,35,Bitki Bilimleri,Fen > Ziraat > Bitki Bilimleri,Fen,True,Fen,Ziraat,Bitki Bilimleri
963,57,Ekoloji,Fen > Temel Bilimler > Ekoloji,Fen,True,Fen,Temel Bilimler,Ekoloji
963,81,Genetik ve Kalıtım,Fen > Temel Bilimler > Genetik ve Kalıtım,Fen,True,Fen,Temel Bilimler,Genetik ve Kalıtım
963,35,Bitki Bilimleri,Fen > Ziraat > Bitki Bilimleri,Fen,True,Fen,Ziraat,Bitki Bilimleri
965,81,Genetik ve Kalıtım,Fen > Temel Bilimler > Genetik ve Kalıtım,Fen,True,Fen,Temel Bilimler,Genetik ve Kalıtım
965,37,Biyokimya ve Moleküler Biyoloji,Fen > Tıp > Biyokimya ve Moleküler Biyoloji,Fen,True,Fen,Tıp,Biyokimya ve Moleküler Biyoloji
965,163,Pediatri,Fen > Tıp > Pediatri,Fen,True,Fen,Tıp,Pediatri
966,81,Genetik ve Kalıtım,Fen > Temel Bilimler > Genetik ve Kalıtım,Fen,True,Fen,Temel Bilimler,Genetik ve Kalıtım
966,207,Zooloji,Fen > Temel Bilimler > Zooloji,Fen,True,Fen,Temel Bilimler,Zooloji
967,61,Enfeksiyon Hastalıkları,Fen > Tıp > Enfeksiyon Hastalıkları,Fen,True,Fen,Tıp,Enfeksiyon Hastalıkları
967,197,Transplantasyon,Fen > Tıp > Transplantasyon,Fen,True,Fen,Tıp,Transplantasyon
967,200,Üroloji ve Nefroloji,Fen > Tıp > Üroloji ve Nefroloji,Fen,True,Fen,Tıp,Üroloji ve Nefroloji
969,202,Viroloji,Fen > Temel Bilimler > Viroloji,Fen,True,Fen,Temel Bilimler,Viroloji
969,200,Üroloji ve Nefroloji,Fen > Tıp > Üroloji ve Nefroloji,Fen,True,Fen,Tıp,Üroloji ve Nefroloji
969,109,Kentsel Çalışmalar,Sosyal > Sosyal > Kentsel Çalışmalar,Sosyal,True,Sosyal,Sosyal,Kentsel Çalışmalar
970,45,Çevre Mühendisliği,Fen > Mühendislik > Çevre Mühendisliği,Fen,True,Fen,Mühendislik,Çevre Mühendisliği
970,59,Endüstri Mühendisliği,Fen > Mühendislik > Endüstri Mühendisliği,Fen,True,Fen,Mühendislik,Endüstri Mühendisliği
970,200,Üroloji ve Nefroloji,Fen > Tıp > Üroloji ve Nefroloji,Fen,True,Fen,Tıp,Üroloji ve Nefroloji
971,32,"Bilgisayar Bilimleri, Yapay Zeka","Fen > Mühendislik > Bilgisayar Bilimleri, Yapay Zeka",Fen,True,Fen,Mühendislik,"Bilgisayar Bilimleri, Yapay Zeka"
971,45,Çevre Mühendisliği,Fen > Mühendislik > Çevre Mühendisliği,Fen,True,Fen,Mühendislik,Çevre Mühendisliği
971,200,Üroloji ve Nefroloji,Fen > Tıp > Üroloji ve Nefroloji,Fen,True,Fen,Tıp,Üroloji ve Nefroloji
971,205,Ziraat Mühendisliği,Fen > Ziraat > Ziraat Mühendisliği,Fen,True,Fen,Ziraat,Ziraat Mühendisliği
972,200,Üroloji ve Nefroloji,Fen > Tıp > Üroloji ve Nefroloji,Fen,True,Fen,Tıp,Üroloji ve Nefroloji
973,200,Üroloji ve Nefroloji,Fen > Tıp > Üroloji ve Nefroloji,Fen,True,Fen,Tıp,Üroloji ve Nefroloji
974,32,"Bilgisayar Bilimleri, Yapay Zeka","Fen > Mühendislik > Bilgisayar Bilimleri, Yapay Zeka",Fen,True,Fen,Mühendislik,"Bilgisayar Bilimleri, Yapay Zeka"
974,192,Tıbbi Etik,Fen > Tıp > Tıbbi Etik,Fen,True,Fen,Tıp,Tıbbi Etik
974,200,Üroloji ve Nefroloji,Fen > Tıp > Üroloji ve Nefroloji,Fen,True,Fen,Tıp,Üroloji ve Nefroloji
975,200,Üroloji ve Nefroloji,Fen > Tıp > Üroloji ve Nefroloji,Fen,True,Fen,Tıp,Üroloji ve Nefroloji
976,88,Hematoloji,Fen > Tıp > Hematoloji,Fen,True,Fen,Tıp,Hematoloji
976,153,Onkoloji,Fen > Tıp > Onkoloji,Fen,True,Fen,Tıp,Onkoloji
976,200,Üroloji ve Nefroloji,Fen > Tıp > Üroloji ve Nefroloji,Fen,True,Fen,Tıp,Üroloji ve Nefroloji
978,46,Davranış Bilimleri,Sosyal > Sosyal > Davranış Bilimleri,Sosyal,True,Sosyal,Sosyal,Davranış Bilimleri
978,167,Psikoloji,Sosyal > Sosyal > Psikoloji,Sosyal,True,Sosyal,Sosyal,Psikoloji
979,46,Davranış Bilimleri,Sosyal > Sosyal > Davranış Bilimleri,Sosyal,True,Sosyal,Sosyal,Davranış Bilimleri
979,101,İşletme,Sosyal > Sosyal > İşletme,Sosyal,True,Sosyal,Sosyal,İşletme
980,46,Davranış Bilimleri,Sosyal > Sosyal > Davranış Bilimleri,Sosyal,True,Sosyal,Sosyal,Davranış Bilimleri
980,55,"Eğitim, Eğitim Araştırmaları","Sosyal > Sosyal > Eğitim, Eğitim Araştırmaları",Sosyal,True,Sosyal,Sosyal,"Eğitim, Eğitim Araştırmaları"
981,46,Davranış Bilimleri,Sosyal > Sosyal > Davranış Bilimleri,Sosyal,True,Sosyal,Sosyal,Davranış Bilimleri
981,101,İşletme,Sosyal > Sosyal > İşletme,Sosyal,True,Sosyal,Sosyal,İşletme
981,167,Psikoloji,Sosyal > Sosyal > Psikoloji,Sosyal,True,Sosyal,Sosyal,Psikoloji
982,46,Davranış Bilimleri,Sosyal > Sosyal > Davranış Bilimleri,Sosyal,True,Sosyal,Sosyal,Davranış Bilimleri
982,94,İletişim,Sosyal > Sosyal > İletişim,Sosyal,True,Sosyal,Sosyal,İletişim
982,179,Sosyoloji,Sosyal > Sosyal > Sosyoloji,Sosyal,True,Sosyal,Sosyal,Sosyoloji
983,46,Davranış Bilimleri,Sosyal > Sosyal > Davranış Bilimleri,Sosyal,True,Sosyal,Sosyal,Davranış Bilimleri
983,94,İletişim,Sosyal > Sosyal > İletişim,Sosyal,True,Sosyal,Sosyal,İletişim
983,121,Madde Bağımlılığı,Sosyal > Sosyal > Madde Bağımlılığı,Sosyal,True,Sosyal,Sosyal,Madde Bağımlılığı
984,46,Davranış Bilimleri,Sosyal > Sosyal > Davranış Bilimleri,Sosyal,True,Sosyal,Sosyal,Davranış Bilimleri
984,167,Psikoloji,Sosyal > Sosyal > Psikoloji,Sosyal,True,Sosyal,Sosyal,Psikoloji
985,46,Davranış Bilimleri,Sosyal > Sosyal > Davranış Bilimleri,Sosyal,True,Sosyal,Sosyal,Davranış Bilimleri
985,167,Psikoloji,Sosyal > Sosyal > Psikoloji,Sosyal,True,Sosyal,Sosyal,Psikoloji
986,46,Davranış Bilimleri,Sosyal > Sosyal > Davranış Bilimleri,Sosyal,True,Sosyal,Sosyal,Davranış Bilimleri
986,167,Psikoloji,Sosyal > Sosyal > Psikoloji,Sosyal,True,Sosyal,Sosyal,Psikoloji
987,11,Acil Tıp,Fen > Tıp > Acil Tıp,Fen,True,Fen,Tıp,Acil Tıp
987,82,Geriatri ve Gerontoloji,Fen > Tıp > Geriatri ve Gerontoloji,Fen,True,Fen,Tıp,Geriatri ve Gerontoloji
988,11,Acil Tıp,Fen > Tıp > Acil Tıp,Fen,True,Fen,Tıp,Acil Tıp
988,106,Kadın Hastalıkları ve Doğum,Fen > Tıp > Kadın Hastalıkları ve Doğum,Fen,True,Fen,Tıp,Kadın Hastalıkları ve Doğum
989,11,Acil Tıp,Fen > Tıp > Acil Tıp,Fen,True,Fen,Tıp,Acil Tıp
990,11,Acil Tıp,Fen > Tıp > Acil Tıp,Fen,True,Fen,Tıp,Acil Tıp
990,87,Halk ve Çevre Sağlığı,Fen > Tıp > Halk ve Çevre Sağlığı,Fen,True,Fen,Tıp,Halk ve Çevre Sağlığı
990,189,Temel Sağlık Hizmetleri,Fen > Tıp > Temel Sağlık Hizmetleri,Fen,True,Fen,Tıp,Temel Sağlık Hizmetleri
991,11,Acil Tıp,Fen > Tıp > Acil Tıp,Fen,True,Fen,Tıp,Acil Tıp
991,79,Gastroenteroloji ve Hepatoloji,Fen > Tıp > Gastroenteroloji ve Hepatoloji,Fen,True,Fen,Tıp,Gastroenteroloji ve Hepatoloji
992,11,Acil Tıp,Fen > Tıp > Acil Tıp,Fen,True,Fen,Tıp,Acil Tıp
992,87,Halk ve Çevre Sağlığı,Fen > Tıp > Halk ve Çevre Sağlığı,Fen,True,Fen,Tıp,Halk ve Çevre Sağlığı
993,196,Toksikoloji,Fen > Eczacılık > Toksikoloji,Fen,True,Fen,Eczacılık,Toksikoloji
993,11,Acil Tıp,Fen > Tıp > Acil Tıp,Fen,True,Fen,Tıp,Acil Tıp
994,11,Acil Tıp,Fen > Tıp > Acil Tıp,Fen,True,Fen,Tıp,Acil Tıp
994,172,Sağlık Bilimleri ve Hizmetleri,Fen > Tıp > Sağlık Bilimleri ve Hizmetleri,Fen,True,Fen,Tıp,Sağlık Bilimleri ve Hizmetleri
995,11,Acil Tıp,Fen > Tıp > Acil Tıp,Fen,True,Fen,Tıp,Acil Tıp
995,55,"Eğitim, Eğitim Araştırmaları","Sosyal > Sosyal > Eğitim, Eğitim Araştırmaları",Sosyal,True,Sosyal,Sosyal,"Eğitim, Eğitim Araştırmaları"
996,11,Acil Tıp,Fen > Tıp > Acil Tıp,Fen,True,Fen,Tıp,Acil Tıp
996,117,"Kulak, Burun, Boğaz","Fen > Tıp > Kulak, Burun, Boğaz",Fen,True,Fen,Tıp,"Kulak, Burun, Boğaz"
998,174,Sanat,Sosyal > Sosyal > Sanat,Sosyal,True,Sosyal,Sosyal,Sanat
1000,55,"Eğitim, Eğitim Araştırmaları","Sosyal > Sosyal > Eğitim, Eğitim Araştırmaları",Sosyal,True,Sosyal,Sosyal,"Eğitim, Eğitim Araştırmaları"
1000,147,Müzik,Sosyal > Sosyal > Müzik,Sosyal,True,Sosyal,Sosyal,Müzik
1000,174,Sanat,Sosyal > Sosyal > Sanat,Sosyal,True,Sosyal,Sosyal,Sanat
1002,174,Sanat,Sosyal > Sosyal > Sanat,Sosyal,True,Sosyal,Sosyal,Sanat
1003,174,Sanat,Sosyal > Sosyal > Sanat,Sosyal,True,Sosyal,Sosyal,Sanat
1005,32,"Bilgisayar Bilimleri, Yapay Zeka","Fen > Mühendislik > Bilgisayar Bilimleri, Yapay Zeka",Fen,True,Fen,Mühendislik,"Bilgisayar Bilimleri, Yapay Zeka"
1005,174,Sanat,Sosyal > Sosyal > Sanat,Sosyal,True,Sosyal,Sosyal,Sanat
1009,32,"Bilgisayar Bilimleri, Yapay Zeka","Fen > Mühendislik > Bilgisayar Bilimleri, Yapay Zeka",Fen,True,Fen,Mühendislik,"Bilgisayar Bilimleri, Yapay Zeka"
1009,55,"Eğitim, Eğitim Araştırmaları","Sosyal > Sosyal > Eğitim, Eğitim Araştırmaları",Sosyal,True,Sosyal,Sosyal,"Eğitim, Eğitim Araştırmaları"
1010,32,"Bilgisayar Bilimleri, Yapay Zeka","Fen > Mühendislik > Bilgisayar Bilimleri, Yapay Zeka",Fen,True,Fen,Mühendislik,"Bilgisayar Bilimleri, Yapay Zeka"
1010,124,"Malzeme Bilimleri, Kâğıt ve Ahşap","Fen > Mühendislik > Malzeme Bilimleri, Kâğıt ve Ahşap",Fen,True,Fen,Mühendislik,"Malzeme Bilimleri, Kâğıt ve Ahşap"
1012,32,"Bilgisayar Bilimleri, Yapay Zeka","Fen > Mühendislik > Bilgisayar Bilimleri, Yapay Zeka",Fen,True,Fen,Mühendislik,"Bilgisayar Bilimleri, Yapay Zeka"
1012,35,Bitki Bilimleri,Fen > Ziraat > Bitki Bilimleri,Fen,True,Fen,Ziraat,Bitki Bilimleri
1012,184,Tarımsal Ekonomi ve Politika,Fen > Ziraat > Tarımsal Ekonomi ve Politika,Fen,True,Fen,Ziraat,Tarımsal Ekonomi ve Politika
1015,32,"Bilgisayar Bilimleri, Yapay Zeka","Fen > Mühendislik > Bilgisayar Bilimleri, Yapay Zeka",Fen,True,Fen,Mühendislik,"Bilgisayar Bilimleri, Yapay Zeka"
1015,83,Gıda Bilimi ve Teknolojisi,Fen > Mühendislik > Gıda Bilimi ve Teknolojisi,Fen,True,Fen,Mühendislik,Gıda Bilimi ve Teknolojisi
1017,49,Dermatoloji,Fen > Tıp > Dermatoloji,Fen,True,Fen,Tıp,Dermatoloji
1017,61,Enfeksiyon Hastalıkları,Fen > Tıp > Enfeksiyon Hastalıkları,Fen,True,Fen,Tıp,Enfeksiyon Hastalıkları
1018,37,Biyokimya ve Moleküler Biyoloji,Fen > Tıp > Biyokimya ve Moleküler Biyoloji,Fen,True,Fen,Tıp,Biyokimya ve Moleküler Biyoloji
1018,49,Dermatoloji,Fen > Tıp > Dermatoloji,Fen,True,Fen,Tıp,Dermatoloji
1019,49,Dermatoloji,Fen > Tıp > Dermatoloji,Fen,True,Fen,Tıp,Dermatoloji
1020,49,Dermatoloji,Fen > Tıp > Dermatoloji,Fen,True,Fen,Tıp,Dermatoloji
1020,183,Tamamlayıcı ve Entegre Tıp,Fen > Tıp > Tamamlayıcı ve Entegre Tıp,Fen,True,Fen,Tıp,Tamamlayıcı ve Entegre Tıp
1021,49,Dermatoloji,Fen > Tıp > Dermatoloji,Fen,True,Fen,Tıp,Dermatoloji
1022,37,Biyokimya ve Moleküler Biyoloji,Fen > Tıp > Biyokimya ve Moleküler Biyoloji,Fen,True,Fen,Tıp,Biyokimya ve Moleküler Biyoloji
1022,49,Dermatoloji,Fen > Tıp > Dermatoloji,Fen,True,Fen,Tıp,Dermatoloji
1023,66,Farmakoloji ve Eczacılık,Fen > Eczacılık > Farmakoloji ve Eczacılık,Fen,True,Fen,Eczacılık,Farmakoloji ve Eczacılık
1023,49,Dermatoloji,Fen > Tıp > Dermatoloji,Fen,True,Fen,Tıp,Dermatoloji
1023,35,Bitki Bilimleri,Fen > Ziraat > Bitki Bilimleri,Fen,True,Fen,Ziraat,Bitki Bilimleri
1024,130,Mantar Bilimi,Fen > Temel Bilimler > Mantar Bilimi,Fen,True,Fen,Temel Bilimler,Mantar Bilimi
1024,161,Parazitoloji,Fen > Temel Bilimler > Parazitoloji,Fen,True,Fen,Temel Bilimler,Parazitoloji
1024,49,Dermatoloji,Fen > Tıp > Dermatoloji,Fen,True,Fen,Tıp,Dermatoloji
1025,32,"Bilgisayar Bilimleri, Yapay Zeka","Fen > Mühendislik > Bilgisayar Bilimleri, Yapay Zeka",Fen,True,Fen,Mühendislik,"Bilgisayar Bilimleri, Yapay Zeka"
1025,49,Dermatoloji,Fen > Tıp > Dermatoloji,Fen,True,Fen,Tıp,Dermatoloji
1025,153,Onkoloji,Fen > Tıp > Onkoloji,Fen,True,Fen,Tıp,Onkoloji
1026,49,Dermatoloji,Fen > Tıp > Dermatoloji,Fen,True,Fen,Tıp,Dermatoloji
1026,171,Romatoloji,Fen > Tıp > Romatoloji,Fen,True,Fen,Tıp,Romatoloji
1027,60,Enerji ve Yakıtlar,Fen > Mühendislik > Enerji ve Yakıtlar,Fen,True,Fen,Mühendislik,Enerji ve Yakıtlar
1027,145,"Mühendislik, Makine","Fen > Mühendislik > Mühendislik, Makine",Fen,True,Fen,Mühendislik,"Mühendislik, Makine"
1027,187,Taşınım Bilimi ve Teknolojisi,Fen > Mühendislik > Taşınım Bilimi ve Teknolojisi,Fen,True,Fen,Mühendislik,Taşınım Bilimi ve Teknolojisi
1028,139,"Mühendislik, Biyotıp","Fen > Mühendislik > Mühendislik, Biyotıp",Fen,True,Fen,Mühendislik,"Mühendislik, Biyotıp"
1028,145,"Mühendislik, Makine","Fen > Mühendislik > Mühendislik, Makine",Fen,True,Fen,Mühendislik,"Mühendislik, Makine"
1028,187,Taşınım Bilimi ve Teknolojisi,Fen > Mühendislik > Taşınım Bilimi ve Teknolojisi,Fen,True,Fen,Mühendislik,Taşınım Bilimi ve Teknolojisi
1031,133,Metalürji Mühendisliği,Fen > Mühendislik > Metalürji Mühendisliği,Fen,True,Fen,Mühendislik,Metalürji Mühendisliği
1031,145,"Mühendislik, Makine","Fen > Mühendislik > Mühendislik, Makine",Fen,True,Fen,Mühendislik,"Mühendislik, Makine"
1031,187,Taşınım Bilimi ve Teknolojisi,Fen > Mühendislik > Taşınım Bilimi ve Teknolojisi,Fen,True,Fen,Mühendislik,Taşınım Bilimi ve Teknolojisi
1033,145,"Mühendislik, Makine","Fen > Mühendislik > Mühendislik, Makine",Fen,True,Fen,Mühendislik,"Mühendislik, Makine"
1033,132,Matematik,Fen > Temel Bilimler > Matematik,Fen,True,Fen,Temel Bilimler,Matematik
1034,145,"Mühendislik, Makine","Fen > Mühendislik > Mühendislik, Makine",Fen,True,Fen,Mühendislik,"Mühendislik, Makine"
1034,148,Nanobilim ve Nanoteknoloji,Fen > Mühendislik > Nanobilim ve Nanoteknoloji,Fen,True,Fen,Mühendislik,Nanobilim ve Nanoteknoloji
1035,32,"Bilgisayar Bilimleri, Yapay Zeka","Fen > Mühendislik > Bilgisayar Bilimleri, Yapay Zeka",Fen,True,Fen,Mühendislik,"Bilgisayar Bilimleri, Yapay Zeka"
1035,95,İmalat Mühendisliği,Fen > Mühendislik > İmalat Mühendisliği,Fen,True,Fen,Mühendislik,İmalat Mühendisliği
1035,145,"Mühendislik, Makine","Fen > Mühendislik > Mühendislik, Makine",Fen,True,Fen,Mühendislik,"Mühendislik, Makine"
1037,61,Enfeksiyon Hastalıkları,Fen > Tıp > Enfeksiyon Hastalıkları,Fen,True,Fen,Tıp,Enfeksiyon Hastalıkları
1037,88,Hematoloji,Fen > Tıp > Hematoloji,Fen,True,Fen,Tıp,Hematoloji
1038,88,Hematoloji,Fen > Tıp > Hematoloji,Fen,True,Fen,Tıp,Hematoloji
1038,166,Psikiyatri,Fen > Tıp > Psikiyatri,Fen,True,Fen,Tıp,Psikiyatri
1038,204,"Yoğun Bakım, Tıp","Fen > Tıp > Yoğun Bakım, Tıp",Fen,True,Fen,Tıp,"Yoğun Bakım, Tıp"
1038,89,Hemşirelik,Sosyal > Sosyal > Hemşirelik,Sosyal,True,Sosyal,Sosyal,Hemşirelik
1041,88,Hematoloji,Fen > Tıp > Hematoloji,Fen,True,Fen,Tıp,Hematoloji
1042,88,Hematoloji,Fen > Tıp > Hematoloji,Fen,True,Fen,Tıp,Hematoloji
1042,163,Pediatri,Fen > Tıp > Pediatri,Fen,True,Fen,Tıp,Pediatri
1042,172,Sağlık Bilimleri ve Hizmetleri,Fen > Tıp > Sağlık Bilimleri ve Hizmetleri,Fen,True,Fen,Tıp,Sağlık Bilimleri ve Hizmetleri
1044,88,Hematoloji,Fen > Tıp > Hematoloji,Fen,True,Fen,Tıp,Hematoloji
1044,153,Onkoloji,Fen > Tıp > Onkoloji,Fen,True,Fen,Tıp,Onkoloji
1044,89,Hemşirelik,Sosyal > Sosyal > Hemşirelik,Sosyal,True,Sosyal,Sosyal,Hemşirelik
1045,88,Hematoloji,Fen > Tıp > Hematoloji,Fen,True,Fen,Tıp,Hematoloji
1046,88,Hematoloji,Fen > Tıp > Hematoloji,Fen,True,Fen,Tıp,Hematoloji
1046,153,Onkoloji,Fen > Tıp > Onkoloji,Fen,True,Fen,Tıp,Onkoloji
1048,76,"Fizik, Uygulamalı","Fen > Temel Bilimler > Fizik, Uygulamalı",Fen,True,Fen,Temel Bilimler,"Fizik, Uygulamalı"
1048,154,Optik,Fen > Temel Bilimler > Optik,Fen,True,Fen,Temel Bilimler,Optik
1049,125,"Malzeme Bilimleri, Kaplamalar ve Filmler","Fen > Mühendislik > Malzeme Bilimleri, Kaplamalar ve Filmler",Fen,True,Fen,Mühendislik,"Malzeme Bilimleri, Kaplamalar ve Filmler"
1049,141,"Mühendislik, Elektrik ve Elektronik","Fen > Mühendislik > Mühendislik, Elektrik ve Elektronik",Fen,True,Fen,Mühendislik,"Mühendislik, Elektrik ve Elektronik"
1049,76,"Fizik, Uygulamalı","Fen > Temel Bilimler > Fizik, Uygulamalı",Fen,True,Fen,Temel Bilimler,"Fizik, Uygulamalı"
1050,104,Jeoloji,Fen > Mühendislik > Jeoloji,Fen,True,Fen,Mühendislik,Jeoloji
1050,76,"Fizik, Uygulamalı","Fen > Temel Bilimler > Fizik, Uygulamalı",Fen,True,Fen,Temel Bilimler,"Fizik, Uygulamalı"
1051,71,"Fizik, Katı Hal","Fen > Temel Bilimler > Fizik, Katı Hal",Fen,True,Fen,Temel Bilimler,"Fizik, Katı Hal"
1051,76,"Fizik, Uygulamalı","Fen > Temel Bilimler > Fizik, Uygulamalı",Fen,True,Fen,Temel Bilimler,"Fizik, Uygulamalı"
1051,154,Optik,Fen > Temel Bilimler > Optik,Fen,True,Fen,Temel Bilimler,Optik
1052,141,"Mühendislik, Elektrik ve Elektronik","Fen > Mühendislik > Mühendislik, Elektrik ve Elektronik",Fen,True,Fen,Mühendislik,"Mühendislik, Elektrik ve Elektronik"
1052,76,"Fizik, Uygulamalı","Fen > Temel Bilimler > Fizik, Uygulamalı",Fen,True,Fen,Temel Bilimler,"Fizik, Uygulamalı"
1053,71,"Fizik, Katı Hal","Fen > Temel Bilimler > Fizik, Katı Hal",Fen,True,Fen,Temel Bilimler,"Fizik, Katı Hal"
1053,76,"Fizik, Uygulamalı","Fen > Temel Bilimler > Fizik, Uygulamalı",Fen,True,Fen,Temel Bilimler,"Fizik, Uygulamalı"
1054,76,"Fizik, Uygulamalı","Fen > Temel Bilimler > Fizik, Uygulamalı",Fen,True,Fen,Temel Bilimler,"Fizik, Uygulamalı"
1054,154,Optik,Fen > Temel Bilimler > Optik,Fen,True,Fen,Temel Bilimler,Optik
1055,76,"Fizik, Uygulamalı","Fen > Temel Bilimler > Fizik, Uygulamalı",Fen,True,Fen,Temel Bilimler,"Fizik, Uygulamalı"
1055,154,Optik,Fen > Temel Bilimler > Optik,Fen,True,Fen,Temel Bilimler,Optik
1056,97,İnşaat Mühendisliği,Fen > Mühendislik > İnşaat Mühendisliği,Fen,True,Fen,Mühendislik,İnşaat Mühendisliği
1056,76,"Fizik, Uygulamalı","Fen > Temel Bilimler > Fizik, Uygulamalı",Fen,True,Fen,Temel Bilimler,"Fizik, Uygulamalı"
1059,44,Çevre Çalışmaları,Sosyal > Sosyal > Çevre Çalışmaları,Sosyal,True,Sosyal,Sosyal,Çevre Çalışmaları
1059,42,Coğrafya,Sosyal > Sosyal > Coğrafya,Sosyal,True,Sosyal,Sosyal,Coğrafya
1060,42,Coğrafya,Sosyal > Sosyal > Coğrafya,Sosyal,True,Sosyal,Sosyal,Coğrafya
1060,65,Etnik Çalışmalar,Sosyal > Sosyal > Etnik Çalışmalar,Sosyal,True,Sosyal,Sosyal,Etnik Çalışmalar
1060,119,Kültürel Çalışmalar,Sosyal > Sosyal > Kültürel Çalışmalar,Sosyal,True,Sosyal,Sosyal,Kültürel Çalışmalar
1061,137,Mimarlık,Fen > Mühendislik > Mimarlık,Fen,True,Fen,Mühendislik,Mimarlık
1061,42,Coğrafya,Sosyal > Sosyal > Coğrafya,Sosyal,True,Sosyal,Sosyal,Coğrafya
1061,109,Kentsel Çalışmalar,Sosyal > Sosyal > Kentsel Çalışmalar,Sosyal,True,Sosyal,Sosyal,Kentsel Çalışmalar
1062,137,Mimarlık,Fen > Mühendislik > Mimarlık,Fen,True,Fen,Mühendislik,Mimarlık
1062,203,"Yeşil, Sürdürülebilir Bilim ve Teknoloji","Fen > Mühendislik > Yeşil, Sürdürülebilir Bilim ve Teknoloji",Fen,True,Fen,Mühendislik,"Yeşil, Sürdürülebilir Bilim ve Teknoloji"
1062,42,Coğrafya,Sosyal > Sosyal > Coğrafya,Sosyal,True,Sosyal,Sosyal,Coğrafya
1063,42,Coğrafya,Sosyal > Sosyal > Coğrafya,Sosyal,True,Sosyal,Sosyal,Coğrafya
1063,109,Kentsel Çalışmalar,Sosyal > Sosyal > Kentsel Çalışmalar,Sosyal,True,Sosyal,Sosyal,Kentsel Çalışmalar
1063,159,"Otelcilik, Konaklama, Spor ve Turizm","Sosyal > Sosyal > Otelcilik, Konaklama, Spor ve Turizm",Sosyal,True,Sosyal,Sosyal,"Otelcilik, Konaklama, Spor ve Turizm"
1064,42,Coğrafya,Sosyal > Sosyal > Coğrafya,Sosyal,True,Sosyal,Sosyal,Coğrafya
1064,176,Siyasi Bilimler,Sosyal > Sosyal > Siyasi Bilimler,Sosyal,True,Sosyal,Sosyal,Siyasi Bilimler
1064,199,Uluslararası İlişkiler,Sosyal > Sosyal > Uluslararası İlişkiler,Sosyal,True,Sosyal,Sosyal,Uluslararası İlişkiler
1066,43,Çevre Bilimleri,Fen > Temel Bilimler > Çevre Bilimleri,Fen,True,Fen,Temel Bilimler,Çevre Bilimleri
1066,42,Coğrafya,Sosyal > Sosyal > Coğrafya,Sosyal,True,Sosyal,Sosyal,Coğrafya
1068,171,Romatoloji,Fen > Tıp > Romatoloji,Fen,True,Fen,Tıp,Romatoloji
1070,171,Romatoloji,Fen > Tıp > Romatoloji,Fen,True,Fen,Tıp,Romatoloji
1071,169,Rehabilitasyon,Fen > Tıp > Rehabilitasyon,Fen,True,Fen,Tıp,Rehabilitasyon
1071,171,Romatoloji,Fen > Tıp > Romatoloji,Fen,True,Fen,Tıp,Romatoloji
1072,115,Klinik Nöroloji,Fen > Tıp > Klinik Nöroloji,Fen,True,Fen,Tıp,Klinik Nöroloji
1072,169,Rehabilitasyon,Fen > Tıp > Rehabilitasyon,Fen,True,Fen,Tıp,Rehabilitasyon
1072,171,Romatoloji,Fen > Tıp > Romatoloji,Fen,True,Fen,Tıp,Romatoloji
1074,164,Periferik Damar Hastalıkları,Fen > Tıp > Periferik Damar Hastalıkları,Fen,True,Fen,Tıp,Periferik Damar Hastalıkları
1074,168,"Radyoloji, Nükleer Tıp, Tıbbi Görüntüleme","Fen > Tıp > Radyoloji, Nükleer Tıp, Tıbbi Görüntüleme",Fen,True,Fen,Tıp,"Radyoloji, Nükleer Tıp, Tıbbi Görüntüleme"
1074,171,Romatoloji,Fen > Tıp > Romatoloji,Fen,True,Fen,Tıp,Romatoloji
1075,171,Romatoloji,Fen > Tıp > Romatoloji,Fen,True,Fen,Tıp,Romatoloji
1076,163,Pediatri,Fen > Tıp > Pediatri,Fen,True,Fen,Tıp,Pediatri
1076,171,Romatoloji,Fen > Tıp > Romatoloji,Fen,True,Fen,Tıp,Romatoloji
1079,11,Acil Tıp,Fen > Tıp > Acil Tıp,Fen,True,Fen,Tıp,Acil Tıp
1079,18,Anestezi,Fen > Tıp > Anestezi,Fen,True,Fen,Tıp,Anestezi
1080,18,Anestezi,Fen > Tıp > Anestezi,Fen,True,Fen,Tıp,Anestezi
1080,77,Fizyoloji,Fen > Tıp > Fizyoloji,Fen,True,Fen,Tıp,Fizyoloji
1081,18,Anestezi,Fen > Tıp > Anestezi,Fen,True,Fen,Tıp,Anestezi
1081,106,Kadın Hastalıkları ve Doğum,Fen > Tıp > Kadın Hastalıkları ve Doğum,Fen,True,Fen,Tıp,Kadın Hastalıkları ve Doğum
1083,18,Anestezi,Fen > Tıp > Anestezi,Fen,True,Fen,Tıp,Anestezi
1083,201,Veterinerlik,Fen > Veterinerlik > Veterinerlik,Fen,True,Fen,Veterinerlik,Veterinerlik
1084,52,Diş Hekimliği,Fen > Diş Hekimliği > Diş Hekimliği,Fen,True,Fen,Diş Hekimliği,Diş Hekimliği
1084,18,Anestezi,Fen > Tıp > Anestezi,Fen,True,Fen,Tıp,Anestezi
1084,163,Pediatri,Fen > Tıp > Pediatri,Fen,True,Fen,Tıp,Pediatri
1085,18,Anestezi,Fen > Tıp > Anestezi,Fen,True,Fen,Tıp,Anestezi
1085,41,Cerrahi,Fen > Tıp > Cerrahi,Fen,True,Fen,Tıp,Cerrahi
1086,52,Diş Hekimliği,Fen > Diş Hekimliği > Diş Hekimliği,Fen,True,Fen,Diş Hekimliği,Diş Hekimliği
1086,18,Anestezi,Fen > Tıp > Anestezi,Fen,True,Fen,Tıp,Anestezi
1086,163,Pediatri,Fen > Tıp > Pediatri,Fen,True,Fen,Tıp,Pediatri
1087,32,"Bilgisayar Bilimleri, Yapay Zeka","Fen > Mühendislik > Bilgisayar Bilimleri, Yapay Zeka",Fen,True,Fen,Mühendislik,"Bilgisayar Bilimleri, Yapay Zeka"
1087,104,Jeoloji,Fen > Mühendislik > Jeoloji,Fen,True,Fen,Mühendislik,Jeoloji
1089,104,Jeoloji,Fen > Mühendislik > Jeoloji,Fen,True,Fen,Mühendislik,Jeoloji
1090,104,Jeoloji,Fen > Mühendislik > Jeoloji,Fen,True,Fen,Mühendislik,Jeoloji
1090,160,Paleontoloji,Fen > Temel Bilimler > Paleontoloji,Fen,True,Fen,Temel Bilimler,Paleontoloji
1091,104,Jeoloji,Fen > Mühendislik > Jeoloji,Fen,True,Fen,Mühendislik,Jeoloji
1091,160,Paleontoloji,Fen > Temel Bilimler > Paleontoloji,Fen,True,Fen,Temel Bilimler,Paleontoloji
1092,104,Jeoloji,Fen > Mühendislik > Jeoloji,Fen,True,Fen,Mühendislik,Jeoloji
1093,30,"Bilgisayar Bilimleri, Sibernitik","Fen > Mühendislik > Bilgisayar Bilimleri, Sibernitik",Fen,True,Fen,Mühendislik,"Bilgisayar Bilimleri, Sibernitik"
1093,32,"Bilgisayar Bilimleri, Yapay Zeka","Fen > Mühendislik > Bilgisayar Bilimleri, Yapay Zeka",Fen,True,Fen,Mühendislik,"Bilgisayar Bilimleri, Yapay Zeka"
1093,104,Jeoloji,Fen > Mühendislik > Jeoloji,Fen,True,Fen,Mühendislik,Jeoloji
1093,143,"Mühendislik, Jeoloji","Fen > Mühendislik > Mühendislik, Jeoloji",Fen,True,Fen,Mühendislik,"Mühendislik, Jeoloji"
1094,104,Jeoloji,Fen > Mühendislik > Jeoloji,Fen,True,Fen,Mühendislik,Jeoloji
1094,143,"Mühendislik, Jeoloji","Fen > Mühendislik > Mühendislik, Jeoloji",Fen,True,Fen,Mühendislik,"Mühendislik, Jeoloji"
1094,43,Çevre Bilimleri,Fen > Temel Bilimler > Çevre Bilimleri,Fen,True,Fen,Temel Bilimler,Çevre Bilimleri
1094,182,Su Kaynakları,Fen > Temel Bilimler > Su Kaynakları,Fen,True,Fen,Temel Bilimler,Su Kaynakları
1094,35,Bitki Bilimleri,Fen > Ziraat > Bitki Bilimleri,Fen,True,Fen,Ziraat,Bitki Bilimleri
1095,104,Jeoloji,Fen > Mühendislik > Jeoloji,Fen,True,Fen,Mühendislik,Jeoloji
1095,134,Meteoroloji ve Atmosferik Bilimler,Fen > Mühendislik > Meteoroloji ve Atmosferik Bilimler,Fen,True,Fen,Mühendislik,Meteoroloji ve Atmosferik Bilimler
1095,43,Çevre Bilimleri,Fen > Temel Bilimler > Çevre Bilimleri,Fen,True,Fen,Temel Bilimler,Çevre Bilimleri
1095,57,Ekoloji,Fen > Temel Bilimler > Ekoloji,Fen,True,Fen,Temel Bilimler,Ekoloji
1095,42,Coğrafya,Sosyal > Sosyal > Coğrafya,Sosyal,True,Sosyal,Sosyal,Coğrafya
1096,104,Jeoloji,Fen > Mühendislik > Jeoloji,Fen,True,Fen,Mühendislik,Jeoloji
1096,128,"Malzeme Bilimleri, Seramik","Fen > Mühendislik > Malzeme Bilimleri, Seramik",Fen,True,Fen,Mühendislik,"Malzeme Bilimleri, Seramik"
1099,39,Biyoloji Çeşitliliğinin Korunması,Fen > Temel Bilimler > Biyoloji Çeşitliliğinin Korunması,Fen,True,Fen,Temel Bilimler,Biyoloji Çeşitliliğinin Korunması
1099,57,Ekoloji,Fen > Temel Bilimler > Ekoloji,Fen,True,Fen,Temel Bilimler,Ekoloji
1099,207,Zooloji,Fen > Temel Bilimler > Zooloji,Fen,True,Fen,Temel Bilimler,Zooloji
1100,39,Biyoloji Çeşitliliğinin Korunması,Fen > Temel Bilimler > Biyoloji Çeşitliliğinin Korunması,Fen,True,Fen,Temel Bilimler,Biyoloji Çeşitliliğinin Korunması
1100,57,Ekoloji,Fen > Temel Bilimler > Ekoloji,Fen,True,Fen,Temel Bilimler,Ekoloji
1100,207,Zooloji,Fen > Temel Bilimler > Zooloji,Fen,True,Fen,Temel Bilimler,Zooloji
1101,207,Zooloji,Fen > Temel Bilimler > Zooloji,Fen,True,Fen,Temel Bilimler,Zooloji
1102,24,Balıkçılık,Fen > Temel Bilimler > Balıkçılık,Fen,True,Fen,Temel Bilimler,Balıkçılık
1102,207,Zooloji,Fen > Temel Bilimler > Zooloji,Fen,True,Fen,Temel Bilimler,Zooloji
1103,207,Zooloji,Fen > Temel Bilimler > Zooloji,Fen,True,Fen,Temel Bilimler,Zooloji
1104,48,Deniz ve Tatlı Su Biyolojisi,Fen > Temel Bilimler > Deniz ve Tatlı Su Biyolojisi,Fen,True,Fen,Temel Bilimler,Deniz ve Tatlı Su Biyolojisi
1104,207,Zooloji,Fen > Temel Bilimler > Zooloji,Fen,True,Fen,Temel Bilimler,Zooloji
1105,48,Deniz ve Tatlı Su Biyolojisi,Fen > Temel Bilimler > Deniz ve Tatlı Su Biyolojisi,Fen,True,Fen,Temel Bilimler,Deniz ve Tatlı Su Biyolojisi
1105,207,Zooloji,Fen > Temel Bilimler > Zooloji,Fen,True,Fen,Temel Bilimler,Zooloji
1106,207,Zooloji,Fen > Temel Bilimler > Zooloji,Fen,True,Fen,Temel Bilimler,Zooloji
1116,61,Enfeksiyon Hastalıkları,Fen > Tıp > Enfeksiyon Hastalıkları,Fen,True,Fen,Tıp,Enfeksiyon Hastalıkları
1116,197,Transplantasyon,Fen > Tıp > Transplantasyon,Fen,True,Fen,Tıp,Transplantasyon
1117,66,Farmakoloji ve Eczacılık,Fen > Eczacılık > Farmakoloji ve Eczacılık,Fen,True,Fen,Eczacılık,Farmakoloji ve Eczacılık
1117,148,Nanobilim ve Nanoteknoloji,Fen > Mühendislik > Nanobilim ve Nanoteknoloji,Fen,True,Fen,Mühendislik,Nanobilim ve Nanoteknoloji
1117,161,Parazitoloji,Fen > Temel Bilimler > Parazitoloji,Fen,True,Fen,Temel Bilimler,Parazitoloji
1122,66,Farmakoloji ve Eczacılık,Fen > Eczacılık > Farmakoloji ve Eczacılık,Fen,True,Fen,Eczacılık,Farmakoloji ve Eczacılık
1122,87,Halk ve Çevre Sağlığı,Fen > Tıp > Halk ve Çevre Sağlığı,Fen,True,Fen,Tıp,Halk ve Çevre Sağlığı
1122,172,Sağlık Bilimleri ve Hizmetleri,Fen > Tıp > Sağlık Bilimleri ve Hizmetleri,Fen,True,Fen,Tıp,Sağlık Bilimleri ve Hizmetleri
1123,66,Farmakoloji ve Eczacılık,Fen > Eczacılık > Farmakoloji ve Eczacılık,Fen,True,Fen,Eczacılık,Farmakoloji ve Eczacılık
1123,35,Bitki Bilimleri,Fen > Ziraat > Bitki Bilimleri,Fen,True,Fen,Ziraat,Bitki Bilimleri
1124,66,Farmakoloji ve Eczacılık,Fen > Eczacılık > Farmakoloji ve Eczacılık,Fen,True,Fen,Eczacılık,Farmakoloji ve Eczacılık
1124,153,Onkoloji,Fen > Tıp > Onkoloji,Fen,True,Fen,Tıp,Onkoloji
1124,35,Bitki Bilimleri,Fen > Ziraat > Bitki Bilimleri,Fen,True,Fen,Ziraat,Bitki Bilimleri
1126,66,Farmakoloji ve Eczacılık,Fen > Eczacılık > Farmakoloji ve Eczacılık,Fen,True,Fen,Eczacılık,Farmakoloji ve Eczacılık
1126,37,Biyokimya ve Moleküler Biyoloji,Fen > Tıp > Biyokimya ve Moleküler Biyoloji,Fen,True,Fen,Tıp,Biyokimya ve Moleküler Biyoloji
1126,35,Bitki Bilimleri,Fen > Ziraat > Bitki Bilimleri,Fen,True,Fen,Ziraat,Bitki Bilimleri
1128,117,"Kulak, Burun, Boğaz","Fen > Tıp > Kulak, Burun, Boğaz",Fen,True,Fen,Tıp,"Kulak, Burun, Boğaz"
1128,152,Odyoloji ve Konuşma-Dil Patolojisi,Fen > Tıp > Odyoloji ve Konuşma-Dil Patolojisi,Fen,True,Fen,Tıp,Odyoloji ve Konuşma-Dil Patolojisi
1131,82,Geriatri ve Gerontoloji,Fen > Tıp > Geriatri ve Gerontoloji,Fen,True,Fen,Tıp,Geriatri ve Gerontoloji
1131,117,"Kulak, Burun, Boğaz","Fen > Tıp > Kulak, Burun, Boğaz",Fen,True,Fen,Tıp,"Kulak, Burun, Boğaz"
1131,152,Odyoloji ve Konuşma-Dil Patolojisi,Fen > Tıp > Odyoloji ve Konuşma-Dil Patolojisi,Fen,True,Fen,Tıp,Odyoloji ve Konuşma-Dil Patolojisi
1132,117,"Kulak, Burun, Boğaz","Fen > Tıp > Kulak, Burun, Boğaz",Fen,True,Fen,Tıp,"Kulak, Burun, Boğaz"
1133,117,"Kulak, Burun, Boğaz","Fen > Tıp > Kulak, Burun, Boğaz",Fen,True,Fen,Tıp,"Kulak, Burun, Boğaz"
1134,117,"Kulak, Burun, Boğaz","Fen > Tıp > Kulak, Burun, Boğaz",Fen,True,Fen,Tıp,"Kulak, Burun, Boğaz"
1135,41,Cerrahi,Fen > Tıp > Cerrahi,Fen,True,Fen,Tıp,Cerrahi
1135,58,Endokrinoloji ve Metabolizma,Fen > Tıp > Endokrinoloji ve Metabolizma,Fen,True,Fen,Tıp,Endokrinoloji ve Metabolizma
1135,117,"Kulak, Burun, Boğaz","Fen > Tıp > Kulak, Burun, Boğaz",Fen,True,Fen,Tıp,"Kulak, Burun, Boğaz"
1136,117,"Kulak, Burun, Boğaz","Fen > Tıp > Kulak, Burun, Boğaz",Fen,True,Fen,Tıp,"Kulak, Burun, Boğaz"
1136,163,Pediatri,Fen > Tıp > Pediatri,Fen,True,Fen,Tıp,Pediatri
1139,90,Hukuk,Sosyal > Sosyal > Hukuk,Sosyal,True,Sosyal,Sosyal,Hukuk
1139,116,Kriminoloji ve Ceza Bilimi,Sosyal > Sosyal > Kriminoloji ve Ceza Bilimi,Sosyal,True,Sosyal,Sosyal,Kriminoloji ve Ceza Bilimi
1140,116,Kriminoloji ve Ceza Bilimi,Sosyal > Sosyal > Kriminoloji ve Ceza Bilimi,Sosyal,True,Sosyal,Sosyal,Kriminoloji ve Ceza Bilimi
1141,90,Hukuk,Sosyal > Sosyal > Hukuk,Sosyal,True,Sosyal,Sosyal,Hukuk
1141,116,Kriminoloji ve Ceza Bilimi,Sosyal > Sosyal > Kriminoloji ve Ceza Bilimi,Sosyal,True,Sosyal,Sosyal,Kriminoloji ve Ceza Bilimi
1142,116,Kriminoloji ve Ceza Bilimi,Sosyal > Sosyal > Kriminoloji ve Ceza Bilimi,Sosyal,True,Sosyal,Sosyal,Kriminoloji ve Ceza Bilimi
1142,178,Sosyal Çalışma,Sosyal > Sosyal > Sosyal Çalışma,Sosyal,True,Sosyal,Sosyal,Sosyal Çalışma
1143,90,Hukuk,Sosyal > Sosyal > Hukuk,Sosyal,True,Sosyal,Sosyal,Hukuk
1143,116,Kriminoloji ve Ceza Bilimi,Sosyal > Sosyal > Kriminoloji ve Ceza Bilimi,Sosyal,True,Sosyal,Sosyal,Kriminoloji ve Ceza Bilimi
1143,199,Uluslararası İlişkiler,Sosyal > Sosyal > Uluslararası İlişkiler,Sosyal,True,Sosyal,Sosyal,Uluslararası İlişkiler
1144,166,Psikiyatri,Fen > Tıp > Psikiyatri,Fen,True,Fen,Tıp,Psikiyatri
1144,116,Kriminoloji ve Ceza Bilimi,Sosyal > Sosyal > Kriminoloji ve Ceza Bilimi,Sosyal,True,Sosyal,Sosyal,Kriminoloji ve Ceza Bilimi
1145,116,Kriminoloji ve Ceza Bilimi,Sosyal > Sosyal > Kriminoloji ve Ceza Bilimi,Sosyal,True,Sosyal,Sosyal,Kriminoloji ve Ceza Bilimi
1145,167,Psikoloji,Sosyal > Sosyal > Psikoloji,Sosyal,True,Sosyal,Sosyal,Psikoloji
1145,179,Sosyoloji,Sosyal > Sosyal > Sosyoloji,Sosyal,True,Sosyal,Sosyal,Sosyoloji
1146,116,Kriminoloji ve Ceza Bilimi,Sosyal > Sosyal > Kriminoloji ve Ceza Bilimi,Sosyal,True,Sosyal,Sosyal,Kriminoloji ve Ceza Bilimi
1146,167,Psikoloji,Sosyal > Sosyal > Psikoloji,Sosyal,True,Sosyal,Sosyal,Psikoloji
1146,179,Sosyoloji,Sosyal > Sosyal > Sosyoloji,Sosyal,True,Sosyal,Sosyal,Sosyoloji
1149,60,Enerji ve Yakıtlar,Fen > Mühendislik > Enerji ve Yakıtlar,Fen,True,Fen,Mühendislik,Enerji ve Yakıtlar
1149,144,"Mühendislik, Kimya","Fen > Mühendislik > Mühendislik, Kimya",Fen,True,Fen,Mühendislik,"Mühendislik, Kimya"
1149,74,Fizikokimya,Fen > Temel Bilimler > Fizikokimya,Fen,True,Fen,Temel Bilimler,Fizikokimya
1150,125,"Malzeme Bilimleri, Kaplamalar ve Filmler","Fen > Mühendislik > Malzeme Bilimleri, Kaplamalar ve Filmler",Fen,True,Fen,Mühendislik,"Malzeme Bilimleri, Kaplamalar ve Filmler"
1150,144,"Mühendislik, Kimya","Fen > Mühendislik > Mühendislik, Kimya",Fen,True,Fen,Mühendislik,"Mühendislik, Kimya"
1150,114,"Kimya, Uygulamalı","Fen > Temel Bilimler > Kimya, Uygulamalı",Fen,True,Fen,Temel Bilimler,"Kimya, Uygulamalı"
1151,144,"Mühendislik, Kimya","Fen > Mühendislik > Mühendislik, Kimya",Fen,True,Fen,Mühendislik,"Mühendislik, Kimya"
1151,165,Polimer Bilimi,Fen > Mühendislik > Polimer Bilimi,Fen,True,Fen,Mühendislik,Polimer Bilimi
1151,190,Termodinamik,Fen > Temel Bilimler > Termodinamik,Fen,True,Fen,Temel Bilimler,Termodinamik
1152,129,"Malzeme Bilimleri, Tekstil","Fen > Mühendislik > Malzeme Bilimleri, Tekstil",Fen,True,Fen,Mühendislik,"Malzeme Bilimleri, Tekstil"
1152,144,"Mühendislik, Kimya","Fen > Mühendislik > Mühendislik, Kimya",Fen,True,Fen,Mühendislik,"Mühendislik, Kimya"
1153,144,"Mühendislik, Kimya","Fen > Mühendislik > Mühendislik, Kimya",Fen,True,Fen,Mühendislik,"Mühendislik, Kimya"
1153,148,Nanobilim ve Nanoteknoloji,Fen > Mühendislik > Nanobilim ve Nanoteknoloji,Fen,True,Fen,Mühendislik,Nanobilim ve Nanoteknoloji
1153,135,Mikrobiyoloji,Fen > Tıp > Mikrobiyoloji,Fen,True,Fen,Tıp,Mikrobiyoloji
1154,45,Çevre Mühendisliği,Fen > Mühendislik > Çevre Mühendisliği,Fen,True,Fen,Mühendislik,Çevre Mühendisliği
1154,127,"Malzeme Bilimleri, Özellik ve Test","Fen > Mühendislik > Malzeme Bilimleri, Özellik ve Test",Fen,True,Fen,Mühendislik,"Malzeme Bilimleri, Özellik ve Test"
1154,144,"Mühendislik, Kimya","Fen > Mühendislik > Mühendislik, Kimya",Fen,True,Fen,Mühendislik,"Mühendislik, Kimya"
1155,144,"Mühendislik, Kimya","Fen > Mühendislik > Mühendislik, Kimya",Fen,True,Fen,Mühendislik,"Mühendislik, Kimya"
1155,148,Nanobilim ve Nanoteknoloji,Fen > Mühendislik > Nanobilim ve Nanoteknoloji,Fen,True,Fen,Mühendislik,Nanobilim ve Nanoteknoloji
1155,200,Üroloji ve Nefroloji,Fen > Tıp > Üroloji ve Nefroloji,Fen,True,Fen,Tıp,Üroloji ve Nefroloji
1156,127,"Malzeme Bilimleri, Özellik ve Test","Fen > Mühendislik > Malzeme Bilimleri, Özellik ve Test",Fen,True,Fen,Mühendislik,"Malzeme Bilimleri, Özellik ve Test"
1156,144,"Mühendislik, Kimya","Fen > Mühendislik > Mühendislik, Kimya",Fen,True,Fen,Mühendislik,"Mühendislik, Kimya"
1157,181,Spor Bilimleri,Fen > Tıp > Spor Bilimleri,Fen,True,Fen,Tıp,Spor Bilimleri
1157,55,"Eğitim, Eğitim Araştırmaları","Sosyal > Sosyal > Eğitim, Eğitim Araştırmaları",Sosyal,True,Sosyal,Sosyal,"Eğitim, Eğitim Araştırmaları"
1158,181,Spor Bilimleri,Fen > Tıp > Spor Bilimleri,Fen,True,Fen,Tıp,Spor Bilimleri
1159,181,Spor Bilimleri,Fen > Tıp > Spor Bilimleri,Fen,True,Fen,Tıp,Spor Bilimleri
1161,181,Spor Bilimleri,Fen > Tıp > Spor Bilimleri,Fen,True,Fen,Tıp,Spor Bilimleri
1163,32,"Bilgisayar Bilimleri, Yapay Zeka","Fen > Mühendislik > Bilgisayar Bilimleri, Yapay Zeka",Fen,True,Fen,Mühendislik,"Bilgisayar Bilimleri, Yapay Zeka"
1163,181,Spor Bilimleri,Fen > Tıp > Spor Bilimleri,Fen,True,Fen,Tıp,Spor Bilimleri
1167,24,Balıkçılık,Fen > Temel Bilimler > Balıkçılık,Fen,True,Fen,Temel Bilimler,Balıkçılık
1167,48,Deniz ve Tatlı Su Biyolojisi,Fen > Temel Bilimler > Deniz ve Tatlı Su Biyolojisi,Fen,True,Fen,Temel Bilimler,Deniz ve Tatlı Su Biyolojisi
1168,24,Balıkçılık,Fen > Temel Bilimler > Balıkçılık,Fen,True,Fen,Temel Bilimler,Balıkçılık
1168,48,Deniz ve Tatlı Su Biyolojisi,Fen > Temel Bilimler > Deniz ve Tatlı Su Biyolojisi,Fen,True,Fen,Temel Bilimler,Deniz ve Tatlı Su Biyolojisi
1171,83,Gıda Bilimi ve Teknolojisi,Fen > Mühendislik > Gıda Bilimi ve Teknolojisi,Fen,True,Fen,Mühendislik,Gıda Bilimi ve Teknolojisi
1171,24,Balıkçılık,Fen > Temel Bilimler > Balıkçılık,Fen,True,Fen,Temel Bilimler,Balıkçılık
1172,24,Balıkçılık,Fen > Temel Bilimler > Balıkçılık,Fen,True,Fen,Temel Bilimler,Balıkçılık
1172,135,Mikrobiyoloji,Fen > Tıp > Mikrobiyoloji,Fen,True,Fen,Tıp,Mikrobiyoloji
1172,201,Veterinerlik,Fen > Veterinerlik > Veterinerlik,Fen,True,Fen,Veterinerlik,Veterinerlik
1173,83,Gıda Bilimi ve Teknolojisi,Fen > Mühendislik > Gıda Bilimi ve Teknolojisi,Fen,True,Fen,Mühendislik,Gıda Bilimi ve Teknolojisi
1173,24,Balıkçılık,Fen > Temel Bilimler > Balıkçılık,Fen,True,Fen,Temel Bilimler,Balıkçılık
1174,24,Balıkçılık,Fen > Temel Bilimler > Balıkçılık,Fen,True,Fen,Temel Bilimler,Balıkçılık
1174,161,Parazitoloji,Fen > Temel Bilimler > Parazitoloji,Fen,True,Fen,Temel Bilimler,Parazitoloji
1175,24,Balıkçılık,Fen > Temel Bilimler > Balıkçılık,Fen,True,Fen,Temel Bilimler,Balıkçılık
1175,48,Deniz ve Tatlı Su Biyolojisi,Fen > Temel Bilimler > Deniz ve Tatlı Su Biyolojisi,Fen,True,Fen,Temel Bilimler,Deniz ve Tatlı Su Biyolojisi
1176,83,Gıda Bilimi ve Teknolojisi,Fen > Mühendislik > Gıda Bilimi ve Teknolojisi,Fen,True,Fen,Mühendislik,Gıda Bilimi ve Teknolojisi
1176,24,Balıkçılık,Fen > Temel Bilimler > Balıkçılık,Fen,True,Fen,Temel Bilimler,Balıkçılık
1176,87,Halk ve Çevre Sağlığı,Fen > Tıp > Halk ve Çevre Sağlığı,Fen,True,Fen,Tıp,Halk ve Çevre Sağlığı
1176,135,Mikrobiyoloji,Fen > Tıp > Mikrobiyoloji,Fen,True,Fen,Tıp,Mikrobiyoloji
1180,79,Gastroenteroloji ve Hepatoloji,Fen > Tıp > Gastroenteroloji ve Hepatoloji,Fen,True,Fen,Tıp,Gastroenteroloji ve Hepatoloji
1182,41,Cerrahi,Fen > Tıp > Cerrahi,Fen,True,Fen,Tıp,Cerrahi
1182,79,Gastroenteroloji ve Hepatoloji,Fen > Tıp > Gastroenteroloji ve Hepatoloji,Fen,True,Fen,Tıp,Gastroenteroloji ve Hepatoloji
1183,11,Acil Tıp,Fen > Tıp > Acil Tıp,Fen,True,Fen,Tıp,Acil Tıp
1183,79,Gastroenteroloji ve Hepatoloji,Fen > Tıp > Gastroenteroloji ve Hepatoloji,Fen,True,Fen,Tıp,Gastroenteroloji ve Hepatoloji
1184,81,Genetik ve Kalıtım,Fen > Temel Bilimler > Genetik ve Kalıtım,Fen,True,Fen,Temel Bilimler,Genetik ve Kalıtım
1184,79,Gastroenteroloji ve Hepatoloji,Fen > Tıp > Gastroenteroloji ve Hepatoloji,Fen,True,Fen,Tıp,Gastroenteroloji ve Hepatoloji
1184,163,Pediatri,Fen > Tıp > Pediatri,Fen,True,Fen,Tıp,Pediatri
1186,11,Acil Tıp,Fen > Tıp > Acil Tıp,Fen,True,Fen,Tıp,Acil Tıp
1186,79,Gastroenteroloji ve Hepatoloji,Fen > Tıp > Gastroenteroloji ve Hepatoloji,Fen,True,Fen,Tıp,Gastroenteroloji ve Hepatoloji
1186,163,Pediatri,Fen > Tıp > Pediatri,Fen,True,Fen,Tıp,Pediatri
1190,115,Klinik Nöroloji,Fen > Tıp > Klinik Nöroloji,Fen,True,Fen,Tıp,Klinik Nöroloji
1190,55,"Eğitim, Eğitim Araştırmaları","Sosyal > Sosyal > Eğitim, Eğitim Araştırmaları",Sosyal,True,Sosyal,Sosyal,"Eğitim, Eğitim Araştırmaları"
1192,115,Klinik Nöroloji,Fen > Tıp > Klinik Nöroloji,Fen,True,Fen,Tıp,Klinik Nöroloji
1192,152,Odyoloji ve Konuşma-Dil Patolojisi,Fen > Tıp > Odyoloji ve Konuşma-Dil Patolojisi,Fen,True,Fen,Tıp,Odyoloji ve Konuşma-Dil Patolojisi
1192,169,Rehabilitasyon,Fen > Tıp > Rehabilitasyon,Fen,True,Fen,Tıp,Rehabilitasyon
1195,115,Klinik Nöroloji,Fen > Tıp > Klinik Nöroloji,Fen,True,Fen,Tıp,Klinik Nöroloji
1195,166,Psikiyatri,Fen > Tıp > Psikiyatri,Fen,True,Fen,Tıp,Psikiyatri
1195,121,Madde Bağımlılığı,Sosyal > Sosyal > Madde Bağımlılığı,Sosyal,True,Sosyal,Sosyal,Madde Bağımlılığı
1199,60,Enerji ve Yakıtlar,Fen > Mühendislik > Enerji ve Yakıtlar,Fen,True,Fen,Mühendislik,Enerji ve Yakıtlar
1199,187,Taşınım Bilimi ve Teknolojisi,Fen > Mühendislik > Taşınım Bilimi ve Teknolojisi,Fen,True,Fen,Mühendislik,Taşınım Bilimi ve Teknolojisi
1199,203,"Yeşil, Sürdürülebilir Bilim ve Teknoloji","Fen > Mühendislik > Yeşil, Sürdürülebilir Bilim ve Teknoloji",Fen,True,Fen,Mühendislik,"Yeşil, Sürdürülebilir Bilim ve Teknoloji"
1202,60,Enerji ve Yakıtlar,Fen > Mühendislik > Enerji ve Yakıtlar,Fen,True,Fen,Mühendislik,Enerji ve Yakıtlar
1202,114,"Kimya, Uygulamalı","Fen > Temel Bilimler > Kimya, Uygulamalı",Fen,True,Fen,Temel Bilimler,"Kimya, Uygulamalı"
1204,60,Enerji ve Yakıtlar,Fen > Mühendislik > Enerji ve Yakıtlar,Fen,True,Fen,Mühendislik,Enerji ve Yakıtlar
1204,203,"Yeşil, Sürdürülebilir Bilim ve Teknoloji","Fen > Mühendislik > Yeşil, Sürdürülebilir Bilim ve Teknoloji",Fen,True,Fen,Mühendislik,"Yeşil, Sürdürülebilir Bilim ve Teknoloji"
1204,35,Bitki Bilimleri,Fen > Ziraat > Bitki Bilimleri,Fen,True,Fen,Ziraat,Bitki Bilimleri
1205,60,Enerji ve Yakıtlar,Fen > Mühendislik > Enerji ve Yakıtlar,Fen,True,Fen,Mühendislik,Enerji ve Yakıtlar
1205,134,Meteoroloji ve Atmosferik Bilimler,Fen > Mühendislik > Meteoroloji ve Atmosferik Bilimler,Fen,True,Fen,Mühendislik,Meteoroloji ve Atmosferik Bilimler
1205,142,"Mühendislik, Hava ve Uzay","Fen > Mühendislik > Mühendislik, Hava ve Uzay",Fen,True,Fen,Mühendislik,"Mühendislik, Hava ve Uzay"
1206,32,"Bilgisayar Bilimleri, Yapay Zeka","Fen > Mühendislik > Bilgisayar Bilimleri, Yapay Zeka",Fen,True,Fen,Mühendislik,"Bilgisayar Bilimleri, Yapay Zeka"
1206,60,Enerji ve Yakıtlar,Fen > Mühendislik > Enerji ve Yakıtlar,Fen,True,Fen,Mühendislik,Enerji ve Yakıtlar
1212,110,"Kimya, Analitik","Fen > Temel Bilimler > Kimya, Analitik",Fen,True,Fen,Temel Bilimler,"Kimya, Analitik"
1213,66,Farmakoloji ve Eczacılık,Fen > Eczacılık > Farmakoloji ve Eczacılık,Fen,True,Fen,Eczacılık,Farmakoloji ve Eczacılık
1213,148,Nanobilim ve Nanoteknoloji,Fen > Mühendislik > Nanobilim ve Nanoteknoloji,Fen,True,Fen,Mühendislik,Nanobilim ve Nanoteknoloji
1213,110,"Kimya, Analitik","Fen > Temel Bilimler > Kimya, Analitik",Fen,True,Fen,Temel Bilimler,"Kimya, Analitik"
1214,66,Farmakoloji ve Eczacılık,Fen > Eczacılık > Farmakoloji ve Eczacılık,Fen,True,Fen,Eczacılık,Farmakoloji ve Eczacılık
1214,110,"Kimya, Analitik","Fen > Temel Bilimler > Kimya, Analitik",Fen,True,Fen,Temel Bilimler,"Kimya, Analitik"
1214,113,"Kimya, Tıbbi","Fen > Temel Bilimler > Kimya, Tıbbi",Fen,True,Fen,Temel Bilimler,"Kimya, Tıbbi"
1215,83,Gıda Bilimi ve Teknolojisi,Fen > Mühendislik > Gıda Bilimi ve Teknolojisi,Fen,True,Fen,Mühendislik,Gıda Bilimi ve Teknolojisi
1215,110,"Kimya, Analitik","Fen > Temel Bilimler > Kimya, Analitik",Fen,True,Fen,Temel Bilimler,"Kimya, Analitik"
1215,87,Halk ve Çevre Sağlığı,Fen > Tıp > Halk ve Çevre Sağlığı,Fen,True,Fen,Tıp,Halk ve Çevre Sağlığı
1216,83,Gıda Bilimi ve Teknolojisi,Fen > Mühendislik > Gıda Bilimi ve Teknolojisi,Fen,True,Fen,Mühendislik,Gıda Bilimi ve Teknolojisi
1216,110,"Kimya, Analitik","Fen > Temel Bilimler > Kimya, Analitik",Fen,True,Fen,Temel Bilimler,"Kimya, Analitik"
1219,196,Toksikoloji,Fen > Eczacılık > Toksikoloji,Fen,True,Fen,Eczacılık,Toksikoloji
1219,148,Nanobilim ve Nanoteknoloji,Fen > Mühendislik > Nanobilim ve Nanoteknoloji,Fen,True,Fen,Mühendislik,Nanobilim ve Nanoteknoloji
1219,48,Deniz ve Tatlı Su Biyolojisi,Fen > Temel Bilimler > Deniz ve Tatlı Su Biyolojisi,Fen,True,Fen,Temel Bilimler,Deniz ve Tatlı Su Biyolojisi
1224,141,"Mühendislik, Elektrik ve Elektronik","Fen > Mühendislik > Mühendislik, Elektrik ve Elektronik",Fen,True,Fen,Mühendislik,"Mühendislik, Elektrik ve Elektronik"
1224,24,Balıkçılık,Fen > Temel Bilimler > Balıkçılık,Fen,True,Fen,Temel Bilimler,Balıkçılık
1224,48,Deniz ve Tatlı Su Biyolojisi,Fen > Temel Bilimler > Deniz ve Tatlı Su Biyolojisi,Fen,True,Fen,Temel Bilimler,Deniz ve Tatlı Su Biyolojisi
1224,182,Su Kaynakları,Fen > Temel Bilimler > Su Kaynakları,Fen,True,Fen,Temel Bilimler,Su Kaynakları
1225,24,Balıkçılık,Fen > Temel Bilimler > Balıkçılık,Fen,True,Fen,Temel Bilimler,Balıkçılık
1225,48,Deniz ve Tatlı Su Biyolojisi,Fen > Temel Bilimler > Deniz ve Tatlı Su Biyolojisi,Fen,True,Fen,Temel Bilimler,Deniz ve Tatlı Su Biyolojisi
1226,38,Biyoloji,Fen > Temel Bilimler > Biyoloji,Fen,True,Fen,Temel Bilimler,Biyoloji
1226,48,Deniz ve Tatlı Su Biyolojisi,Fen > Temel Bilimler > Deniz ve Tatlı Su Biyolojisi,Fen,True,Fen,Temel Bilimler,Deniz ve Tatlı Su Biyolojisi
1226,40,Biyoteknoloji ve Uygulamalı Mikrobiyoloji,Fen > Tıp > Biyoteknoloji ve Uygulamalı Mikrobiyoloji,Fen,True,Fen,Tıp,Biyoteknoloji ve Uygulamalı Mikrobiyoloji
1232,60,Enerji ve Yakıtlar,Fen > Mühendislik > Enerji ve Yakıtlar,Fen,True,Fen,Mühendislik,Enerji ve Yakıtlar
1232,114,"Kimya, Uygulamalı","Fen > Temel Bilimler > Kimya, Uygulamalı",Fen,True,Fen,Temel Bilimler,"Kimya, Uygulamalı"
1233,83,Gıda Bilimi ve Teknolojisi,Fen > Mühendislik > Gıda Bilimi ve Teknolojisi,Fen,True,Fen,Mühendislik,Gıda Bilimi ve Teknolojisi
1233,114,"Kimya, Uygulamalı","Fen > Temel Bilimler > Kimya, Uygulamalı",Fen,True,Fen,Temel Bilimler,"Kimya, Uygulamalı"
1234,114,"Kimya, Uygulamalı","Fen > Temel Bilimler > Kimya, Uygulamalı",Fen,True,Fen,Temel Bilimler,"Kimya, Uygulamalı"
1234,37,Biyokimya ve Moleküler Biyoloji,Fen > Tıp > Biyokimya ve Moleküler Biyoloji,Fen,True,Fen,Tıp,Biyokimya ve Moleküler Biyoloji
1234,166,Psikiyatri,Fen > Tıp > Psikiyatri,Fen,True,Fen,Tıp,Psikiyatri
1234,191,Tıbbi Araştırmalar Deneysel,Fen > Tıp > Tıbbi Araştırmalar Deneysel,Fen,True,Fen,Tıp,Tıbbi Araştırmalar Deneysel
1235,111,"Kimya, İnorganik ve Nükleer","Fen > Temel Bilimler > Kimya, İnorganik ve Nükleer",Fen,True,Fen,Temel Bilimler,"Kimya, İnorganik ve Nükleer"
1235,114,"Kimya, Uygulamalı","Fen > Temel Bilimler > Kimya, Uygulamalı",Fen,True,Fen,Temel Bilimler,"Kimya, Uygulamalı"
1236,43,Çevre Bilimleri,Fen > Temel Bilimler > Çevre Bilimleri,Fen,True,Fen,Temel Bilimler,Çevre Bilimleri
1236,114,"Kimya, Uygulamalı","Fen > Temel Bilimler > Kimya, Uygulamalı",Fen,True,Fen,Temel Bilimler,"Kimya, Uygulamalı"
1237,155,Orman Mühendisliği,Fen > Mühendislik > Orman Mühendisliği,Fen,True,Fen,Mühendislik,Orman Mühendisliği
1237,62,Entomoloji,Fen > Temel Bilimler > Entomoloji,Fen,True,Fen,Temel Bilimler,Entomoloji
1237,184,Tarımsal Ekonomi ve Politika,Fen > Ziraat > Tarımsal Ekonomi ve Politika,Fen,True,Fen,Ziraat,Tarımsal Ekonomi ve Politika
1238,155,Orman Mühendisliği,Fen > Mühendislik > Orman Mühendisliği,Fen,True,Fen,Mühendislik,Orman Mühendisliği
1238,62,Entomoloji,Fen > Temel Bilimler > Entomoloji,Fen,True,Fen,Temel Bilimler,Entomoloji
1239,155,Orman Mühendisliği,Fen > Mühendislik > Orman Mühendisliği,Fen,True,Fen,Mühendislik,Orman Mühendisliği
1239,62,Entomoloji,Fen > Temel Bilimler > Entomoloji,Fen,True,Fen,Temel Bilimler,Entomoloji
1240,62,Entomoloji,Fen > Temel Bilimler > Entomoloji,Fen,True,Fen,Temel Bilimler,Entomoloji
1240,91,Hücre Biyolojisi,Fen > Tıp > Hücre Biyolojisi,Fen,True,Fen,Tıp,Hücre Biyolojisi
1240,153,Onkoloji,Fen > Tıp > Onkoloji,Fen,True,Fen,Tıp,Onkoloji
1241,62,Entomoloji,Fen > Temel Bilimler > Entomoloji,Fen,True,Fen,Temel Bilimler,Entomoloji
1242,62,Entomoloji,Fen > Temel Bilimler > Entomoloji,Fen,True,Fen,Temel Bilimler,Entomoloji
1242,161,Parazitoloji,Fen > Temel Bilimler > Parazitoloji,Fen,True,Fen,Temel Bilimler,Parazitoloji
1243,62,Entomoloji,Fen > Temel Bilimler > Entomoloji,Fen,True,Fen,Temel Bilimler,Entomoloji
1243,135,Mikrobiyoloji,Fen > Tıp > Mikrobiyoloji,Fen,True,Fen,Tıp,Mikrobiyoloji
1244,62,Entomoloji,Fen > Temel Bilimler > Entomoloji,Fen,True,Fen,Temel Bilimler,Entomoloji
1244,207,Zooloji,Fen > Temel Bilimler > Zooloji,Fen,True,Fen,Temel Bilimler,Zooloji
1245,62,Entomoloji,Fen > Temel Bilimler > Entomoloji,Fen,True,Fen,Temel Bilimler,Entomoloji
1245,23,Bahçe Bitkileri,Fen > Ziraat > Bahçe Bitkileri,Fen,True,Fen,Ziraat,Bahçe Bitkileri
1246,196,Toksikoloji,Fen > Eczacılık > Toksikoloji,Fen,True,Fen,Eczacılık,Toksikoloji
1246,62,Entomoloji,Fen > Temel Bilimler > Entomoloji,Fen,True,Fen,Temel Bilimler,Entomoloji
1255,148,Nanobilim ve Nanoteknoloji,Fen > Mühendislik > Nanobilim ve Nanoteknoloji,Fen,True,Fen,Mühendislik,Nanobilim ve Nanoteknoloji
1262,45,Çevre Mühendisliği,Fen > Mühendislik > Çevre Mühendisliği,Fen,True,Fen,Mühendislik,Çevre Mühendisliği
1262,43,Çevre Bilimleri,Fen > Temel Bilimler > Çevre Bilimleri,Fen,True,Fen,Temel Bilimler,Çevre Bilimleri
1263,45,Çevre Mühendisliği,Fen > Mühendislik > Çevre Mühendisliği,Fen,True,Fen,Mühendislik,Çevre Mühendisliği
1263,43,Çevre Bilimleri,Fen > Temel Bilimler > Çevre Bilimleri,Fen,True,Fen,Temel Bilimler,Çevre Bilimleri
1264,45,Çevre Mühendisliği,Fen > Mühendislik > Çevre Mühendisliği,Fen,True,Fen,Mühendislik,Çevre Mühendisliği
1264,60,Enerji ve Yakıtlar,Fen > Mühendislik > Enerji ve Yakıtlar,Fen,True,Fen,Mühendislik,Enerji ve Yakıtlar
1264,203,"Yeşil, Sürdürülebilir Bilim ve Teknoloji","Fen > Mühendislik > Yeşil, Sürdürülebilir Bilim ve Teknoloji",Fen,True,Fen,Mühendislik,"Yeşil, Sürdürülebilir Bilim ve Teknoloji"
1265,45,Çevre Mühendisliği,Fen > Mühendislik > Çevre Mühendisliği,Fen,True,Fen,Mühendislik,Çevre Mühendisliği
1265,43,Çevre Bilimleri,Fen > Temel Bilimler > Çevre Bilimleri,Fen,True,Fen,Temel Bilimler,Çevre Bilimleri
1266,45,Çevre Mühendisliği,Fen > Mühendislik > Çevre Mühendisliği,Fen,True,Fen,Mühendislik,Çevre Mühendisliği
1266,98,İnşaat ve Yapı Teknolojisi,Fen > Mühendislik > İnşaat ve Yapı Teknolojisi,Fen,True,Fen,Mühendislik,İnşaat ve Yapı Teknolojisi
1266,203,"Yeşil, Sürdürülebilir Bilim ve Teknoloji","Fen > Mühendislik > Yeşil, Sürdürülebilir Bilim ve Teknoloji",Fen,True,Fen,Mühendislik,"Yeşil, Sürdürülebilir Bilim ve Teknoloji"
1268,109,Kentsel Çalışmalar,Sosyal > Sosyal > Kentsel Çalışmalar,Sosyal,True,Sosyal,Sosyal,Kentsel Çalışmalar
1268,179,Sosyoloji,Sosyal > Sosyal > Sosyoloji,Sosyal,True,Sosyal,Sosyal,Sosyoloji
1270,93,İktisat,Sosyal > Sosyal > İktisat,Sosyal,True,Sosyal,Sosyal,İktisat
1270,109,Kentsel Çalışmalar,Sosyal > Sosyal > Kentsel Çalışmalar,Sosyal,True,Sosyal,Sosyal,Kentsel Çalışmalar
1272,44,Çevre Çalışmaları,Sosyal > Sosyal > Çevre Çalışmaları,Sosyal,True,Sosyal,Sosyal,Çevre Çalışmaları
1272,109,Kentsel Çalışmalar,Sosyal > Sosyal > Kentsel Çalışmalar,Sosyal,True,Sosyal,Sosyal,Kentsel Çalışmalar
1274,137,Mimarlık,Fen > Mühendislik > Mimarlık,Fen,True,Fen,Mühendislik,Mimarlık
1274,109,Kentsel Çalışmalar,Sosyal > Sosyal > Kentsel Çalışmalar,Sosyal,True,Sosyal,Sosyal,Kentsel Çalışmalar
1275,44,Çevre Çalışmaları,Sosyal > Sosyal > Çevre Çalışmaları,Sosyal,True,Sosyal,Sosyal,Çevre Çalışmaları
1275,101,İşletme,Sosyal > Sosyal > İşletme,Sosyal,True,Sosyal,Sosyal,İşletme
1275,109,Kentsel Çalışmalar,Sosyal > Sosyal > Kentsel Çalışmalar,Sosyal,True,Sosyal,Sosyal,Kentsel Çalışmalar
1281,105,Kadın Araştırmaları,Sosyal > Sosyal > Kadın Araştırmaları,Sosyal,True,Sosyal,Sosyal,Kadın Araştırmaları
1281,178,Sosyal Çalışma,Sosyal > Sosyal > Sosyal Çalışma,Sosyal,True,Sosyal,Sosyal,Sosyal Çalışma
1282,93,İktisat,Sosyal > Sosyal > İktisat,Sosyal,True,Sosyal,Sosyal,İktisat
1282,105,Kadın Araştırmaları,Sosyal > Sosyal > Kadın Araştırmaları,Sosyal,True,Sosyal,Sosyal,Kadın Araştırmaları
1284,55,"Eğitim, Eğitim Araştırmaları","Sosyal > Sosyal > Eğitim, Eğitim Araştırmaları",Sosyal,True,Sosyal,Sosyal,"Eğitim, Eğitim Araştırmaları"
1284,105,Kadın Araştırmaları,Sosyal > Sosyal > Kadın Araştırmaları,Sosyal,True,Sosyal,Sosyal,Kadın Araştırmaları
1284,179,Sosyoloji,Sosyal > Sosyal > Sosyoloji,Sosyal,True,Sosyal,Sosyal,Sosyoloji
1285,105,Kadın Araştırmaları,Sosyal > Sosyal > Kadın Araştırmaları,Sosyal,True,Sosyal,Sosyal,Kadın Araştırmaları
1285,167,Psikoloji,Sosyal > Sosyal > Psikoloji,Sosyal,True,Sosyal,Sosyal,Psikoloji
1285,178,Sosyal Çalışma,Sosyal > Sosyal > Sosyal Çalışma,Sosyal,True,Sosyal,Sosyal,Sosyal Çalışma
1288,96,İmmünoloji,Fen > Tıp > İmmünoloji,Fen,True,Fen,Tıp,İmmünoloji
1288,153,Onkoloji,Fen > Tıp > Onkoloji,Fen,True,Fen,Tıp,Onkoloji
1290,15,Alerji,Fen > Tıp > Alerji,Fen,True,Fen,Tıp,Alerji
1290,96,İmmünoloji,Fen > Tıp > İmmünoloji,Fen,True,Fen,Tıp,İmmünoloji
1291,91,Hücre Biyolojisi,Fen > Tıp > Hücre Biyolojisi,Fen,True,Fen,Tıp,Hücre Biyolojisi
1291,96,İmmünoloji,Fen > Tıp > İmmünoloji,Fen,True,Fen,Tıp,İmmünoloji
1292,96,İmmünoloji,Fen > Tıp > İmmünoloji,Fen,True,Fen,Tıp,İmmünoloji
1292,201,Veterinerlik,Fen > Veterinerlik > Veterinerlik,Fen,True,Fen,Veterinerlik,Veterinerlik
1293,15,Alerji,Fen > Tıp > Alerji,Fen,True,Fen,Tıp,Alerji
1293,96,İmmünoloji,Fen > Tıp > İmmünoloji,Fen,True,Fen,Tıp,İmmünoloji
1293,163,Pediatri,Fen > Tıp > Pediatri,Fen,True,Fen,Tıp,Pediatri
1294,96,İmmünoloji,Fen > Tıp > İmmünoloji,Fen,True,Fen,Tıp,İmmünoloji
1294,163,Pediatri,Fen > Tıp > Pediatri,Fen,True,Fen,Tıp,Pediatri
1294,194,Tıbbi Laboratuar Teknolojisi,Fen > Tıp > Tıbbi Laboratuar Teknolojisi,Fen,True,Fen,Tıp,Tıbbi Laboratuar Teknolojisi
1295,96,İmmünoloji,Fen > Tıp > İmmünoloji,Fen,True,Fen,Tıp,İmmünoloji
1295,173,Sağlık Politikaları ve Hizmetleri,Sosyal > Sosyal > Sağlık Politikaları ve Hizmetleri,Sosyal,True,Sosyal,Sosyal,Sağlık Politikaları ve Hizmetleri
1295,178,Sosyal Çalışma,Sosyal > Sosyal > Sosyal Çalışma,Sosyal,True,Sosyal,Sosyal,Sosyal Çalışma
1296,58,Endokrinoloji ve Metabolizma,Fen > Tıp > Endokrinoloji ve Metabolizma,Fen,True,Fen,Tıp,Endokrinoloji ve Metabolizma
1296,96,İmmünoloji,Fen > Tıp > İmmünoloji,Fen,True,Fen,Tıp,İmmünoloji
1298,58,Endokrinoloji ve Metabolizma,Fen > Tıp > Endokrinoloji ve Metabolizma,Fen,True,Fen,Tıp,Endokrinoloji ve Metabolizma
1298,163,Pediatri,Fen > Tıp > Pediatri,Fen,True,Fen,Tıp,Pediatri
1298,194,Tıbbi Laboratuar Teknolojisi,Fen > Tıp > Tıbbi Laboratuar Teknolojisi,Fen,True,Fen,Tıp,Tıbbi Laboratuar Teknolojisi
1300,168,"Radyoloji, Nükleer Tıp, Tıbbi Görüntüleme","Fen > Tıp > Radyoloji, Nükleer Tıp, Tıbbi Görüntüleme",Fen,True,Fen,Tıp,"Radyoloji, Nükleer Tıp, Tıbbi Görüntüleme"
1300,194,Tıbbi Laboratuar Teknolojisi,Fen > Tıp > Tıbbi Laboratuar Teknolojisi,Fen,True,Fen,Tıp,Tıbbi Laboratuar Teknolojisi
1300,200,Üroloji ve Nefroloji,Fen > Tıp > Üroloji ve Nefroloji,Fen,True,Fen,Tıp,Üroloji ve Nefroloji
1301,194,Tıbbi Laboratuar Teknolojisi,Fen > Tıp > Tıbbi Laboratuar Teknolojisi,Fen,True,Fen,Tıp,Tıbbi Laboratuar Teknolojisi
1301,173,Sağlık Politikaları ve Hizmetleri,Sosyal > Sosyal > Sağlık Politikaları ve Hizmetleri,Sosyal,True,Sosyal,Sosyal,Sağlık Politikaları ve Hizmetleri
1302,41,Cerrahi,Fen > Tıp > Cerrahi,Fen,True,Fen,Tıp,Cerrahi
1302,194,Tıbbi Laboratuar Teknolojisi,Fen > Tıp > Tıbbi Laboratuar Teknolojisi,Fen,True,Fen,Tıp,Tıbbi Laboratuar Teknolojisi
1303,153,Onkoloji,Fen > Tıp > Onkoloji,Fen,True,Fen,Tıp,Onkoloji
1303,194,Tıbbi Laboratuar Teknolojisi,Fen > Tıp > Tıbbi Laboratuar Teknolojisi,Fen,True,Fen,Tıp,Tıbbi Laboratuar Teknolojisi
1304,164,Periferik Damar Hastalıkları,Fen > Tıp > Periferik Damar Hastalıkları,Fen,True,Fen,Tıp,Periferik Damar Hastalıkları
1304,194,Tıbbi Laboratuar Teknolojisi,Fen > Tıp > Tıbbi Laboratuar Teknolojisi,Fen,True,Fen,Tıp,Tıbbi Laboratuar Teknolojisi
1305,194,Tıbbi Laboratuar Teknolojisi,Fen > Tıp > Tıbbi Laboratuar Teknolojisi,Fen,True,Fen,Tıp,Tıbbi Laboratuar Teknolojisi
1305,200,Üroloji ve Nefroloji,Fen > Tıp > Üroloji ve Nefroloji,Fen,True,Fen,Tıp,Üroloji ve Nefroloji
1306,166,Psikiyatri,Fen > Tıp > Psikiyatri,Fen,True,Fen,Tıp,Psikiyatri
1306,194,Tıbbi Laboratuar Teknolojisi,Fen > Tıp > Tıbbi Laboratuar Teknolojisi,Fen,True,Fen,Tıp,Tıbbi Laboratuar Teknolojisi
1307,192,Tıbbi Etik,Fen > Tıp > Tıbbi Etik,Fen,True,Fen,Tıp,Tıbbi Etik
1307,64,Etik,Sosyal > Sosyal > Etik,Sosyal,True,Sosyal,Sosyal,Etik
1307,78,Folklor,Sosyal > Sosyal > Folklor,Sosyal,True,Sosyal,Sosyal,Folklor
1308,64,Etik,Sosyal > Sosyal > Etik,Sosyal,True,Sosyal,Sosyal,Etik
1308,176,Siyasi Bilimler,Sosyal > Sosyal > Siyasi Bilimler,Sosyal,True,Sosyal,Sosyal,Siyasi Bilimler
1308,199,Uluslararası İlişkiler,Sosyal > Sosyal > Uluslararası İlişkiler,Sosyal,True,Sosyal,Sosyal,Uluslararası İlişkiler
1309,32,"Bilgisayar Bilimleri, Yapay Zeka","Fen > Mühendislik > Bilgisayar Bilimleri, Yapay Zeka",Fen,True,Fen,Mühendislik,"Bilgisayar Bilimleri, Yapay Zeka"
1309,170,Robotik,Fen > Mühendislik > Robotik,Fen,True,Fen,Mühendislik,Robotik
1309,64,Etik,Sosyal > Sosyal > Etik,Sosyal,True,Sosyal,Sosyal,Etik
1309,90,Hukuk,Sosyal > Sosyal > Hukuk,Sosyal,True,Sosyal,Sosyal,Hukuk
1310,32,"Bilgisayar Bilimleri, Yapay Zeka","Fen > Mühendislik > Bilgisayar Bilimleri, Yapay Zeka",Fen,True,Fen,Mühendislik,"Bilgisayar Bilimleri, Yapay Zeka"
1310,64,Etik,Sosyal > Sosyal > Etik,Sosyal,True,Sosyal,Sosyal,Etik
1311,64,Etik,Sosyal > Sosyal > Etik,Sosyal,True,Sosyal,Sosyal,Etik
1311,195,Tiyatro,Sosyal > Sosyal > Tiyatro,Sosyal,True,Sosyal,Sosyal,Tiyatro
1312,64,Etik,Sosyal > Sosyal > Etik,Sosyal,True,Sosyal,Sosyal,Etik
1312,178,Sosyal Çalışma,Sosyal > Sosyal > Sosyal Çalışma,Sosyal,True,Sosyal,Sosyal,Sosyal Çalışma
1313,64,Etik,Sosyal > Sosyal > Etik,Sosyal,True,Sosyal,Sosyal,Etik
1313,167,Psikoloji,Sosyal > Sosyal > Psikoloji,Sosyal,True,Sosyal,Sosyal,Psikoloji
1314,32,"Bilgisayar Bilimleri, Yapay Zeka","Fen > Mühendislik > Bilgisayar Bilimleri, Yapay Zeka",Fen,True,Fen,Mühendislik,"Bilgisayar Bilimleri, Yapay Zeka"
1314,64,Etik,Sosyal > Sosyal > Etik,Sosyal,True,Sosyal,Sosyal,Etik
1314,94,İletişim,Sosyal > Sosyal > İletişim,Sosyal,True,Sosyal,Sosyal,İletişim
1315,64,Etik,Sosyal > Sosyal > Etik,Sosyal,True,Sosyal,Sosyal,Etik
1315,89,Hemşirelik,Sosyal > Sosyal > Hemşirelik,Sosyal,True,Sosyal,Sosyal,Hemşirelik
1315,90,Hukuk,Sosyal > Sosyal > Hukuk,Sosyal,True,Sosyal,Sosyal,Hukuk
1316,192,Tıbbi Etik,Fen > Tıp > Tıbbi Etik,Fen,True,Fen,Tıp,Tıbbi Etik
1316,64,Etik,Sosyal > Sosyal > Etik,Sosyal,True,Sosyal,Sosyal,Etik
1317,184,Tarımsal Ekonomi ve Politika,Fen > Ziraat > Tarımsal Ekonomi ve Politika,Fen,True,Fen,Ziraat,Tarımsal Ekonomi ve Politika
1321,184,Tarımsal Ekonomi ve Politika,Fen > Ziraat > Tarımsal Ekonomi ve Politika,Fen,True,Fen,Ziraat,Tarımsal Ekonomi ve Politika
1321,93,İktisat,Sosyal > Sosyal > İktisat,Sosyal,True,Sosyal,Sosyal,İktisat
1322,155,Orman Mühendisliği,Fen > Mühendislik > Orman Mühendisliği,Fen,True,Fen,Mühendislik,Orman Mühendisliği
1322,184,Tarımsal Ekonomi ve Politika,Fen > Ziraat > Tarımsal Ekonomi ve Politika,Fen,True,Fen,Ziraat,Tarımsal Ekonomi ve Politika
1323,201,Veterinerlik,Fen > Veterinerlik > Veterinerlik,Fen,True,Fen,Veterinerlik,Veterinerlik
1323,184,Tarımsal Ekonomi ve Politika,Fen > Ziraat > Tarımsal Ekonomi ve Politika,Fen,True,Fen,Ziraat,Tarımsal Ekonomi ve Politika
1324,43,Çevre Bilimleri,Fen > Temel Bilimler > Çevre Bilimleri,Fen,True,Fen,Temel Bilimler,Çevre Bilimleri
1324,182,Su Kaynakları,Fen > Temel Bilimler > Su Kaynakları,Fen,True,Fen,Temel Bilimler,Su Kaynakları
1324,184,Tarımsal Ekonomi ve Politika,Fen > Ziraat > Tarımsal Ekonomi ve Politika,Fen,True,Fen,Ziraat,Tarımsal Ekonomi ve Politika
1324,150,Nüfus İstatistikleri Bilimi,Sosyal > Sosyal > Nüfus İstatistikleri Bilimi,Sosyal,True,Sosyal,Sosyal,Nüfus İstatistikleri Bilimi
1325,184,Tarımsal Ekonomi ve Politika,Fen > Ziraat > Tarımsal Ekonomi ve Politika,Fen,True,Fen,Ziraat,Tarımsal Ekonomi ve Politika
1325,25,Beslenme ve Diyetetik,Sosyal > Sosyal > Beslenme ve Diyetetik,Sosyal,True,Sosyal,Sosyal,Beslenme ve Diyetetik
1326,184,Tarımsal Ekonomi ve Politika,Fen > Ziraat > Tarımsal Ekonomi ve Politika,Fen,True,Fen,Ziraat,Tarımsal Ekonomi ve Politika
1326,93,İktisat,Sosyal > Sosyal > İktisat,Sosyal,True,Sosyal,Sosyal,İktisat
1326,150,Nüfus İstatistikleri Bilimi,Sosyal > Sosyal > Nüfus İstatistikleri Bilimi,Sosyal,True,Sosyal,Sosyal,Nüfus İstatistikleri Bilimi
1328,84,Görüntüleme Bilimi ve Fotoğraf Teknolojisi,Fen > Mühendislik > Görüntüleme Bilimi ve Fotoğraf Teknolojisi,Fen,True,Fen,Mühendislik,Görüntüleme Bilimi ve Fotoğraf Teknolojisi
1328,174,Sanat,Sosyal > Sosyal > Sanat,Sosyal,True,Sosyal,Sosyal,Sanat
1329,84,Görüntüleme Bilimi ve Fotoğraf Teknolojisi,Fen > Mühendislik > Görüntüleme Bilimi ve Fotoğraf Teknolojisi,Fen,True,Fen,Mühendislik,Görüntüleme Bilimi ve Fotoğraf Teknolojisi
1329,68,"Film, Radyo, Televizyon","Sosyal > Sosyal > Film, Radyo, Televizyon",Sosyal,True,Sosyal,Sosyal,"Film, Radyo, Televizyon"
1330,30,"Bilgisayar Bilimleri, Sibernitik","Fen > Mühendislik > Bilgisayar Bilimleri, Sibernitik",Fen,True,Fen,Mühendislik,"Bilgisayar Bilimleri, Sibernitik"
1330,31,"Bilgisayar Bilimleri, Teori ve Metotlar","Fen > Mühendislik > Bilgisayar Bilimleri, Teori ve Metotlar",Fen,True,Fen,Mühendislik,"Bilgisayar Bilimleri, Teori ve Metotlar"
1330,32,"Bilgisayar Bilimleri, Yapay Zeka","Fen > Mühendislik > Bilgisayar Bilimleri, Yapay Zeka",Fen,True,Fen,Mühendislik,"Bilgisayar Bilimleri, Yapay Zeka"
1330,84,Görüntüleme Bilimi ve Fotoğraf Teknolojisi,Fen > Mühendislik > Görüntüleme Bilimi ve Fotoğraf Teknolojisi,Fen,True,Fen,Mühendislik,Görüntüleme Bilimi ve Fotoğraf Teknolojisi
1331,32,"Bilgisayar Bilimleri, Yapay Zeka","Fen > Mühendislik > Bilgisayar Bilimleri, Yapay Zeka",Fen,True,Fen,Mühendislik,"Bilgisayar Bilimleri, Yapay Zeka"
1331,84,Görüntüleme Bilimi ve Fotoğraf Teknolojisi,Fen > Mühendislik > Görüntüleme Bilimi ve Fotoğraf Teknolojisi,Fen,True,Fen,Mühendislik,Görüntüleme Bilimi ve Fotoğraf Teknolojisi
1331,187,Taşınım Bilimi ve Teknolojisi,Fen > Mühendislik > Taşınım Bilimi ve Teknolojisi,Fen,True,Fen,Mühendislik,Taşınım Bilimi ve Teknolojisi
1332,84,Görüntüleme Bilimi ve Fotoğraf Teknolojisi,Fen > Mühendislik > Görüntüleme Bilimi ve Fotoğraf Teknolojisi,Fen,True,Fen,Mühendislik,Görüntüleme Bilimi ve Fotoğraf Teknolojisi
1332,155,Orman Mühendisliği,Fen > Mühendislik > Orman Mühendisliği,Fen,True,Fen,Mühendislik,Orman Mühendisliği
1333,84,Görüntüleme Bilimi ve Fotoğraf Teknolojisi,Fen > Mühendislik > Görüntüleme Bilimi ve Fotoğraf Teknolojisi,Fen,True,Fen,Mühendislik,Görüntüleme Bilimi ve Fotoğraf Teknolojisi
1333,43,Çevre Bilimleri,Fen > Temel Bilimler > Çevre Bilimleri,Fen,True,Fen,Temel Bilimler,Çevre Bilimleri
1333,42,Coğrafya,Sosyal > Sosyal > Coğrafya,Sosyal,True,Sosyal,Sosyal,Coğrafya
1333,109,Kentsel Çalışmalar,Sosyal > Sosyal > Kentsel Çalışmalar,Sosyal,True,Sosyal,Sosyal,Kentsel Çalışmalar
1334,84,Görüntüleme Bilimi ve Fotoğraf Teknolojisi,Fen > Mühendislik > Görüntüleme Bilimi ve Fotoğraf Teknolojisi,Fen,True,Fen,Mühendislik,Görüntüleme Bilimi ve Fotoğraf Teknolojisi
1334,20,Arkeoloji,Sosyal > Sosyal > Arkeoloji,Sosyal,True,Sosyal,Sosyal,Arkeoloji
1335,84,Görüntüleme Bilimi ve Fotoğraf Teknolojisi,Fen > Mühendislik > Görüntüleme Bilimi ve Fotoğraf Teknolojisi,Fen,True,Fen,Mühendislik,Görüntüleme Bilimi ve Fotoğraf Teknolojisi
1335,98,İnşaat ve Yapı Teknolojisi,Fen > Mühendislik > İnşaat ve Yapı Teknolojisi,Fen,True,Fen,Mühendislik,İnşaat ve Yapı Teknolojisi
1335,137,Mimarlık,Fen > Mühendislik > Mimarlık,Fen,True,Fen,Mühendislik,Mimarlık
1336,84,Görüntüleme Bilimi ve Fotoğraf Teknolojisi,Fen > Mühendislik > Görüntüleme Bilimi ve Fotoğraf Teknolojisi,Fen,True,Fen,Mühendislik,Görüntüleme Bilimi ve Fotoğraf Teknolojisi
1336,103,Jeokimya ve Jeofizik,Fen > Mühendislik > Jeokimya ve Jeofizik,Fen,True,Fen,Mühendislik,Jeokimya ve Jeofizik
1336,143,"Mühendislik, Jeoloji","Fen > Mühendislik > Mühendislik, Jeoloji",Fen,True,Fen,Mühendislik,"Mühendislik, Jeoloji"
1339,19,Antropoloji,Sosyal > Sosyal > Antropoloji,Sosyal,True,Sosyal,Sosyal,Antropoloji
1339,54,Edebiyat,Sosyal > Sosyal > Edebiyat,Sosyal,True,Sosyal,Sosyal,Edebiyat
1339,119,Kültürel Çalışmalar,Sosyal > Sosyal > Kültürel Çalışmalar,Sosyal,True,Sosyal,Sosyal,Kültürel Çalışmalar
1340,19,Antropoloji,Sosyal > Sosyal > Antropoloji,Sosyal,True,Sosyal,Sosyal,Antropoloji
1340,51,Din Bilimi,Sosyal > Sosyal > Din Bilimi,Sosyal,True,Sosyal,Sosyal,Din Bilimi
1340,185,Tarih,Sosyal > Sosyal > Tarih,Sosyal,True,Sosyal,Sosyal,Tarih
1341,19,Antropoloji,Sosyal > Sosyal > Antropoloji,Sosyal,True,Sosyal,Sosyal,Antropoloji
1341,44,Çevre Çalışmaları,Sosyal > Sosyal > Çevre Çalışmaları,Sosyal,True,Sosyal,Sosyal,Çevre Çalışmaları
1341,176,Siyasi Bilimler,Sosyal > Sosyal > Siyasi Bilimler,Sosyal,True,Sosyal,Sosyal,Siyasi Bilimler
1342,19,Antropoloji,Sosyal > Sosyal > Antropoloji,Sosyal,True,Sosyal,Sosyal,Antropoloji
1342,54,Edebiyat,Sosyal > Sosyal > Edebiyat,Sosyal,True,Sosyal,Sosyal,Edebiyat
1342,78,Folklor,Sosyal > Sosyal > Folklor,Sosyal,True,Sosyal,Sosyal,Folklor
1343,19,Antropoloji,Sosyal > Sosyal > Antropoloji,Sosyal,True,Sosyal,Sosyal,Antropoloji
1343,42,Coğrafya,Sosyal > Sosyal > Coğrafya,Sosyal,True,Sosyal,Sosyal,Coğrafya
1343,109,Kentsel Çalışmalar,Sosyal > Sosyal > Kentsel Çalışmalar,Sosyal,True,Sosyal,Sosyal,Kentsel Çalışmalar
1344,181,Spor Bilimleri,Fen > Tıp > Spor Bilimleri,Fen,True,Fen,Tıp,Spor Bilimleri
1344,19,Antropoloji,Sosyal > Sosyal > Antropoloji,Sosyal,True,Sosyal,Sosyal,Antropoloji
1344,176,Siyasi Bilimler,Sosyal > Sosyal > Siyasi Bilimler,Sosyal,True,Sosyal,Sosyal,Siyasi Bilimler
1345,181,Spor Bilimleri,Fen > Tıp > Spor Bilimleri,Fen,True,Fen,Tıp,Spor Bilimleri
1345,19,Antropoloji,Sosyal > Sosyal > Antropoloji,Sosyal,True,Sosyal,Sosyal,Antropoloji
1345,176,Siyasi Bilimler,Sosyal > Sosyal > Siyasi Bilimler,Sosyal,True,Sosyal,Sosyal,Siyasi Bilimler
1346,181,Spor Bilimleri,Fen > Tıp > Spor Bilimleri,Fen,True,Fen,Tıp,Spor Bilimleri
1346,19,Antropoloji,Sosyal > Sosyal > Antropoloji,Sosyal,True,Sosyal,Sosyal,Antropoloji
1346,176,Siyasi Bilimler,Sosyal > Sosyal > Siyasi Bilimler,Sosyal,True,Sosyal,Sosyal,Siyasi Bilimler
1347,206,"Ziraat, Toprak Bilimi","Fen > Ziraat > Ziraat, Toprak Bilimi",Fen,True,Fen,Ziraat,"Ziraat, Toprak Bilimi"
1349,35,Bitki Bilimleri,Fen > Ziraat > Bitki Bilimleri,Fen,True,Fen,Ziraat,Bitki Bilimleri
1349,206,"Ziraat, Toprak Bilimi","Fen > Ziraat > Ziraat, Toprak Bilimi",Fen,True,Fen,Ziraat,"Ziraat, Toprak Bilimi"
1350,206,"Ziraat, Toprak Bilimi","Fen > Ziraat > Ziraat, Toprak Bilimi",Fen,True,Fen,Ziraat,"Ziraat, Toprak Bilimi"
1352,155,Orman Mühendisliği,Fen > Mühendislik > Orman Mühendisliği,Fen,True,Fen,Mühendislik,Orman Mühendisliği
1352,182,Su Kaynakları,Fen > Temel Bilimler > Su Kaynakları,Fen,True,Fen,Temel Bilimler,Su Kaynakları
1352,206,"Ziraat, Toprak Bilimi","Fen > Ziraat > Ziraat, Toprak Bilimi",Fen,True,Fen,Ziraat,"Ziraat, Toprak Bilimi"
1353,35,Bitki Bilimleri,Fen > Ziraat > Bitki Bilimleri,Fen,True,Fen,Ziraat,Bitki Bilimleri
1353,206,"Ziraat, Toprak Bilimi","Fen > Ziraat > Ziraat, Toprak Bilimi",Fen,True,Fen,Ziraat,"Ziraat, Toprak Bilimi"
1354,35,Bitki Bilimleri,Fen > Ziraat > Bitki Bilimleri,Fen,True,Fen,Ziraat,Bitki Bilimleri
1354,206,"Ziraat, Toprak Bilimi","Fen > Ziraat > Ziraat, Toprak Bilimi",Fen,True,Fen,Ziraat,"Ziraat, Toprak Bilimi"
1355,155,Orman Mühendisliği,Fen > Mühendislik > Orman Mühendisliği,Fen,True,Fen,Mühendislik,Orman Mühendisliği
1355,206,"Ziraat, Toprak Bilimi","Fen > Ziraat > Ziraat, Toprak Bilimi",Fen,True,Fen,Ziraat,"Ziraat, Toprak Bilimi"
1357,13,Aile Çalışmaları,Sosyal > Sosyal > Aile Çalışmaları,Sosyal,True,Sosyal,Sosyal,Aile Çalışmaları
1357,150,Nüfus İstatistikleri Bilimi,Sosyal > Sosyal > Nüfus İstatistikleri Bilimi,Sosyal,True,Sosyal,Sosyal,Nüfus İstatistikleri Bilimi
1357,179,Sosyoloji,Sosyal > Sosyal > Sosyoloji,Sosyal,True,Sosyal,Sosyal,Sosyoloji
1358,150,Nüfus İstatistikleri Bilimi,Sosyal > Sosyal > Nüfus İstatistikleri Bilimi,Sosyal,True,Sosyal,Sosyal,Nüfus İstatistikleri Bilimi
1358,185,Tarih,Sosyal > Sosyal > Tarih,Sosyal,True,Sosyal,Sosyal,Tarih
1359,65,Etnik Çalışmalar,Sosyal > Sosyal > Etnik Çalışmalar,Sosyal,True,Sosyal,Sosyal,Etnik Çalışmalar
1359,150,Nüfus İstatistikleri Bilimi,Sosyal > Sosyal > Nüfus İstatistikleri Bilimi,Sosyal,True,Sosyal,Sosyal,Nüfus İstatistikleri Bilimi
1359,176,Siyasi Bilimler,Sosyal > Sosyal > Siyasi Bilimler,Sosyal,True,Sosyal,Sosyal,Siyasi Bilimler
1360,13,Aile Çalışmaları,Sosyal > Sosyal > Aile Çalışmaları,Sosyal,True,Sosyal,Sosyal,Aile Çalışmaları
1360,150,Nüfus İstatistikleri Bilimi,Sosyal > Sosyal > Nüfus İstatistikleri Bilimi,Sosyal,True,Sosyal,Sosyal,Nüfus İstatistikleri Bilimi
1360,179,Sosyoloji,Sosyal > Sosyal > Sosyoloji,Sosyal,True,Sosyal,Sosyal,Sosyoloji
1361,150,Nüfus İstatistikleri Bilimi,Sosyal > Sosyal > Nüfus İstatistikleri Bilimi,Sosyal,True,Sosyal,Sosyal,Nüfus İstatistikleri Bilimi
1363,44,Çevre Çalışmaları,Sosyal > Sosyal > Çevre Çalışmaları,Sosyal,True,Sosyal,Sosyal,Çevre Çalışmaları
1363,93,İktisat,Sosyal > Sosyal > İktisat,Sosyal,True,Sosyal,Sosyal,İktisat
1363,150,Nüfus İstatistikleri Bilimi,Sosyal > Sosyal > Nüfus İstatistikleri Bilimi,Sosyal,True,Sosyal,Sosyal,Nüfus İstatistikleri Bilimi
1364,150,Nüfus İstatistikleri Bilimi,Sosyal > Sosyal > Nüfus İstatistikleri Bilimi,Sosyal,True,Sosyal,Sosyal,Nüfus İstatistikleri Bilimi
1365,99,İstatistik ve Olasılık,Fen > Temel Bilimler > İstatistik ve Olasılık,Fen,True,Fen,Temel Bilimler,İstatistik ve Olasılık
1365,93,İktisat,Sosyal > Sosyal > İktisat,Sosyal,True,Sosyal,Sosyal,İktisat
1365,150,Nüfus İstatistikleri Bilimi,Sosyal > Sosyal > Nüfus İstatistikleri Bilimi,Sosyal,True,Sosyal,Sosyal,Nüfus İstatistikleri Bilimi
1368,129,"Malzeme Bilimleri, Tekstil","Fen > Mühendislik > Malzeme Bilimleri, Tekstil",Fen,True,Fen,Mühendislik,"Malzeme Bilimleri, Tekstil"
1368,148,Nanobilim ve Nanoteknoloji,Fen > Mühendislik > Nanobilim ve Nanoteknoloji,Fen,True,Fen,Mühendislik,Nanobilim ve Nanoteknoloji
1370,126,"Malzeme Bilimleri, Kompozitler","Fen > Mühendislik > Malzeme Bilimleri, Kompozitler",Fen,True,Fen,Mühendislik,"Malzeme Bilimleri, Kompozitler"
1370,129,"Malzeme Bilimleri, Tekstil","Fen > Mühendislik > Malzeme Bilimleri, Tekstil",Fen,True,Fen,Mühendislik,"Malzeme Bilimleri, Tekstil"
1371,32,"Bilgisayar Bilimleri, Yapay Zeka","Fen > Mühendislik > Bilgisayar Bilimleri, Yapay Zeka",Fen,True,Fen,Mühendislik,"Bilgisayar Bilimleri, Yapay Zeka"
1371,129,"Malzeme Bilimleri, Tekstil","Fen > Mühendislik > Malzeme Bilimleri, Tekstil",Fen,True,Fen,Mühendislik,"Malzeme Bilimleri, Tekstil"
1371,203,"Yeşil, Sürdürülebilir Bilim ve Teknoloji","Fen > Mühendislik > Yeşil, Sürdürülebilir Bilim ve Teknoloji",Fen,True,Fen,Mühendislik,"Yeşil, Sürdürülebilir Bilim ve Teknoloji"
1372,60,Enerji ve Yakıtlar,Fen > Mühendislik > Enerji ve Yakıtlar,Fen,True,Fen,Mühendislik,Enerji ve Yakıtlar
1372,129,"Malzeme Bilimleri, Tekstil","Fen > Mühendislik > Malzeme Bilimleri, Tekstil",Fen,True,Fen,Mühendislik,"Malzeme Bilimleri, Tekstil"
1373,129,"Malzeme Bilimleri, Tekstil","Fen > Mühendislik > Malzeme Bilimleri, Tekstil",Fen,True,Fen,Mühendislik,"Malzeme Bilimleri, Tekstil"
1373,148,Nanobilim ve Nanoteknoloji,Fen > Mühendislik > Nanobilim ve Nanoteknoloji,Fen,True,Fen,Mühendislik,Nanobilim ve Nanoteknoloji
1373,203,"Yeşil, Sürdürülebilir Bilim ve Teknoloji","Fen > Mühendislik > Yeşil, Sürdürülebilir Bilim ve Teknoloji",Fen,True,Fen,Mühendislik,"Yeşil, Sürdürülebilir Bilim ve Teknoloji"
1374,126,"Malzeme Bilimleri, Kompozitler","Fen > Mühendislik > Malzeme Bilimleri, Kompozitler",Fen,True,Fen,Mühendislik,"Malzeme Bilimleri, Kompozitler"
1374,129,"Malzeme Bilimleri, Tekstil","Fen > Mühendislik > Malzeme Bilimleri, Tekstil",Fen,True,Fen,Mühendislik,"Malzeme Bilimleri, Tekstil"
1376,125,"Malzeme Bilimleri, Kaplamalar ve Filmler","Fen > Mühendislik > Malzeme Bilimleri, Kaplamalar ve Filmler",Fen,True,Fen,Mühendislik,"Malzeme Bilimleri, Kaplamalar ve Filmler"
1376,129,"Malzeme Bilimleri, Tekstil","Fen > Mühendislik > Malzeme Bilimleri, Tekstil",Fen,True,Fen,Mühendislik,"Malzeme Bilimleri, Tekstil"
1376,141,"Mühendislik, Elektrik ve Elektronik","Fen > Mühendislik > Mühendislik, Elektrik ve Elektronik",Fen,True,Fen,Mühendislik,"Mühendislik, Elektrik ve Elektronik"
1376,148,Nanobilim ve Nanoteknoloji,Fen > Mühendislik > Nanobilim ve Nanoteknoloji,Fen,True,Fen,Mühendislik,Nanobilim ve Nanoteknoloji
1380,83,Gıda Bilimi ve Teknolojisi,Fen > Mühendislik > Gıda Bilimi ve Teknolojisi,Fen,True,Fen,Mühendislik,Gıda Bilimi ve Teknolojisi
1380,141,"Mühendislik, Elektrik ve Elektronik","Fen > Mühendislik > Mühendislik, Elektrik ve Elektronik",Fen,True,Fen,Mühendislik,"Mühendislik, Elektrik ve Elektronik"
1380,112,"Kimya, Organik","Fen > Temel Bilimler > Kimya, Organik",Fen,True,Fen,Temel Bilimler,"Kimya, Organik"
1381,38,Biyoloji,Fen > Temel Bilimler > Biyoloji,Fen,True,Fen,Temel Bilimler,Biyoloji
1381,112,"Kimya, Organik","Fen > Temel Bilimler > Kimya, Organik",Fen,True,Fen,Temel Bilimler,"Kimya, Organik"
1382,165,Polimer Bilimi,Fen > Mühendislik > Polimer Bilimi,Fen,True,Fen,Mühendislik,Polimer Bilimi
1382,112,"Kimya, Organik","Fen > Temel Bilimler > Kimya, Organik",Fen,True,Fen,Temel Bilimler,"Kimya, Organik"
1385,165,Polimer Bilimi,Fen > Mühendislik > Polimer Bilimi,Fen,True,Fen,Mühendislik,Polimer Bilimi
1385,112,"Kimya, Organik","Fen > Temel Bilimler > Kimya, Organik",Fen,True,Fen,Temel Bilimler,"Kimya, Organik"
1386,112,"Kimya, Organik","Fen > Temel Bilimler > Kimya, Organik",Fen,True,Fen,Temel Bilimler,"Kimya, Organik"
1390,182,Su Kaynakları,Fen > Temel Bilimler > Su Kaynakları,Fen,True,Fen,Temel Bilimler,Su Kaynakları
1390,55,"Eğitim, Eğitim Araştırmaları","Sosyal > Sosyal > Eğitim, Eğitim Araştırmaları",Sosyal,True,Sosyal,Sosyal,"Eğitim, Eğitim Araştırmaları"
1391,32,"Bilgisayar Bilimleri, Yapay Zeka","Fen > Mühendislik > Bilgisayar Bilimleri, Yapay Zeka",Fen,True,Fen,Mühendislik,"Bilgisayar Bilimleri, Yapay Zeka"
1391,134,Meteoroloji ve Atmosferik Bilimler,Fen > Mühendislik > Meteoroloji ve Atmosferik Bilimler,Fen,True,Fen,Mühendislik,Meteoroloji ve Atmosferik Bilimler
1391,182,Su Kaynakları,Fen > Temel Bilimler > Su Kaynakları,Fen,True,Fen,Temel Bilimler,Su Kaynakları
1392,137,Mimarlık,Fen > Mühendislik > Mimarlık,Fen,True,Fen,Mühendislik,Mimarlık
1392,203,"Yeşil, Sürdürülebilir Bilim ve Teknoloji","Fen > Mühendislik > Yeşil, Sürdürülebilir Bilim ve Teknoloji",Fen,True,Fen,Mühendislik,"Yeşil, Sürdürülebilir Bilim ve Teknoloji"
1392,182,Su Kaynakları,Fen > Temel Bilimler > Su Kaynakları,Fen,True,Fen,Temel Bilimler,Su Kaynakları
1393,45,Çevre Mühendisliği,Fen > Mühendislik > Çevre Mühendisliği,Fen,True,Fen,Mühendislik,Çevre Mühendisliği
1393,203,"Yeşil, Sürdürülebilir Bilim ve Teknoloji","Fen > Mühendislik > Yeşil, Sürdürülebilir Bilim ve Teknoloji",Fen,True,Fen,Mühendislik,"Yeşil, Sürdürülebilir Bilim ve Teknoloji"
1393,182,Su Kaynakları,Fen > Temel Bilimler > Su Kaynakları,Fen,True,Fen,Temel Bilimler,Su Kaynakları
1394,182,Su Kaynakları,Fen > Temel Bilimler > Su Kaynakları,Fen,True,Fen,Temel Bilimler,Su Kaynakları
1395,43,Çevre Bilimleri,Fen > Temel Bilimler > Çevre Bilimleri,Fen,True,Fen,Temel Bilimler,Çevre Bilimleri
1395,57,Ekoloji,Fen > Temel Bilimler > Ekoloji,Fen,True,Fen,Temel Bilimler,Ekoloji
1395,182,Su Kaynakları,Fen > Temel Bilimler > Su Kaynakları,Fen,True,Fen,Temel Bilimler,Su Kaynakları
1399,13,Aile Çalışmaları,Sosyal > Sosyal > Aile Çalışmaları,Sosyal,True,Sosyal,Sosyal,Aile Çalışmaları
1399,94,İletişim,Sosyal > Sosyal > İletişim,Sosyal,True,Sosyal,Sosyal,İletişim
1399,167,Psikoloji,Sosyal > Sosyal > Psikoloji,Sosyal,True,Sosyal,Sosyal,Psikoloji
1400,13,Aile Çalışmaları,Sosyal > Sosyal > Aile Çalışmaları,Sosyal,True,Sosyal,Sosyal,Aile Çalışmaları
1400,55,"Eğitim, Eğitim Araştırmaları","Sosyal > Sosyal > Eğitim, Eğitim Araştırmaları",Sosyal,True,Sosyal,Sosyal,"Eğitim, Eğitim Araştırmaları"
1400,167,Psikoloji,Sosyal > Sosyal > Psikoloji,Sosyal,True,Sosyal,Sosyal,Psikoloji
1401,13,Aile Çalışmaları,Sosyal > Sosyal > Aile Çalışmaları,Sosyal,True,Sosyal,Sosyal,Aile Çalışmaları
1401,167,Psikoloji,Sosyal > Sosyal > Psikoloji,Sosyal,True,Sosyal,Sosyal,Psikoloji
1405,13,Aile Çalışmaları,Sosyal > Sosyal > Aile Çalışmaları,Sosyal,True,Sosyal,Sosyal,Aile Çalışmaları
1405,167,Psikoloji,Sosyal > Sosyal > Psikoloji,Sosyal,True,Sosyal,Sosyal,Psikoloji
1408,172,Sağlık Bilimleri ve Hizmetleri,Fen > Tıp > Sağlık Bilimleri ve Hizmetleri,Fen,True,Fen,Tıp,Sağlık Bilimleri ve Hizmetleri
1408,193,Tıbbi İnformatik,Fen > Tıp > Tıbbi İnformatik,Fen,True,Fen,Tıp,Tıbbi İnformatik
1409,193,Tıbbi İnformatik,Fen > Tıp > Tıbbi İnformatik,Fen,True,Fen,Tıp,Tıbbi İnformatik
1409,89,Hemşirelik,Sosyal > Sosyal > Hemşirelik,Sosyal,True,Sosyal,Sosyal,Hemşirelik
1410,32,"Bilgisayar Bilimleri, Yapay Zeka","Fen > Mühendislik > Bilgisayar Bilimleri, Yapay Zeka",Fen,True,Fen,Mühendislik,"Bilgisayar Bilimleri, Yapay Zeka"
1410,107,Kalp ve Kalp Damar Sistemi,Fen > Tıp > Kalp ve Kalp Damar Sistemi,Fen,True,Fen,Tıp,Kalp ve Kalp Damar Sistemi
1410,193,Tıbbi İnformatik,Fen > Tıp > Tıbbi İnformatik,Fen,True,Fen,Tıp,Tıbbi İnformatik
1411,79,Gastroenteroloji ve Hepatoloji,Fen > Tıp > Gastroenteroloji ve Hepatoloji,Fen,True,Fen,Tıp,Gastroenteroloji ve Hepatoloji
1411,163,Pediatri,Fen > Tıp > Pediatri,Fen,True,Fen,Tıp,Pediatri
1411,193,Tıbbi İnformatik,Fen > Tıp > Tıbbi İnformatik,Fen,True,Fen,Tıp,Tıbbi İnformatik
1412,82,Geriatri ve Gerontoloji,Fen > Tıp > Geriatri ve Gerontoloji,Fen,True,Fen,Tıp,Geriatri ve Gerontoloji
1412,172,Sağlık Bilimleri ve Hizmetleri,Fen > Tıp > Sağlık Bilimleri ve Hizmetleri,Fen,True,Fen,Tıp,Sağlık Bilimleri ve Hizmetleri
1412,193,Tıbbi İnformatik,Fen > Tıp > Tıbbi İnformatik,Fen,True,Fen,Tıp,Tıbbi İnformatik
1413,172,Sağlık Bilimleri ve Hizmetleri,Fen > Tıp > Sağlık Bilimleri ve Hizmetleri,Fen,True,Fen,Tıp,Sağlık Bilimleri ve Hizmetleri
1413,193,Tıbbi İnformatik,Fen > Tıp > Tıbbi İnformatik,Fen,True,Fen,Tıp,Tıbbi İnformatik
1414,32,"Bilgisayar Bilimleri, Yapay Zeka","Fen > Mühendislik > Bilgisayar Bilimleri, Yapay Zeka",Fen,True,Fen,Mühendislik,"Bilgisayar Bilimleri, Yapay Zeka"
1414,11,Acil Tıp,Fen > Tıp > Acil Tıp,Fen,True,Fen,Tıp,Acil Tıp
1414,163,Pediatri,Fen > Tıp > Pediatri,Fen,True,Fen,Tıp,Pediatri
1414,193,Tıbbi İnformatik,Fen > Tıp > Tıbbi İnformatik,Fen,True,Fen,Tıp,Tıbbi İnformatik
1415,169,Rehabilitasyon,Fen > Tıp > Rehabilitasyon,Fen,True,Fen,Tıp,Rehabilitasyon
1415,193,Tıbbi İnformatik,Fen > Tıp > Tıbbi İnformatik,Fen,True,Fen,Tıp,Tıbbi İnformatik
1416,81,Genetik ve Kalıtım,Fen > Temel Bilimler > Genetik ve Kalıtım,Fen,True,Fen,Temel Bilimler,Genetik ve Kalıtım
1416,106,Kadın Hastalıkları ve Doğum,Fen > Tıp > Kadın Hastalıkları ve Doğum,Fen,True,Fen,Tıp,Kadın Hastalıkları ve Doğum
1416,193,Tıbbi İnformatik,Fen > Tıp > Tıbbi İnformatik,Fen,True,Fen,Tıp,Tıbbi İnformatik
1419,61,Enfeksiyon Hastalıkları,Fen > Tıp > Enfeksiyon Hastalıkları,Fen,True,Fen,Tıp,Enfeksiyon Hastalıkları
1419,177,Solunum Sistemi,Fen > Tıp > Solunum Sistemi,Fen,True,Fen,Tıp,Solunum Sistemi
1419,204,"Yoğun Bakım, Tıp","Fen > Tıp > Yoğun Bakım, Tıp",Fen,True,Fen,Tıp,"Yoğun Bakım, Tıp"
1420,204,"Yoğun Bakım, Tıp","Fen > Tıp > Yoğun Bakım, Tıp",Fen,True,Fen,Tıp,"Yoğun Bakım, Tıp"
1420,89,Hemşirelik,Sosyal > Sosyal > Hemşirelik,Sosyal,True,Sosyal,Sosyal,Hemşirelik
1421,204,"Yoğun Bakım, Tıp","Fen > Tıp > Yoğun Bakım, Tıp",Fen,True,Fen,Tıp,"Yoğun Bakım, Tıp"
1421,89,Hemşirelik,Sosyal > Sosyal > Hemşirelik,Sosyal,True,Sosyal,Sosyal,Hemşirelik
1422,61,Enfeksiyon Hastalıkları,Fen > Tıp > Enfeksiyon Hastalıkları,Fen,True,Fen,Tıp,Enfeksiyon Hastalıkları
1422,135,Mikrobiyoloji,Fen > Tıp > Mikrobiyoloji,Fen,True,Fen,Tıp,Mikrobiyoloji
1422,204,"Yoğun Bakım, Tıp","Fen > Tıp > Yoğun Bakım, Tıp",Fen,True,Fen,Tıp,"Yoğun Bakım, Tıp"
1423,163,Pediatri,Fen > Tıp > Pediatri,Fen,True,Fen,Tıp,Pediatri
1423,177,Solunum Sistemi,Fen > Tıp > Solunum Sistemi,Fen,True,Fen,Tıp,Solunum Sistemi
1423,204,"Yoğun Bakım, Tıp","Fen > Tıp > Yoğun Bakım, Tıp",Fen,True,Fen,Tıp,"Yoğun Bakım, Tıp"
1424,79,Gastroenteroloji ve Hepatoloji,Fen > Tıp > Gastroenteroloji ve Hepatoloji,Fen,True,Fen,Tıp,Gastroenteroloji ve Hepatoloji
1424,204,"Yoğun Bakım, Tıp","Fen > Tıp > Yoğun Bakım, Tıp",Fen,True,Fen,Tıp,"Yoğun Bakım, Tıp"
1425,204,"Yoğun Bakım, Tıp","Fen > Tıp > Yoğun Bakım, Tıp",Fen,True,Fen,Tıp,"Yoğun Bakım, Tıp"
1425,89,Hemşirelik,Sosyal > Sosyal > Hemşirelik,Sosyal,True,Sosyal,Sosyal,Hemşirelik
1426,61,Enfeksiyon Hastalıkları,Fen > Tıp > Enfeksiyon Hastalıkları,Fen,True,Fen,Tıp,Enfeksiyon Hastalıkları
1426,135,Mikrobiyoloji,Fen > Tıp > Mikrobiyoloji,Fen,True,Fen,Tıp,Mikrobiyoloji
1426,204,"Yoğun Bakım, Tıp","Fen > Tıp > Yoğun Bakım, Tıp",Fen,True,Fen,Tıp,"Yoğun Bakım, Tıp"
1431,155,Orman Mühendisliği,Fen > Mühendislik > Orman Mühendisliği,Fen,True,Fen,Mühendislik,Orman Mühendisliği
1431,203,"Yeşil, Sürdürülebilir Bilim ve Teknoloji","Fen > Mühendislik > Yeşil, Sürdürülebilir Bilim ve Teknoloji",Fen,True,Fen,Mühendislik,"Yeşil, Sürdürülebilir Bilim ve Teknoloji"
1434,137,Mimarlık,Fen > Mühendislik > Mimarlık,Fen,True,Fen,Mühendislik,Mimarlık
1434,203,"Yeşil, Sürdürülebilir Bilim ve Teknoloji","Fen > Mühendislik > Yeşil, Sürdürülebilir Bilim ve Teknoloji",Fen,True,Fen,Mühendislik,"Yeşil, Sürdürülebilir Bilim ve Teknoloji"
1435,98,İnşaat ve Yapı Teknolojisi,Fen > Mühendislik > İnşaat ve Yapı Teknolojisi,Fen,True,Fen,Mühendislik,İnşaat ve Yapı Teknolojisi
1435,137,Mimarlık,Fen > Mühendislik > Mimarlık,Fen,True,Fen,Mühendislik,Mimarlık
1435,203,"Yeşil, Sürdürülebilir Bilim ve Teknoloji","Fen > Mühendislik > Yeşil, Sürdürülebilir Bilim ve Teknoloji",Fen,True,Fen,Mühendislik,"Yeşil, Sürdürülebilir Bilim ve Teknoloji"
1438,169,Rehabilitasyon,Fen > Tıp > Rehabilitasyon,Fen,True,Fen,Tıp,Rehabilitasyon
1438,181,Spor Bilimleri,Fen > Tıp > Spor Bilimleri,Fen,True,Fen,Tıp,Spor Bilimleri
1440,152,Odyoloji ve Konuşma-Dil Patolojisi,Fen > Tıp > Odyoloji ve Konuşma-Dil Patolojisi,Fen,True,Fen,Tıp,Odyoloji ve Konuşma-Dil Patolojisi
1440,169,Rehabilitasyon,Fen > Tıp > Rehabilitasyon,Fen,True,Fen,Tıp,Rehabilitasyon
1441,82,Geriatri ve Gerontoloji,Fen > Tıp > Geriatri ve Gerontoloji,Fen,True,Fen,Tıp,Geriatri ve Gerontoloji
1441,169,Rehabilitasyon,Fen > Tıp > Rehabilitasyon,Fen,True,Fen,Tıp,Rehabilitasyon
1442,169,Rehabilitasyon,Fen > Tıp > Rehabilitasyon,Fen,True,Fen,Tıp,Rehabilitasyon
1449,59,Endüstri Mühendisliği,Fen > Mühendislik > Endüstri Mühendisliği,Fen,True,Fen,Mühendislik,Endüstri Mühendisliği
1450,59,Endüstri Mühendisliği,Fen > Mühendislik > Endüstri Mühendisliği,Fen,True,Fen,Mühendislik,Endüstri Mühendisliği
1452,59,Endüstri Mühendisliği,Fen > Mühendislik > Endüstri Mühendisliği,Fen,True,Fen,Mühendislik,Endüstri Mühendisliği
1452,187,Taşınım Bilimi ve Teknolojisi,Fen > Mühendislik > Taşınım Bilimi ve Teknolojisi,Fen,True,Fen,Mühendislik,Taşınım Bilimi ve Teknolojisi
1452,93,İktisat,Sosyal > Sosyal > İktisat,Sosyal,True,Sosyal,Sosyal,İktisat
1453,59,Endüstri Mühendisliği,Fen > Mühendislik > Endüstri Mühendisliği,Fen,True,Fen,Mühendislik,Endüstri Mühendisliği
1454,59,Endüstri Mühendisliği,Fen > Mühendislik > Endüstri Mühendisliği,Fen,True,Fen,Mühendislik,Endüstri Mühendisliği
1454,124,"Malzeme Bilimleri, Kâğıt ve Ahşap","Fen > Mühendislik > Malzeme Bilimleri, Kâğıt ve Ahşap",Fen,True,Fen,Mühendislik,"Malzeme Bilimleri, Kâğıt ve Ahşap"
1455,59,Endüstri Mühendisliği,Fen > Mühendislik > Endüstri Mühendisliği,Fen,True,Fen,Mühendislik,Endüstri Mühendisliği
1455,95,İmalat Mühendisliği,Fen > Mühendislik > İmalat Mühendisliği,Fen,True,Fen,Mühendislik,İmalat Mühendisliği
1456,59,Endüstri Mühendisliği,Fen > Mühendislik > Endüstri Mühendisliği,Fen,True,Fen,Mühendislik,Endüstri Mühendisliği
1456,101,İşletme,Sosyal > Sosyal > İşletme,Sosyal,True,Sosyal,Sosyal,İşletme
1460,66,Farmakoloji ve Eczacılık,Fen > Eczacılık > Farmakoloji ve Eczacılık,Fen,True,Fen,Eczacılık,Farmakoloji ve Eczacılık
1460,113,"Kimya, Tıbbi","Fen > Temel Bilimler > Kimya, Tıbbi",Fen,True,Fen,Temel Bilimler,"Kimya, Tıbbi"
1460,202,Viroloji,Fen > Temel Bilimler > Viroloji,Fen,True,Fen,Temel Bilimler,Viroloji
1461,202,Viroloji,Fen > Temel Bilimler > Viroloji,Fen,True,Fen,Temel Bilimler,Viroloji
1461,61,Enfeksiyon Hastalıkları,Fen > Tıp > Enfeksiyon Hastalıkları,Fen,True,Fen,Tıp,Enfeksiyon Hastalıkları
1461,171,Romatoloji,Fen > Tıp > Romatoloji,Fen,True,Fen,Tıp,Romatoloji
1462,202,Viroloji,Fen > Temel Bilimler > Viroloji,Fen,True,Fen,Temel Bilimler,Viroloji
1462,35,Bitki Bilimleri,Fen > Ziraat > Bitki Bilimleri,Fen,True,Fen,Ziraat,Bitki Bilimleri
1463,81,Genetik ve Kalıtım,Fen > Temel Bilimler > Genetik ve Kalıtım,Fen,True,Fen,Temel Bilimler,Genetik ve Kalıtım
1463,202,Viroloji,Fen > Temel Bilimler > Viroloji,Fen,True,Fen,Temel Bilimler,Viroloji
1463,35,Bitki Bilimleri,Fen > Ziraat > Bitki Bilimleri,Fen,True,Fen,Ziraat,Bitki Bilimleri
1464,202,Viroloji,Fen > Temel Bilimler > Viroloji,Fen,True,Fen,Temel Bilimler,Viroloji
1464,201,Veterinerlik,Fen > Veterinerlik > Veterinerlik,Fen,True,Fen,Veterinerlik,Veterinerlik
1465,202,Viroloji,Fen > Temel Bilimler > Viroloji,Fen,True,Fen,Temel Bilimler,Viroloji
1465,23,Bahçe Bitkileri,Fen > Ziraat > Bahçe Bitkileri,Fen,True,Fen,Ziraat,Bahçe Bitkileri
1465,35,Bitki Bilimleri,Fen > Ziraat > Bitki Bilimleri,Fen,True,Fen,Ziraat,Bitki Bilimleri
1466,202,Viroloji,Fen > Temel Bilimler > Viroloji,Fen,True,Fen,Temel Bilimler,Viroloji
1466,23,Bahçe Bitkileri,Fen > Ziraat > Bahçe Bitkileri,Fen,True,Fen,Ziraat,Bahçe Bitkileri
1466,35,Bitki Bilimleri,Fen > Ziraat > Bitki Bilimleri,Fen,True,Fen,Ziraat,Bitki Bilimleri
1471,136,Mikroskopi,Fen > Temel Bilimler > Mikroskopi,Fen,True,Fen,Temel Bilimler,Mikroskopi
1471,16,Anatomi ve Morfoloji,Fen > Tıp > Anatomi ve Morfoloji,Fen,True,Fen,Tıp,Anatomi ve Morfoloji
1471,201,Veterinerlik,Fen > Veterinerlik > Veterinerlik,Fen,True,Fen,Veterinerlik,Veterinerlik
1472,32,"Bilgisayar Bilimleri, Yapay Zeka","Fen > Mühendislik > Bilgisayar Bilimleri, Yapay Zeka",Fen,True,Fen,Mühendislik,"Bilgisayar Bilimleri, Yapay Zeka"
1472,38,Biyoloji,Fen > Temel Bilimler > Biyoloji,Fen,True,Fen,Temel Bilimler,Biyoloji
1472,136,Mikroskopi,Fen > Temel Bilimler > Mikroskopi,Fen,True,Fen,Temel Bilimler,Mikroskopi
1473,127,"Malzeme Bilimleri, Özellik ve Test","Fen > Mühendislik > Malzeme Bilimleri, Özellik ve Test",Fen,True,Fen,Mühendislik,"Malzeme Bilimleri, Özellik ve Test"
1473,136,Mikroskopi,Fen > Temel Bilimler > Mikroskopi,Fen,True,Fen,Temel Bilimler,Mikroskopi
1474,38,Biyoloji,Fen > Temel Bilimler > Biyoloji,Fen,True,Fen,Temel Bilimler,Biyoloji
1474,136,Mikroskopi,Fen > Temel Bilimler > Mikroskopi,Fen,True,Fen,Temel Bilimler,Mikroskopi
1474,16,Anatomi ve Morfoloji,Fen > Tıp > Anatomi ve Morfoloji,Fen,True,Fen,Tıp,Anatomi ve Morfoloji
1475,136,Mikroskopi,Fen > Temel Bilimler > Mikroskopi,Fen,True,Fen,Temel Bilimler,Mikroskopi
1475,154,Optik,Fen > Temel Bilimler > Optik,Fen,True,Fen,Temel Bilimler,Optik
1476,112,"Kimya, Organik","Fen > Temel Bilimler > Kimya, Organik",Fen,True,Fen,Temel Bilimler,"Kimya, Organik"
1476,114,"Kimya, Uygulamalı","Fen > Temel Bilimler > Kimya, Uygulamalı",Fen,True,Fen,Temel Bilimler,"Kimya, Uygulamalı"
1476,136,Mikroskopi,Fen > Temel Bilimler > Mikroskopi,Fen,True,Fen,Temel Bilimler,Mikroskopi
1478,82,Geriatri ve Gerontoloji,Fen > Tıp > Geriatri ve Gerontoloji,Fen,True,Fen,Tıp,Geriatri ve Gerontoloji
1478,55,"Eğitim, Eğitim Araştırmaları","Sosyal > Sosyal > Eğitim, Eğitim Araştırmaları",Sosyal,True,Sosyal,Sosyal,"Eğitim, Eğitim Araştırmaları"
1482,82,Geriatri ve Gerontoloji,Fen > Tıp > Geriatri ve Gerontoloji,Fen,True,Fen,Tıp,Geriatri ve Gerontoloji
1482,183,Tamamlayıcı ve Entegre Tıp,Fen > Tıp > Tamamlayıcı ve Entegre Tıp,Fen,True,Fen,Tıp,Tamamlayıcı ve Entegre Tıp
1484,82,Geriatri ve Gerontoloji,Fen > Tıp > Geriatri ve Gerontoloji,Fen,True,Fen,Tıp,Geriatri ve Gerontoloji
1484,152,Odyoloji ve Konuşma-Dil Patolojisi,Fen > Tıp > Odyoloji ve Konuşma-Dil Patolojisi,Fen,True,Fen,Tıp,Odyoloji ve Konuşma-Dil Patolojisi
1485,82,Geriatri ve Gerontoloji,Fen > Tıp > Geriatri ve Gerontoloji,Fen,True,Fen,Tıp,Geriatri ve Gerontoloji
1485,172,Sağlık Bilimleri ve Hizmetleri,Fen > Tıp > Sağlık Bilimleri ve Hizmetleri,Fen,True,Fen,Tıp,Sağlık Bilimleri ve Hizmetleri
1488,55,"Eğitim, Eğitim Araştırmaları","Sosyal > Sosyal > Eğitim, Eğitim Araştırmaları",Sosyal,True,Sosyal,Sosyal,"Eğitim, Eğitim Araştırmaları"
1488,56,"Eğitim, Özel","Sosyal > Sosyal > Eğitim, Özel",Sosyal,True,Sosyal,Sosyal,"Eğitim, Özel"
1489,55,"Eğitim, Eğitim Araştırmaları","Sosyal > Sosyal > Eğitim, Eğitim Araştırmaları",Sosyal,True,Sosyal,Sosyal,"Eğitim, Eğitim Araştırmaları"
1489,56,"Eğitim, Özel","Sosyal > Sosyal > Eğitim, Özel",Sosyal,True,Sosyal,Sosyal,"Eğitim, Özel"
1491,56,"Eğitim, Özel","Sosyal > Sosyal > Eğitim, Özel",Sosyal,True,Sosyal,Sosyal,"Eğitim, Özel"
1491,178,Sosyal Çalışma,Sosyal > Sosyal > Sosyal Çalışma,Sosyal,True,Sosyal,Sosyal,Sosyal Çalışma
1492,32,"Bilgisayar Bilimleri, Yapay Zeka","Fen > Mühendislik > Bilgisayar Bilimleri, Yapay Zeka",Fen,True,Fen,Mühendislik,"Bilgisayar Bilimleri, Yapay Zeka"
1492,55,"Eğitim, Eğitim Araştırmaları","Sosyal > Sosyal > Eğitim, Eğitim Araştırmaları",Sosyal,True,Sosyal,Sosyal,"Eğitim, Eğitim Araştırmaları"
1492,56,"Eğitim, Özel","Sosyal > Sosyal > Eğitim, Özel",Sosyal,True,Sosyal,Sosyal,"Eğitim, Özel"
1493,13,Aile Çalışmaları,Sosyal > Sosyal > Aile Çalışmaları,Sosyal,True,Sosyal,Sosyal,Aile Çalışmaları
1493,55,"Eğitim, Eğitim Araştırmaları","Sosyal > Sosyal > Eğitim, Eğitim Araştırmaları",Sosyal,True,Sosyal,Sosyal,"Eğitim, Eğitim Araştırmaları"
1493,56,"Eğitim, Özel","Sosyal > Sosyal > Eğitim, Özel",Sosyal,True,Sosyal,Sosyal,"Eğitim, Özel"
1494,55,"Eğitim, Eğitim Araştırmaları","Sosyal > Sosyal > Eğitim, Eğitim Araştırmaları",Sosyal,True,Sosyal,Sosyal,"Eğitim, Eğitim Araştırmaları"
1494,56,"Eğitim, Özel","Sosyal > Sosyal > Eğitim, Özel",Sosyal,True,Sosyal,Sosyal,"Eğitim, Özel"
1495,55,"Eğitim, Eğitim Araştırmaları","Sosyal > Sosyal > Eğitim, Eğitim Araştırmaları",Sosyal,True,Sosyal,Sosyal,"Eğitim, Eğitim Araştırmaları"
1495,56,"Eğitim, Özel","Sosyal > Sosyal > Eğitim, Özel",Sosyal,True,Sosyal,Sosyal,"Eğitim, Özel"
1496,55,"Eğitim, Eğitim Araştırmaları","Sosyal > Sosyal > Eğitim, Eğitim Araştırmaları",Sosyal,True,Sosyal,Sosyal,"Eğitim, Eğitim Araştırmaları"
1496,56,"Eğitim, Özel","Sosyal > Sosyal > Eğitim, Özel",Sosyal,True,Sosyal,Sosyal,"Eğitim, Özel"
1498,31,"Bilgisayar Bilimleri, Teori ve Metotlar","Fen > Mühendislik > Bilgisayar Bilimleri, Teori ve Metotlar",Fen,True,Fen,Mühendislik,"Bilgisayar Bilimleri, Teori ve Metotlar"
1498,55,"Eğitim, Eğitim Araştırmaları","Sosyal > Sosyal > Eğitim, Eğitim Araştırmaları",Sosyal,True,Sosyal,Sosyal,"Eğitim, Eğitim Araştırmaları"
1499,31,"Bilgisayar Bilimleri, Teori ve Metotlar","Fen > Mühendislik > Bilgisayar Bilimleri, Teori ve Metotlar",Fen,True,Fen,Mühendislik,"Bilgisayar Bilimleri, Teori ve Metotlar"
1499,32,"Bilgisayar Bilimleri, Yapay Zeka","Fen > Mühendislik > Bilgisayar Bilimleri, Yapay Zeka",Fen,True,Fen,Mühendislik,"Bilgisayar Bilimleri, Yapay Zeka"
1500,31,"Bilgisayar Bilimleri, Teori ve Metotlar","Fen > Mühendislik > Bilgisayar Bilimleri, Teori ve Metotlar",Fen,True,Fen,Mühendislik,"Bilgisayar Bilimleri, Teori ve Metotlar"
1500,72,"Fizik, Matematik","Fen > Temel Bilimler > Fizik, Matematik",Fen,True,Fen,Temel Bilimler,"Fizik, Matematik"
1500,132,Matematik,Fen > Temel Bilimler > Matematik,Fen,True,Fen,Temel Bilimler,Matematik
1501,31,"Bilgisayar Bilimleri, Teori ve Metotlar","Fen > Mühendislik > Bilgisayar Bilimleri, Teori ve Metotlar",Fen,True,Fen,Mühendislik,"Bilgisayar Bilimleri, Teori ve Metotlar"
1501,32,"Bilgisayar Bilimleri, Yapay Zeka","Fen > Mühendislik > Bilgisayar Bilimleri, Yapay Zeka",Fen,True,Fen,Mühendislik,"Bilgisayar Bilimleri, Yapay Zeka"
1501,193,Tıbbi İnformatik,Fen > Tıp > Tıbbi İnformatik,Fen,True,Fen,Tıp,Tıbbi İnformatik
1502,31,"Bilgisayar Bilimleri, Teori ve Metotlar","Fen > Mühendislik > Bilgisayar Bilimleri, Teori ve Metotlar",Fen,True,Fen,Mühendislik,"Bilgisayar Bilimleri, Teori ve Metotlar"
1502,32,"Bilgisayar Bilimleri, Yapay Zeka","Fen > Mühendislik > Bilgisayar Bilimleri, Yapay Zeka",Fen,True,Fen,Mühendislik,"Bilgisayar Bilimleri, Yapay Zeka"
1502,153,Onkoloji,Fen > Tıp > Onkoloji,Fen,True,Fen,Tıp,Onkoloji
1503,31,"Bilgisayar Bilimleri, Teori ve Metotlar","Fen > Mühendislik > Bilgisayar Bilimleri, Teori ve Metotlar",Fen,True,Fen,Mühendislik,"Bilgisayar Bilimleri, Teori ve Metotlar"
1503,141,"Mühendislik, Elektrik ve Elektronik","Fen > Mühendislik > Mühendislik, Elektrik ve Elektronik",Fen,True,Fen,Mühendislik,"Mühendislik, Elektrik ve Elektronik"
1503,132,Matematik,Fen > Temel Bilimler > Matematik,Fen,True,Fen,Temel Bilimler,Matematik
1504,31,"Bilgisayar Bilimleri, Teori ve Metotlar","Fen > Mühendislik > Bilgisayar Bilimleri, Teori ve Metotlar",Fen,True,Fen,Mühendislik,"Bilgisayar Bilimleri, Teori ve Metotlar"
1504,141,"Mühendislik, Elektrik ve Elektronik","Fen > Mühendislik > Mühendislik, Elektrik ve Elektronik",Fen,True,Fen,Mühendislik,"Mühendislik, Elektrik ve Elektronik"
1505,31,"Bilgisayar Bilimleri, Teori ve Metotlar","Fen > Mühendislik > Bilgisayar Bilimleri, Teori ve Metotlar",Fen,True,Fen,Mühendislik,"Bilgisayar Bilimleri, Teori ve Metotlar"
1505,32,"Bilgisayar Bilimleri, Yapay Zeka","Fen > Mühendislik > Bilgisayar Bilimleri, Yapay Zeka",Fen,True,Fen,Mühendislik,"Bilgisayar Bilimleri, Yapay Zeka"
1506,31,"Bilgisayar Bilimleri, Teori ve Metotlar","Fen > Mühendislik > Bilgisayar Bilimleri, Teori ve Metotlar",Fen,True,Fen,Mühendislik,"Bilgisayar Bilimleri, Teori ve Metotlar"
1506,32,"Bilgisayar Bilimleri, Yapay Zeka","Fen > Mühendislik > Bilgisayar Bilimleri, Yapay Zeka",Fen,True,Fen,Mühendislik,"Bilgisayar Bilimleri, Yapay Zeka"
1511,161,Parazitoloji,Fen > Temel Bilimler > Parazitoloji,Fen,True,Fen,Temel Bilimler,Parazitoloji
1511,163,Pediatri,Fen > Tıp > Pediatri,Fen,True,Fen,Tıp,Pediatri
1513,161,Parazitoloji,Fen > Temel Bilimler > Parazitoloji,Fen,True,Fen,Temel Bilimler,Parazitoloji
1513,201,Veterinerlik,Fen > Veterinerlik > Veterinerlik,Fen,True,Fen,Veterinerlik,Veterinerlik
1514,161,Parazitoloji,Fen > Temel Bilimler > Parazitoloji,Fen,True,Fen,Temel Bilimler,Parazitoloji
1514,207,Zooloji,Fen > Temel Bilimler > Zooloji,Fen,True,Fen,Temel Bilimler,Zooloji
1514,23,Bahçe Bitkileri,Fen > Ziraat > Bahçe Bitkileri,Fen,True,Fen,Ziraat,Bahçe Bitkileri
1515,62,Entomoloji,Fen > Temel Bilimler > Entomoloji,Fen,True,Fen,Temel Bilimler,Entomoloji
1515,161,Parazitoloji,Fen > Temel Bilimler > Parazitoloji,Fen,True,Fen,Temel Bilimler,Parazitoloji
1516,161,Parazitoloji,Fen > Temel Bilimler > Parazitoloji,Fen,True,Fen,Temel Bilimler,Parazitoloji
1516,207,Zooloji,Fen > Temel Bilimler > Zooloji,Fen,True,Fen,Temel Bilimler,Zooloji
1516,201,Veterinerlik,Fen > Veterinerlik > Veterinerlik,Fen,True,Fen,Veterinerlik,Veterinerlik
1519,27,"Bilgi, Belge Yönetimi","Sosyal > Sosyal > Bilgi, Belge Yönetimi",Sosyal,True,Sosyal,Sosyal,"Bilgi, Belge Yönetimi"
1519,51,Din Bilimi,Sosyal > Sosyal > Din Bilimi,Sosyal,True,Sosyal,Sosyal,Din Bilimi
1519,90,Hukuk,Sosyal > Sosyal > Hukuk,Sosyal,True,Sosyal,Sosyal,Hukuk
1521,16,Anatomi ve Morfoloji,Fen > Tıp > Anatomi ve Morfoloji,Fen,True,Fen,Tıp,Anatomi ve Morfoloji
1521,27,"Bilgi, Belge Yönetimi","Sosyal > Sosyal > Bilgi, Belge Yönetimi",Sosyal,True,Sosyal,Sosyal,"Bilgi, Belge Yönetimi"
1522,27,"Bilgi, Belge Yönetimi","Sosyal > Sosyal > Bilgi, Belge Yönetimi",Sosyal,True,Sosyal,Sosyal,"Bilgi, Belge Yönetimi"
1522,94,İletişim,Sosyal > Sosyal > İletişim,Sosyal,True,Sosyal,Sosyal,İletişim
1523,27,"Bilgi, Belge Yönetimi","Sosyal > Sosyal > Bilgi, Belge Yönetimi",Sosyal,True,Sosyal,Sosyal,"Bilgi, Belge Yönetimi"
1523,94,İletişim,Sosyal > Sosyal > İletişim,Sosyal,True,Sosyal,Sosyal,İletişim
1524,27,"Bilgi, Belge Yönetimi","Sosyal > Sosyal > Bilgi, Belge Yönetimi",Sosyal,True,Sosyal,Sosyal,"Bilgi, Belge Yönetimi"
1524,67,Felsefe,Sosyal > Sosyal > Felsefe,Sosyal,True,Sosyal,Sosyal,Felsefe
1524,119,Kültürel Çalışmalar,Sosyal > Sosyal > Kültürel Çalışmalar,Sosyal,True,Sosyal,Sosyal,Kültürel Çalışmalar
1525,27,"Bilgi, Belge Yönetimi","Sosyal > Sosyal > Bilgi, Belge Yönetimi",Sosyal,True,Sosyal,Sosyal,"Bilgi, Belge Yönetimi"
1525,55,"Eğitim, Eğitim Araştırmaları","Sosyal > Sosyal > Eğitim, Eğitim Araştırmaları",Sosyal,True,Sosyal,Sosyal,"Eğitim, Eğitim Araştırmaları"
1526,27,"Bilgi, Belge Yönetimi","Sosyal > Sosyal > Bilgi, Belge Yönetimi",Sosyal,True,Sosyal,Sosyal,"Bilgi, Belge Yönetimi"
1526,101,İşletme,Sosyal > Sosyal > İşletme,Sosyal,True,Sosyal,Sosyal,İşletme
1528,16,Anatomi ve Morfoloji,Fen > Tıp > Anatomi ve Morfoloji,Fen,True,Fen,Tıp,Anatomi ve Morfoloji
1528,82,Geriatri ve Gerontoloji,Fen > Tıp > Geriatri ve Gerontoloji,Fen,True,Fen,Tıp,Geriatri ve Gerontoloji
1529,16,Anatomi ve Morfoloji,Fen > Tıp > Anatomi ve Morfoloji,Fen,True,Fen,Tıp,Anatomi ve Morfoloji
1531,16,Anatomi ve Morfoloji,Fen > Tıp > Anatomi ve Morfoloji,Fen,True,Fen,Tıp,Anatomi ve Morfoloji
1532,16,Anatomi ve Morfoloji,Fen > Tıp > Anatomi ve Morfoloji,Fen,True,Fen,Tıp,Anatomi ve Morfoloji
1532,65,Etnik Çalışmalar,Sosyal > Sosyal > Etnik Çalışmalar,Sosyal,True,Sosyal,Sosyal,Etnik Çalışmalar
1532,199,Uluslararası İlişkiler,Sosyal > Sosyal > Uluslararası İlişkiler,Sosyal,True,Sosyal,Sosyal,Uluslararası İlişkiler
1534,16,Anatomi ve Morfoloji,Fen > Tıp > Anatomi ve Morfoloji,Fen,True,Fen,Tıp,Anatomi ve Morfoloji
1534,107,Kalp ve Kalp Damar Sistemi,Fen > Tıp > Kalp ve Kalp Damar Sistemi,Fen,True,Fen,Tıp,Kalp ve Kalp Damar Sistemi
1534,168,"Radyoloji, Nükleer Tıp, Tıbbi Görüntüleme","Fen > Tıp > Radyoloji, Nükleer Tıp, Tıbbi Görüntüleme",Fen,True,Fen,Tıp,"Radyoloji, Nükleer Tıp, Tıbbi Görüntüleme"
1536,16,Anatomi ve Morfoloji,Fen > Tıp > Anatomi ve Morfoloji,Fen,True,Fen,Tıp,Anatomi ve Morfoloji
1536,201,Veterinerlik,Fen > Veterinerlik > Veterinerlik,Fen,True,Fen,Veterinerlik,Veterinerlik
1536,55,"Eğitim, Eğitim Araştırmaları","Sosyal > Sosyal > Eğitim, Eğitim Araştırmaları",Sosyal,True,Sosyal,Sosyal,"Eğitim, Eğitim Araştırmaları"
1537,22,Asya Çalışmaları,Sosyal > Sosyal > Asya Çalışmaları,Sosyal,True,Sosyal,Sosyal,Asya Çalışmaları
1537,78,Folklor,Sosyal > Sosyal > Folklor,Sosyal,True,Sosyal,Sosyal,Folklor
1537,195,Tiyatro,Sosyal > Sosyal > Tiyatro,Sosyal,True,Sosyal,Sosyal,Tiyatro
1538,22,Asya Çalışmaları,Sosyal > Sosyal > Asya Çalışmaları,Sosyal,True,Sosyal,Sosyal,Asya Çalışmaları
1538,199,Uluslararası İlişkiler,Sosyal > Sosyal > Uluslararası İlişkiler,Sosyal,True,Sosyal,Sosyal,Uluslararası İlişkiler
1539,22,Asya Çalışmaları,Sosyal > Sosyal > Asya Çalışmaları,Sosyal,True,Sosyal,Sosyal,Asya Çalışmaları
1539,185,Tarih,Sosyal > Sosyal > Tarih,Sosyal,True,Sosyal,Sosyal,Tarih
1540,22,Asya Çalışmaları,Sosyal > Sosyal > Asya Çalışmaları,Sosyal,True,Sosyal,Sosyal,Asya Çalışmaları
1540,54,Edebiyat,Sosyal > Sosyal > Edebiyat,Sosyal,True,Sosyal,Sosyal,Edebiyat
1541,22,Asya Çalışmaları,Sosyal > Sosyal > Asya Çalışmaları,Sosyal,True,Sosyal,Sosyal,Asya Çalışmaları
1541,51,Din Bilimi,Sosyal > Sosyal > Din Bilimi,Sosyal,True,Sosyal,Sosyal,Din Bilimi
1541,156,Ortaçağ ve Rönesans Çalışmaları,Sosyal > Sosyal > Ortaçağ ve Rönesans Çalışmaları,Sosyal,True,Sosyal,Sosyal,Ortaçağ ve Rönesans Çalışmaları
1542,22,Asya Çalışmaları,Sosyal > Sosyal > Asya Çalışmaları,Sosyal,True,Sosyal,Sosyal,Asya Çalışmaları
1542,54,Edebiyat,Sosyal > Sosyal > Edebiyat,Sosyal,True,Sosyal,Sosyal,Edebiyat
1542,156,Ortaçağ ve Rönesans Çalışmaları,Sosyal > Sosyal > Ortaçağ ve Rönesans Çalışmaları,Sosyal,True,Sosyal,Sosyal,Ortaçağ ve Rönesans Çalışmaları
1542,185,Tarih,Sosyal > Sosyal > Tarih,Sosyal,True,Sosyal,Sosyal,Tarih
1543,19,Antropoloji,Sosyal > Sosyal > Antropoloji,Sosyal,True,Sosyal,Sosyal,Antropoloji
1543,22,Asya Çalışmaları,Sosyal > Sosyal > Asya Çalışmaları,Sosyal,True,Sosyal,Sosyal,Asya Çalışmaları
1543,54,Edebiyat,Sosyal > Sosyal > Edebiyat,Sosyal,True,Sosyal,Sosyal,Edebiyat
1543,67,Felsefe,Sosyal > Sosyal > Felsefe,Sosyal,True,Sosyal,Sosyal,Felsefe
1544,22,Asya Çalışmaları,Sosyal > Sosyal > Asya Çalışmaları,Sosyal,True,Sosyal,Sosyal,Asya Çalışmaları
1544,53,Edebi Teori ve Eleştiri,Sosyal > Sosyal > Edebi Teori ve Eleştiri,Sosyal,True,Sosyal,Sosyal,Edebi Teori ve Eleştiri
1544,54,Edebiyat,Sosyal > Sosyal > Edebiyat,Sosyal,True,Sosyal,Sosyal,Edebiyat
1545,22,Asya Çalışmaları,Sosyal > Sosyal > Asya Çalışmaları,Sosyal,True,Sosyal,Sosyal,Asya Çalışmaları
1545,50,Dil ve Dil Bilim,Sosyal > Sosyal > Dil ve Dil Bilim,Sosyal,True,Sosyal,Sosyal,Dil ve Dil Bilim
1545,105,Kadın Araştırmaları,Sosyal > Sosyal > Kadın Araştırmaları,Sosyal,True,Sosyal,Sosyal,Kadın Araştırmaları
1546,20,Arkeoloji,Sosyal > Sosyal > Arkeoloji,Sosyal,True,Sosyal,Sosyal,Arkeoloji
1546,22,Asya Çalışmaları,Sosyal > Sosyal > Asya Çalışmaları,Sosyal,True,Sosyal,Sosyal,Asya Çalışmaları
1546,51,Din Bilimi,Sosyal > Sosyal > Din Bilimi,Sosyal,True,Sosyal,Sosyal,Din Bilimi
1546,54,Edebiyat,Sosyal > Sosyal > Edebiyat,Sosyal,True,Sosyal,Sosyal,Edebiyat
1546,199,Uluslararası İlişkiler,Sosyal > Sosyal > Uluslararası İlişkiler,Sosyal,True,Sosyal,Sosyal,Uluslararası İlişkiler
1549,155,Orman Mühendisliği,Fen > Mühendislik > Orman Mühendisliği,Fen,True,Fen,Mühendislik,Orman Mühendisliği
1549,39,Biyoloji Çeşitliliğinin Korunması,Fen > Temel Bilimler > Biyoloji Çeşitliliğinin Korunması,Fen,True,Fen,Temel Bilimler,Biyoloji Çeşitliliğinin Korunması
1549,57,Ekoloji,Fen > Temel Bilimler > Ekoloji,Fen,True,Fen,Temel Bilimler,Ekoloji
1550,155,Orman Mühendisliği,Fen > Mühendislik > Orman Mühendisliği,Fen,True,Fen,Mühendislik,Orman Mühendisliği
1550,57,Ekoloji,Fen > Temel Bilimler > Ekoloji,Fen,True,Fen,Temel Bilimler,Ekoloji
1550,35,Bitki Bilimleri,Fen > Ziraat > Bitki Bilimleri,Fen,True,Fen,Ziraat,Bitki Bilimleri
1551,155,Orman Mühendisliği,Fen > Mühendislik > Orman Mühendisliği,Fen,True,Fen,Mühendislik,Orman Mühendisliği
1551,57,Ekoloji,Fen > Temel Bilimler > Ekoloji,Fen,True,Fen,Temel Bilimler,Ekoloji
1552,155,Orman Mühendisliği,Fen > Mühendislik > Orman Mühendisliği,Fen,True,Fen,Mühendislik,Orman Mühendisliği
1552,57,Ekoloji,Fen > Temel Bilimler > Ekoloji,Fen,True,Fen,Temel Bilimler,Ekoloji
1552,35,Bitki Bilimleri,Fen > Ziraat > Bitki Bilimleri,Fen,True,Fen,Ziraat,Bitki Bilimleri
1553,57,Ekoloji,Fen > Temel Bilimler > Ekoloji,Fen,True,Fen,Temel Bilimler,Ekoloji
1553,35,Bitki Bilimleri,Fen > Ziraat > Bitki Bilimleri,Fen,True,Fen,Ziraat,Bitki Bilimleri
1554,155,Orman Mühendisliği,Fen > Mühendislik > Orman Mühendisliği,Fen,True,Fen,Mühendislik,Orman Mühendisliği
1554,57,Ekoloji,Fen > Temel Bilimler > Ekoloji,Fen,True,Fen,Temel Bilimler,Ekoloji
1555,39,Biyoloji Çeşitliliğinin Korunması,Fen > Temel Bilimler > Biyoloji Çeşitliliğinin Korunması,Fen,True,Fen,Temel Bilimler,Biyoloji Çeşitliliğinin Korunması
1555,57,Ekoloji,Fen > Temel Bilimler > Ekoloji,Fen,True,Fen,Temel Bilimler,Ekoloji
1555,35,Bitki Bilimleri,Fen > Ziraat > Bitki Bilimleri,Fen,True,Fen,Ziraat,Bitki Bilimleri
1557,34,Bilim Felsefesi ve Tarihi,Sosyal > Sosyal > Bilim Felsefesi ve Tarihi,Sosyal,True,Sosyal,Sosyal,Bilim Felsefesi ve Tarihi
1557,54,Edebiyat,Sosyal > Sosyal > Edebiyat,Sosyal,True,Sosyal,Sosyal,Edebiyat
1558,34,Bilim Felsefesi ve Tarihi,Sosyal > Sosyal > Bilim Felsefesi ve Tarihi,Sosyal,True,Sosyal,Sosyal,Bilim Felsefesi ve Tarihi
1558,54,Edebiyat,Sosyal > Sosyal > Edebiyat,Sosyal,True,Sosyal,Sosyal,Edebiyat
1558,185,Tarih,Sosyal > Sosyal > Tarih,Sosyal,True,Sosyal,Sosyal,Tarih
1559,87,Halk ve Çevre Sağlığı,Fen > Tıp > Halk ve Çevre Sağlığı,Fen,True,Fen,Tıp,Halk ve Çevre Sağlığı
1559,34,Bilim Felsefesi ve Tarihi,Sosyal > Sosyal > Bilim Felsefesi ve Tarihi,Sosyal,True,Sosyal,Sosyal,Bilim Felsefesi ve Tarihi
1559,185,Tarih,Sosyal > Sosyal > Tarih,Sosyal,True,Sosyal,Sosyal,Tarih
1560,34,Bilim Felsefesi ve Tarihi,Sosyal > Sosyal > Bilim Felsefesi ve Tarihi,Sosyal,True,Sosyal,Sosyal,Bilim Felsefesi ve Tarihi
1560,67,Felsefe,Sosyal > Sosyal > Felsefe,Sosyal,True,Sosyal,Sosyal,Felsefe
1561,34,Bilim Felsefesi ve Tarihi,Sosyal > Sosyal > Bilim Felsefesi ve Tarihi,Sosyal,True,Sosyal,Sosyal,Bilim Felsefesi ve Tarihi
1561,179,Sosyoloji,Sosyal > Sosyal > Sosyoloji,Sosyal,True,Sosyal,Sosyal,Sosyoloji
1562,34,Bilim Felsefesi ve Tarihi,Sosyal > Sosyal > Bilim Felsefesi ve Tarihi,Sosyal,True,Sosyal,Sosyal,Bilim Felsefesi ve Tarihi
1562,50,Dil ve Dil Bilim,Sosyal > Sosyal > Dil ve Dil Bilim,Sosyal,True,Sosyal,Sosyal,Dil ve Dil Bilim
1562,54,Edebiyat,Sosyal > Sosyal > Edebiyat,Sosyal,True,Sosyal,Sosyal,Edebiyat
1563,34,Bilim Felsefesi ve Tarihi,Sosyal > Sosyal > Bilim Felsefesi ve Tarihi,Sosyal,True,Sosyal,Sosyal,Bilim Felsefesi ve Tarihi
1563,67,Felsefe,Sosyal > Sosyal > Felsefe,Sosyal,True,Sosyal,Sosyal,Felsefe
1563,94,İletişim,Sosyal > Sosyal > İletişim,Sosyal,True,Sosyal,Sosyal,İletişim
1564,34,Bilim Felsefesi ve Tarihi,Sosyal > Sosyal > Bilim Felsefesi ve Tarihi,Sosyal,True,Sosyal,Sosyal,Bilim Felsefesi ve Tarihi
1565,34,Bilim Felsefesi ve Tarihi,Sosyal > Sosyal > Bilim Felsefesi ve Tarihi,Sosyal,True,Sosyal,Sosyal,Bilim Felsefesi ve Tarihi
1565,53,Edebi Teori ve Eleştiri,Sosyal > Sosyal > Edebi Teori ve Eleştiri,Sosyal,True,Sosyal,Sosyal,Edebi Teori ve Eleştiri
1565,54,Edebiyat,Sosyal > Sosyal > Edebiyat,Sosyal,True,Sosyal,Sosyal,Edebiyat
1566,34,Bilim Felsefesi ve Tarihi,Sosyal > Sosyal > Bilim Felsefesi ve Tarihi,Sosyal,True,Sosyal,Sosyal,Bilim Felsefesi ve Tarihi
1566,185,Tarih,Sosyal > Sosyal > Tarih,Sosyal,True,Sosyal,Sosyal,Tarih
1569,97,İnşaat Mühendisliği,Fen > Mühendislik > İnşaat Mühendisliği,Fen,True,Fen,Mühendislik,İnşaat Mühendisliği
1569,103,Jeokimya ve Jeofizik,Fen > Mühendislik > Jeokimya ve Jeofizik,Fen,True,Fen,Mühendislik,Jeokimya ve Jeofizik
1570,103,Jeokimya ve Jeofizik,Fen > Mühendislik > Jeokimya ve Jeofizik,Fen,True,Fen,Mühendislik,Jeokimya ve Jeofizik
1570,133,Metalürji Mühendisliği,Fen > Mühendislik > Metalürji Mühendisliği,Fen,True,Fen,Mühendislik,Metalürji Mühendisliği
1570,143,"Mühendislik, Jeoloji","Fen > Mühendislik > Mühendislik, Jeoloji",Fen,True,Fen,Mühendislik,"Mühendislik, Jeoloji"
1570,138,Mineraloji,Fen > Temel Bilimler > Mineraloji,Fen,True,Fen,Temel Bilimler,Mineraloji
1571,103,Jeokimya ve Jeofizik,Fen > Mühendislik > Jeokimya ve Jeofizik,Fen,True,Fen,Mühendislik,Jeokimya ve Jeofizik
1571,104,Jeoloji,Fen > Mühendislik > Jeoloji,Fen,True,Fen,Mühendislik,Jeoloji
1571,43,Çevre Bilimleri,Fen > Temel Bilimler > Çevre Bilimleri,Fen,True,Fen,Temel Bilimler,Çevre Bilimleri
1571,138,Mineraloji,Fen > Temel Bilimler > Mineraloji,Fen,True,Fen,Temel Bilimler,Mineraloji
1572,103,Jeokimya ve Jeofizik,Fen > Mühendislik > Jeokimya ve Jeofizik,Fen,True,Fen,Mühendislik,Jeokimya ve Jeofizik
1572,143,"Mühendislik, Jeoloji","Fen > Mühendislik > Mühendislik, Jeoloji",Fen,True,Fen,Mühendislik,"Mühendislik, Jeoloji"
1572,138,Mineraloji,Fen > Temel Bilimler > Mineraloji,Fen,True,Fen,Temel Bilimler,Mineraloji
1573,103,Jeokimya ve Jeofizik,Fen > Mühendislik > Jeokimya ve Jeofizik,Fen,True,Fen,Mühendislik,Jeokimya ve Jeofizik
1573,138,Mineraloji,Fen > Temel Bilimler > Mineraloji,Fen,True,Fen,Temel Bilimler,Mineraloji
1574,103,Jeokimya ve Jeofizik,Fen > Mühendislik > Jeokimya ve Jeofizik,Fen,True,Fen,Mühendislik,Jeokimya ve Jeofizik
1574,143,"Mühendislik, Jeoloji","Fen > Mühendislik > Mühendislik, Jeoloji",Fen,True,Fen,Mühendislik,"Mühendislik, Jeoloji"
1575,103,Jeokimya ve Jeofizik,Fen > Mühendislik > Jeokimya ve Jeofizik,Fen,True,Fen,Mühendislik,Jeokimya ve Jeofizik
1575,138,Mineraloji,Fen > Temel Bilimler > Mineraloji,Fen,True,Fen,Temel Bilimler,Mineraloji
1576,97,İnşaat Mühendisliği,Fen > Mühendislik > İnşaat Mühendisliği,Fen,True,Fen,Mühendislik,İnşaat Mühendisliği
1576,103,Jeokimya ve Jeofizik,Fen > Mühendislik > Jeokimya ve Jeofizik,Fen,True,Fen,Mühendislik,Jeokimya ve Jeofizik
1577,92,Hücre ve Doku Mühendisliği,Fen > Mühendislik > Hücre ve Doku Mühendisliği,Fen,True,Fen,Mühendislik,Hücre ve Doku Mühendisliği
1577,123,"Malzeme Bilimleri, Biyomalzemeler","Fen > Mühendislik > Malzeme Bilimleri, Biyomalzemeler",Fen,True,Fen,Mühendislik,"Malzeme Bilimleri, Biyomalzemeler"
1578,123,"Malzeme Bilimleri, Biyomalzemeler","Fen > Mühendislik > Malzeme Bilimleri, Biyomalzemeler",Fen,True,Fen,Mühendislik,"Malzeme Bilimleri, Biyomalzemeler"
1578,139,"Mühendislik, Biyotıp","Fen > Mühendislik > Mühendislik, Biyotıp",Fen,True,Fen,Mühendislik,"Mühendislik, Biyotıp"
1578,165,Polimer Bilimi,Fen > Mühendislik > Polimer Bilimi,Fen,True,Fen,Mühendislik,Polimer Bilimi
1579,66,Farmakoloji ve Eczacılık,Fen > Eczacılık > Farmakoloji ve Eczacılık,Fen,True,Fen,Eczacılık,Farmakoloji ve Eczacılık
1579,123,"Malzeme Bilimleri, Biyomalzemeler","Fen > Mühendislik > Malzeme Bilimleri, Biyomalzemeler",Fen,True,Fen,Mühendislik,"Malzeme Bilimleri, Biyomalzemeler"
1579,165,Polimer Bilimi,Fen > Mühendislik > Polimer Bilimi,Fen,True,Fen,Mühendislik,Polimer Bilimi
1580,92,Hücre ve Doku Mühendisliği,Fen > Mühendislik > Hücre ve Doku Mühendisliği,Fen,True,Fen,Mühendislik,Hücre ve Doku Mühendisliği
1580,123,"Malzeme Bilimleri, Biyomalzemeler","Fen > Mühendislik > Malzeme Bilimleri, Biyomalzemeler",Fen,True,Fen,Mühendislik,"Malzeme Bilimleri, Biyomalzemeler"
1580,139,"Mühendislik, Biyotıp","Fen > Mühendislik > Mühendislik, Biyotıp",Fen,True,Fen,Mühendislik,"Mühendislik, Biyotıp"
1581,66,Farmakoloji ve Eczacılık,Fen > Eczacılık > Farmakoloji ve Eczacılık,Fen,True,Fen,Eczacılık,Farmakoloji ve Eczacılık
1581,123,"Malzeme Bilimleri, Biyomalzemeler","Fen > Mühendislik > Malzeme Bilimleri, Biyomalzemeler",Fen,True,Fen,Mühendislik,"Malzeme Bilimleri, Biyomalzemeler"
1582,66,Farmakoloji ve Eczacılık,Fen > Eczacılık > Farmakoloji ve Eczacılık,Fen,True,Fen,Eczacılık,Farmakoloji ve Eczacılık
1582,123,"Malzeme Bilimleri, Biyomalzemeler","Fen > Mühendislik > Malzeme Bilimleri, Biyomalzemeler",Fen,True,Fen,Mühendislik,"Malzeme Bilimleri, Biyomalzemeler"
1582,139,"Mühendislik, Biyotıp","Fen > Mühendislik > Mühendislik, Biyotıp",Fen,True,Fen,Mühendislik,"Mühendislik, Biyotıp"
1583,123,"Malzeme Bilimleri, Biyomalzemeler","Fen > Mühendislik > Malzeme Bilimleri, Biyomalzemeler",Fen,True,Fen,Mühendislik,"Malzeme Bilimleri, Biyomalzemeler"
1583,148,Nanobilim ve Nanoteknoloji,Fen > Mühendislik > Nanobilim ve Nanoteknoloji,Fen,True,Fen,Mühendislik,Nanobilim ve Nanoteknoloji
1584,123,"Malzeme Bilimleri, Biyomalzemeler","Fen > Mühendislik > Malzeme Bilimleri, Biyomalzemeler",Fen,True,Fen,Mühendislik,"Malzeme Bilimleri, Biyomalzemeler"
1584,172,Sağlık Bilimleri ve Hizmetleri,Fen > Tıp > Sağlık Bilimleri ve Hizmetleri,Fen,True,Fen,Tıp,Sağlık Bilimleri ve Hizmetleri
1585,123,"Malzeme Bilimleri, Biyomalzemeler","Fen > Mühendislik > Malzeme Bilimleri, Biyomalzemeler",Fen,True,Fen,Mühendislik,"Malzeme Bilimleri, Biyomalzemeler"
1585,129,"Malzeme Bilimleri, Tekstil","Fen > Mühendislik > Malzeme Bilimleri, Tekstil",Fen,True,Fen,Mühendislik,"Malzeme Bilimleri, Tekstil"
1586,123,"Malzeme Bilimleri, Biyomalzemeler","Fen > Mühendislik > Malzeme Bilimleri, Biyomalzemeler",Fen,True,Fen,Mühendislik,"Malzeme Bilimleri, Biyomalzemeler"
1586,145,"Mühendislik, Makine","Fen > Mühendislik > Mühendislik, Makine",Fen,True,Fen,Mühendislik,"Mühendislik, Makine"
1586,114,"Kimya, Uygulamalı","Fen > Temel Bilimler > Kimya, Uygulamalı",Fen,True,Fen,Temel Bilimler,"Kimya, Uygulamalı"
1589,68,"Film, Radyo, Televizyon","Sosyal > Sosyal > Film, Radyo, Televizyon",Sosyal,True,Sosyal,Sosyal,"Film, Radyo, Televizyon"
1589,94,İletişim,Sosyal > Sosyal > İletişim,Sosyal,True,Sosyal,Sosyal,İletişim
1590,68,"Film, Radyo, Televizyon","Sosyal > Sosyal > Film, Radyo, Televizyon",Sosyal,True,Sosyal,Sosyal,"Film, Radyo, Televizyon"
1590,94,İletişim,Sosyal > Sosyal > İletişim,Sosyal,True,Sosyal,Sosyal,İletişim
1591,68,"Film, Radyo, Televizyon","Sosyal > Sosyal > Film, Radyo, Televizyon",Sosyal,True,Sosyal,Sosyal,"Film, Radyo, Televizyon"
1593,68,"Film, Radyo, Televizyon","Sosyal > Sosyal > Film, Radyo, Televizyon",Sosyal,True,Sosyal,Sosyal,"Film, Radyo, Televizyon"
1593,78,Folklor,Sosyal > Sosyal > Folklor,Sosyal,True,Sosyal,Sosyal,Folklor
1595,32,"Bilgisayar Bilimleri, Yapay Zeka","Fen > Mühendislik > Bilgisayar Bilimleri, Yapay Zeka",Fen,True,Fen,Mühendislik,"Bilgisayar Bilimleri, Yapay Zeka"
1595,137,Mimarlık,Fen > Mühendislik > Mimarlık,Fen,True,Fen,Mühendislik,Mimarlık
1595,68,"Film, Radyo, Televizyon","Sosyal > Sosyal > Film, Radyo, Televizyon",Sosyal,True,Sosyal,Sosyal,"Film, Radyo, Televizyon"
1596,68,"Film, Radyo, Televizyon","Sosyal > Sosyal > Film, Radyo, Televizyon",Sosyal,True,Sosyal,Sosyal,"Film, Radyo, Televizyon"
1596,185,Tarih,Sosyal > Sosyal > Tarih,Sosyal,True,Sosyal,Sosyal,Tarih
1598,55,"Eğitim, Eğitim Araştırmaları","Sosyal > Sosyal > Eğitim, Eğitim Araştırmaları",Sosyal,True,Sosyal,Sosyal,"Eğitim, Eğitim Araştırmaları"
1598,147,Müzik,Sosyal > Sosyal > Müzik,Sosyal,True,Sosyal,Sosyal,Müzik
1600,94,İletişim,Sosyal > Sosyal > İletişim,Sosyal,True,Sosyal,Sosyal,İletişim
1600,147,Müzik,Sosyal > Sosyal > Müzik,Sosyal,True,Sosyal,Sosyal,Müzik
1601,55,"Eğitim, Eğitim Araştırmaları","Sosyal > Sosyal > Eğitim, Eğitim Araştırmaları",Sosyal,True,Sosyal,Sosyal,"Eğitim, Eğitim Araştırmaları"
1601,147,Müzik,Sosyal > Sosyal > Müzik,Sosyal,True,Sosyal,Sosyal,Müzik
1603,55,"Eğitim, Eğitim Araştırmaları","Sosyal > Sosyal > Eğitim, Eğitim Araştırmaları",Sosyal,True,Sosyal,Sosyal,"Eğitim, Eğitim Araştırmaları"
1603,147,Müzik,Sosyal > Sosyal > Müzik,Sosyal,True,Sosyal,Sosyal,Müzik
1605,55,"Eğitim, Eğitim Araştırmaları","Sosyal > Sosyal > Eğitim, Eğitim Araştırmaları",Sosyal,True,Sosyal,Sosyal,"Eğitim, Eğitim Araştırmaları"
1605,147,Müzik,Sosyal > Sosyal > Müzik,Sosyal,True,Sosyal,Sosyal,Müzik
1606,181,Spor Bilimleri,Fen > Tıp > Spor Bilimleri,Fen,True,Fen,Tıp,Spor Bilimleri
1606,147,Müzik,Sosyal > Sosyal > Müzik,Sosyal,True,Sosyal,Sosyal,Müzik
1610,107,Kalp ve Kalp Damar Sistemi,Fen > Tıp > Kalp ve Kalp Damar Sistemi,Fen,True,Fen,Tıp,Kalp ve Kalp Damar Sistemi
1610,164,Periferik Damar Hastalıkları,Fen > Tıp > Periferik Damar Hastalıkları,Fen,True,Fen,Tıp,Periferik Damar Hastalıkları
1611,164,Periferik Damar Hastalıkları,Fen > Tıp > Periferik Damar Hastalıkları,Fen,True,Fen,Tıp,Periferik Damar Hastalıkları
1611,169,Rehabilitasyon,Fen > Tıp > Rehabilitasyon,Fen,True,Fen,Tıp,Rehabilitasyon
1612,58,Endokrinoloji ve Metabolizma,Fen > Tıp > Endokrinoloji ve Metabolizma,Fen,True,Fen,Tıp,Endokrinoloji ve Metabolizma
1612,107,Kalp ve Kalp Damar Sistemi,Fen > Tıp > Kalp ve Kalp Damar Sistemi,Fen,True,Fen,Tıp,Kalp ve Kalp Damar Sistemi
1612,164,Periferik Damar Hastalıkları,Fen > Tıp > Periferik Damar Hastalıkları,Fen,True,Fen,Tıp,Periferik Damar Hastalıkları
1613,58,Endokrinoloji ve Metabolizma,Fen > Tıp > Endokrinoloji ve Metabolizma,Fen,True,Fen,Tıp,Endokrinoloji ve Metabolizma
1613,107,Kalp ve Kalp Damar Sistemi,Fen > Tıp > Kalp ve Kalp Damar Sistemi,Fen,True,Fen,Tıp,Kalp ve Kalp Damar Sistemi
1613,164,Periferik Damar Hastalıkları,Fen > Tıp > Periferik Damar Hastalıkları,Fen,True,Fen,Tıp,Periferik Damar Hastalıkları
1614,107,Kalp ve Kalp Damar Sistemi,Fen > Tıp > Kalp ve Kalp Damar Sistemi,Fen,True,Fen,Tıp,Kalp ve Kalp Damar Sistemi
1614,164,Periferik Damar Hastalıkları,Fen > Tıp > Periferik Damar Hastalıkları,Fen,True,Fen,Tıp,Periferik Damar Hastalıkları
1614,171,Romatoloji,Fen > Tıp > Romatoloji,Fen,True,Fen,Tıp,Romatoloji
1615,164,Periferik Damar Hastalıkları,Fen > Tıp > Periferik Damar Hastalıkları,Fen,True,Fen,Tıp,Periferik Damar Hastalıkları
1616,164,Periferik Damar Hastalıkları,Fen > Tıp > Periferik Damar Hastalıkları,Fen,True,Fen,Tıp,Periferik Damar Hastalıkları
1616,171,Romatoloji,Fen > Tıp > Romatoloji,Fen,True,Fen,Tıp,Romatoloji
1617,12,Adli Tıp,Fen > Tıp > Adli Tıp,Fen,True,Fen,Tıp,Adli Tıp
1617,166,Psikiyatri,Fen > Tıp > Psikiyatri,Fen,True,Fen,Tıp,Psikiyatri
1618,52,Diş Hekimliği,Fen > Diş Hekimliği > Diş Hekimliği,Fen,True,Fen,Diş Hekimliği,Diş Hekimliği
1618,12,Adli Tıp,Fen > Tıp > Adli Tıp,Fen,True,Fen,Tıp,Adli Tıp
1618,168,"Radyoloji, Nükleer Tıp, Tıbbi Görüntüleme","Fen > Tıp > Radyoloji, Nükleer Tıp, Tıbbi Görüntüleme",Fen,True,Fen,Tıp,"Radyoloji, Nükleer Tıp, Tıbbi Görüntüleme"
1619,12,Adli Tıp,Fen > Tıp > Adli Tıp,Fen,True,Fen,Tıp,Adli Tıp
1620,12,Adli Tıp,Fen > Tıp > Adli Tıp,Fen,True,Fen,Tıp,Adli Tıp
1620,166,Psikiyatri,Fen > Tıp > Psikiyatri,Fen,True,Fen,Tıp,Psikiyatri
1621,30,"Bilgisayar Bilimleri, Sibernitik","Fen > Mühendislik > Bilgisayar Bilimleri, Sibernitik",Fen,True,Fen,Mühendislik,"Bilgisayar Bilimleri, Sibernitik"
1621,14,Akustik,Fen > Temel Bilimler > Akustik,Fen,True,Fen,Temel Bilimler,Akustik
1621,12,Adli Tıp,Fen > Tıp > Adli Tıp,Fen,True,Fen,Tıp,Adli Tıp
1622,12,Adli Tıp,Fen > Tıp > Adli Tıp,Fen,True,Fen,Tıp,Adli Tıp
1622,157,Ortopedi,Fen > Tıp > Ortopedi,Fen,True,Fen,Tıp,Ortopedi
1623,12,Adli Tıp,Fen > Tıp > Adli Tıp,Fen,True,Fen,Tıp,Adli Tıp
1623,85,Göz Hastalıkları,Fen > Tıp > Göz Hastalıkları,Fen,True,Fen,Tıp,Göz Hastalıkları
1624,12,Adli Tıp,Fen > Tıp > Adli Tıp,Fen,True,Fen,Tıp,Adli Tıp
1624,90,Hukuk,Sosyal > Sosyal > Hukuk,Sosyal,True,Sosyal,Sosyal,Hukuk
1624,101,İşletme,Sosyal > Sosyal > İşletme,Sosyal,True,Sosyal,Sosyal,İşletme
1625,12,Adli Tıp,Fen > Tıp > Adli Tıp,Fen,True,Fen,Tıp,Adli Tıp
1626,130,Mantar Bilimi,Fen > Temel Bilimler > Mantar Bilimi,Fen,True,Fen,Temel Bilimler,Mantar Bilimi
1626,12,Adli Tıp,Fen > Tıp > Adli Tıp,Fen,True,Fen,Tıp,Adli Tıp
1626,189,Temel Sağlık Hizmetleri,Fen > Tıp > Temel Sağlık Hizmetleri,Fen,True,Fen,Tıp,Temel Sağlık Hizmetleri
1631,37,Biyokimya ve Moleküler Biyoloji,Fen > Tıp > Biyokimya ve Moleküler Biyoloji,Fen,True,Fen,Tıp,Biyokimya ve Moleküler Biyoloji
1631,91,Hücre Biyolojisi,Fen > Tıp > Hücre Biyolojisi,Fen,True,Fen,Tıp,Hücre Biyolojisi
1633,37,Biyokimya ve Moleküler Biyoloji,Fen > Tıp > Biyokimya ve Moleküler Biyoloji,Fen,True,Fen,Tıp,Biyokimya ve Moleküler Biyoloji
1633,91,Hücre Biyolojisi,Fen > Tıp > Hücre Biyolojisi,Fen,True,Fen,Tıp,Hücre Biyolojisi
1633,153,Onkoloji,Fen > Tıp > Onkoloji,Fen,True,Fen,Tıp,Onkoloji
1634,37,Biyokimya ve Moleküler Biyoloji,Fen > Tıp > Biyokimya ve Moleküler Biyoloji,Fen,True,Fen,Tıp,Biyokimya ve Moleküler Biyoloji
1634,91,Hücre Biyolojisi,Fen > Tıp > Hücre Biyolojisi,Fen,True,Fen,Tıp,Hücre Biyolojisi
1635,91,Hücre Biyolojisi,Fen > Tıp > Hücre Biyolojisi,Fen,True,Fen,Tıp,Hücre Biyolojisi
1635,153,Onkoloji,Fen > Tıp > Onkoloji,Fen,True,Fen,Tıp,Onkoloji
1636,37,Biyokimya ve Moleküler Biyoloji,Fen > Tıp > Biyokimya ve Moleküler Biyoloji,Fen,True,Fen,Tıp,Biyokimya ve Moleküler Biyoloji
1636,91,Hücre Biyolojisi,Fen > Tıp > Hücre Biyolojisi,Fen,True,Fen,Tıp,Hücre Biyolojisi
1636,107,Kalp ve Kalp Damar Sistemi,Fen > Tıp > Kalp ve Kalp Damar Sistemi,Fen,True,Fen,Tıp,Kalp ve Kalp Damar Sistemi
1639,196,Toksikoloji,Fen > Eczacılık > Toksikoloji,Fen,True,Fen,Eczacılık,Toksikoloji
1644,196,Toksikoloji,Fen > Eczacılık > Toksikoloji,Fen,True,Fen,Eczacılık,Toksikoloji
1644,163,Pediatri,Fen > Tıp > Pediatri,Fen,True,Fen,Tıp,Pediatri
1646,196,Toksikoloji,Fen > Eczacılık > Toksikoloji,Fen,True,Fen,Eczacılık,Toksikoloji
1646,87,Halk ve Çevre Sağlığı,Fen > Tıp > Halk ve Çevre Sağlığı,Fen,True,Fen,Tıp,Halk ve Çevre Sağlığı
1646,89,Hemşirelik,Sosyal > Sosyal > Hemşirelik,Sosyal,True,Sosyal,Sosyal,Hemşirelik
1649,130,Mantar Bilimi,Fen > Temel Bilimler > Mantar Bilimi,Fen,True,Fen,Temel Bilimler,Mantar Bilimi
1650,130,Mantar Bilimi,Fen > Temel Bilimler > Mantar Bilimi,Fen,True,Fen,Temel Bilimler,Mantar Bilimi
1651,130,Mantar Bilimi,Fen > Temel Bilimler > Mantar Bilimi,Fen,True,Fen,Temel Bilimler,Mantar Bilimi
1651,135,Mikrobiyoloji,Fen > Tıp > Mikrobiyoloji,Fen,True,Fen,Tıp,Mikrobiyoloji
1652,130,Mantar Bilimi,Fen > Temel Bilimler > Mantar Bilimi,Fen,True,Fen,Temel Bilimler,Mantar Bilimi
1652,135,Mikrobiyoloji,Fen > Tıp > Mikrobiyoloji,Fen,True,Fen,Tıp,Mikrobiyoloji
1653,148,Nanobilim ve Nanoteknoloji,Fen > Mühendislik > Nanobilim ve Nanoteknoloji,Fen,True,Fen,Mühendislik,Nanobilim ve Nanoteknoloji
1653,130,Mantar Bilimi,Fen > Temel Bilimler > Mantar Bilimi,Fen,True,Fen,Temel Bilimler,Mantar Bilimi
1654,148,Nanobilim ve Nanoteknoloji,Fen > Mühendislik > Nanobilim ve Nanoteknoloji,Fen,True,Fen,Mühendislik,Nanobilim ve Nanoteknoloji
1654,130,Mantar Bilimi,Fen > Temel Bilimler > Mantar Bilimi,Fen,True,Fen,Temel Bilimler,Mantar Bilimi
1654,135,Mikrobiyoloji,Fen > Tıp > Mikrobiyoloji,Fen,True,Fen,Tıp,Mikrobiyoloji
1655,130,Mantar Bilimi,Fen > Temel Bilimler > Mantar Bilimi,Fen,True,Fen,Temel Bilimler,Mantar Bilimi
1655,35,Bitki Bilimleri,Fen > Ziraat > Bitki Bilimleri,Fen,True,Fen,Ziraat,Bitki Bilimleri
1656,62,Entomoloji,Fen > Temel Bilimler > Entomoloji,Fen,True,Fen,Temel Bilimler,Entomoloji
1656,130,Mantar Bilimi,Fen > Temel Bilimler > Mantar Bilimi,Fen,True,Fen,Temel Bilimler,Mantar Bilimi
1657,65,Etnik Çalışmalar,Sosyal > Sosyal > Etnik Çalışmalar,Sosyal,True,Sosyal,Sosyal,Etnik Çalışmalar
1657,167,Psikoloji,Sosyal > Sosyal > Psikoloji,Sosyal,True,Sosyal,Sosyal,Psikoloji
1658,65,Etnik Çalışmalar,Sosyal > Sosyal > Etnik Çalışmalar,Sosyal,True,Sosyal,Sosyal,Etnik Çalışmalar
1658,185,Tarih,Sosyal > Sosyal > Tarih,Sosyal,True,Sosyal,Sosyal,Tarih
1662,65,Etnik Çalışmalar,Sosyal > Sosyal > Etnik Çalışmalar,Sosyal,True,Sosyal,Sosyal,Etnik Çalışmalar
1662,119,Kültürel Çalışmalar,Sosyal > Sosyal > Kültürel Çalışmalar,Sosyal,True,Sosyal,Sosyal,Kültürel Çalışmalar
1663,19,Antropoloji,Sosyal > Sosyal > Antropoloji,Sosyal,True,Sosyal,Sosyal,Antropoloji
1663,54,Edebiyat,Sosyal > Sosyal > Edebiyat,Sosyal,True,Sosyal,Sosyal,Edebiyat
1663,65,Etnik Çalışmalar,Sosyal > Sosyal > Etnik Çalışmalar,Sosyal,True,Sosyal,Sosyal,Etnik Çalışmalar
1664,65,Etnik Çalışmalar,Sosyal > Sosyal > Etnik Çalışmalar,Sosyal,True,Sosyal,Sosyal,Etnik Çalışmalar
1664,176,Siyasi Bilimler,Sosyal > Sosyal > Siyasi Bilimler,Sosyal,True,Sosyal,Sosyal,Siyasi Bilimler
1664,185,Tarih,Sosyal > Sosyal > Tarih,Sosyal,True,Sosyal,Sosyal,Tarih
1665,42,Coğrafya,Sosyal > Sosyal > Coğrafya,Sosyal,True,Sosyal,Sosyal,Coğrafya
1665,65,Etnik Çalışmalar,Sosyal > Sosyal > Etnik Çalışmalar,Sosyal,True,Sosyal,Sosyal,Etnik Çalışmalar
1665,179,Sosyoloji,Sosyal > Sosyal > Sosyoloji,Sosyal,True,Sosyal,Sosyal,Sosyoloji
1665,185,Tarih,Sosyal > Sosyal > Tarih,Sosyal,True,Sosyal,Sosyal,Tarih
1666,19,Antropoloji,Sosyal > Sosyal > Antropoloji,Sosyal,True,Sosyal,Sosyal,Antropoloji
1666,65,Etnik Çalışmalar,Sosyal > Sosyal > Etnik Çalışmalar,Sosyal,True,Sosyal,Sosyal,Etnik Çalışmalar
1666,185,Tarih,Sosyal > Sosyal > Tarih,Sosyal,True,Sosyal,Sosyal,Tarih
1669,95,İmalat Mühendisliği,Fen > Mühendislik > İmalat Mühendisliği,Fen,True,Fen,Mühendislik,İmalat Mühendisliği
1669,145,"Mühendislik, Makine","Fen > Mühendislik > Mühendislik, Makine",Fen,True,Fen,Mühendislik,"Mühendislik, Makine"
1669,165,Polimer Bilimi,Fen > Mühendislik > Polimer Bilimi,Fen,True,Fen,Mühendislik,Polimer Bilimi
1670,32,"Bilgisayar Bilimleri, Yapay Zeka","Fen > Mühendislik > Bilgisayar Bilimleri, Yapay Zeka",Fen,True,Fen,Mühendislik,"Bilgisayar Bilimleri, Yapay Zeka"
1670,59,Endüstri Mühendisliği,Fen > Mühendislik > Endüstri Mühendisliği,Fen,True,Fen,Mühendislik,Endüstri Mühendisliği
1670,95,İmalat Mühendisliği,Fen > Mühendislik > İmalat Mühendisliği,Fen,True,Fen,Mühendislik,İmalat Mühendisliği
1671,95,İmalat Mühendisliği,Fen > Mühendislik > İmalat Mühendisliği,Fen,True,Fen,Mühendislik,İmalat Mühendisliği
1671,126,"Malzeme Bilimleri, Kompozitler","Fen > Mühendislik > Malzeme Bilimleri, Kompozitler",Fen,True,Fen,Mühendislik,"Malzeme Bilimleri, Kompozitler"
1671,145,"Mühendislik, Makine","Fen > Mühendislik > Mühendislik, Makine",Fen,True,Fen,Mühendislik,"Mühendislik, Makine"
1672,95,İmalat Mühendisliği,Fen > Mühendislik > İmalat Mühendisliği,Fen,True,Fen,Mühendislik,İmalat Mühendisliği
1672,141,"Mühendislik, Elektrik ve Elektronik","Fen > Mühendislik > Mühendislik, Elektrik ve Elektronik",Fen,True,Fen,Mühendislik,"Mühendislik, Elektrik ve Elektronik"
1673,95,İmalat Mühendisliği,Fen > Mühendislik > İmalat Mühendisliği,Fen,True,Fen,Mühendislik,İmalat Mühendisliği
1673,145,"Mühendislik, Makine","Fen > Mühendislik > Mühendislik, Makine",Fen,True,Fen,Mühendislik,"Mühendislik, Makine"
1674,95,İmalat Mühendisliği,Fen > Mühendislik > İmalat Mühendisliği,Fen,True,Fen,Mühendislik,İmalat Mühendisliği
1674,142,"Mühendislik, Hava ve Uzay","Fen > Mühendislik > Mühendislik, Hava ve Uzay",Fen,True,Fen,Mühendislik,"Mühendislik, Hava ve Uzay"
1674,145,"Mühendislik, Makine","Fen > Mühendislik > Mühendislik, Makine",Fen,True,Fen,Mühendislik,"Mühendislik, Makine"
1675,95,İmalat Mühendisliği,Fen > Mühendislik > İmalat Mühendisliği,Fen,True,Fen,Mühendislik,İmalat Mühendisliği
1675,133,Metalürji Mühendisliği,Fen > Mühendislik > Metalürji Mühendisliği,Fen,True,Fen,Mühendislik,Metalürji Mühendisliği
1675,170,Robotik,Fen > Mühendislik > Robotik,Fen,True,Fen,Mühendislik,Robotik
1676,95,İmalat Mühendisliği,Fen > Mühendislik > İmalat Mühendisliği,Fen,True,Fen,Mühendislik,İmalat Mühendisliği
1676,127,"Malzeme Bilimleri, Özellik ve Test","Fen > Mühendislik > Malzeme Bilimleri, Özellik ve Test",Fen,True,Fen,Mühendislik,"Malzeme Bilimleri, Özellik ve Test"
1676,165,Polimer Bilimi,Fen > Mühendislik > Polimer Bilimi,Fen,True,Fen,Mühendislik,Polimer Bilimi
1678,143,"Mühendislik, Jeoloji","Fen > Mühendislik > Mühendislik, Jeoloji",Fen,True,Fen,Mühendislik,"Mühendislik, Jeoloji"
1678,187,Taşınım Bilimi ve Teknolojisi,Fen > Mühendislik > Taşınım Bilimi ve Teknolojisi,Fen,True,Fen,Mühendislik,Taşınım Bilimi ve Teknolojisi
1679,143,"Mühendislik, Jeoloji","Fen > Mühendislik > Mühendislik, Jeoloji",Fen,True,Fen,Mühendislik,"Mühendislik, Jeoloji"
1680,143,"Mühendislik, Jeoloji","Fen > Mühendislik > Mühendislik, Jeoloji",Fen,True,Fen,Mühendislik,"Mühendislik, Jeoloji"
1681,97,İnşaat Mühendisliği,Fen > Mühendislik > İnşaat Mühendisliği,Fen,True,Fen,Mühendislik,İnşaat Mühendisliği
1681,143,"Mühendislik, Jeoloji","Fen > Mühendislik > Mühendislik, Jeoloji",Fen,True,Fen,Mühendislik,"Mühendislik, Jeoloji"
1683,97,İnşaat Mühendisliği,Fen > Mühendislik > İnşaat Mühendisliği,Fen,True,Fen,Mühendislik,İnşaat Mühendisliği
1683,143,"Mühendislik, Jeoloji","Fen > Mühendislik > Mühendislik, Jeoloji",Fen,True,Fen,Mühendislik,"Mühendislik, Jeoloji"
1684,97,İnşaat Mühendisliği,Fen > Mühendislik > İnşaat Mühendisliği,Fen,True,Fen,Mühendislik,İnşaat Mühendisliği
1684,143,"Mühendislik, Jeoloji","Fen > Mühendislik > Mühendislik, Jeoloji",Fen,True,Fen,Mühendislik,"Mühendislik, Jeoloji"
1687,98,İnşaat ve Yapı Teknolojisi,Fen > Mühendislik > İnşaat ve Yapı Teknolojisi,Fen,True,Fen,Mühendislik,İnşaat ve Yapı Teknolojisi
1687,87,Halk ve Çevre Sağlığı,Fen > Tıp > Halk ve Çevre Sağlığı,Fen,True,Fen,Tıp,Halk ve Çevre Sağlığı
1689,60,Enerji ve Yakıtlar,Fen > Mühendislik > Enerji ve Yakıtlar,Fen,True,Fen,Mühendislik,Enerji ve Yakıtlar
1689,98,İnşaat ve Yapı Teknolojisi,Fen > Mühendislik > İnşaat ve Yapı Teknolojisi,Fen,True,Fen,Mühendislik,İnşaat ve Yapı Teknolojisi
1689,203,"Yeşil, Sürdürülebilir Bilim ve Teknoloji","Fen > Mühendislik > Yeşil, Sürdürülebilir Bilim ve Teknoloji",Fen,True,Fen,Mühendislik,"Yeşil, Sürdürülebilir Bilim ve Teknoloji"
1691,97,İnşaat Mühendisliği,Fen > Mühendislik > İnşaat Mühendisliği,Fen,True,Fen,Mühendislik,İnşaat Mühendisliği
1691,98,İnşaat ve Yapı Teknolojisi,Fen > Mühendislik > İnşaat ve Yapı Teknolojisi,Fen,True,Fen,Mühendislik,İnşaat ve Yapı Teknolojisi
1692,98,İnşaat ve Yapı Teknolojisi,Fen > Mühendislik > İnşaat ve Yapı Teknolojisi,Fen,True,Fen,Mühendislik,İnşaat ve Yapı Teknolojisi
1692,203,"Yeşil, Sürdürülebilir Bilim ve Teknoloji","Fen > Mühendislik > Yeşil, Sürdürülebilir Bilim ve Teknoloji",Fen,True,Fen,Mühendislik,"Yeşil, Sürdürülebilir Bilim ve Teknoloji"
1693,60,Enerji ve Yakıtlar,Fen > Mühendislik > Enerji ve Yakıtlar,Fen,True,Fen,Mühendislik,Enerji ve Yakıtlar
1693,97,İnşaat Mühendisliği,Fen > Mühendislik > İnşaat Mühendisliği,Fen,True,Fen,Mühendislik,İnşaat Mühendisliği
1693,98,İnşaat ve Yapı Teknolojisi,Fen > Mühendislik > İnşaat ve Yapı Teknolojisi,Fen,True,Fen,Mühendislik,İnşaat ve Yapı Teknolojisi
1694,97,İnşaat Mühendisliği,Fen > Mühendislik > İnşaat Mühendisliği,Fen,True,Fen,Mühendislik,İnşaat Mühendisliği
1694,98,İnşaat ve Yapı Teknolojisi,Fen > Mühendislik > İnşaat ve Yapı Teknolojisi,Fen,True,Fen,Mühendislik,İnşaat ve Yapı Teknolojisi
1696,60,Enerji ve Yakıtlar,Fen > Mühendislik > Enerji ve Yakıtlar,Fen,True,Fen,Mühendislik,Enerji ve Yakıtlar
1696,98,İnşaat ve Yapı Teknolojisi,Fen > Mühendislik > İnşaat ve Yapı Teknolojisi,Fen,True,Fen,Mühendislik,İnşaat ve Yapı Teknolojisi
1700,183,Tamamlayıcı ve Entegre Tıp,Fen > Tıp > Tamamlayıcı ve Entegre Tıp,Fen,True,Fen,Tıp,Tamamlayıcı ve Entegre Tıp
1700,167,Psikoloji,Sosyal > Sosyal > Psikoloji,Sosyal,True,Sosyal,Sosyal,Psikoloji
1702,115,Klinik Nöroloji,Fen > Tıp > Klinik Nöroloji,Fen,True,Fen,Tıp,Klinik Nöroloji
1702,169,Rehabilitasyon,Fen > Tıp > Rehabilitasyon,Fen,True,Fen,Tıp,Rehabilitasyon
1702,183,Tamamlayıcı ve Entegre Tıp,Fen > Tıp > Tamamlayıcı ve Entegre Tıp,Fen,True,Fen,Tıp,Tamamlayıcı ve Entegre Tıp
1704,49,Dermatoloji,Fen > Tıp > Dermatoloji,Fen,True,Fen,Tıp,Dermatoloji
1704,183,Tamamlayıcı ve Entegre Tıp,Fen > Tıp > Tamamlayıcı ve Entegre Tıp,Fen,True,Fen,Tıp,Tamamlayıcı ve Entegre Tıp
1705,183,Tamamlayıcı ve Entegre Tıp,Fen > Tıp > Tamamlayıcı ve Entegre Tıp,Fen,True,Fen,Tıp,Tamamlayıcı ve Entegre Tıp
1705,167,Psikoloji,Sosyal > Sosyal > Psikoloji,Sosyal,True,Sosyal,Sosyal,Psikoloji
1706,49,Dermatoloji,Fen > Tıp > Dermatoloji,Fen,True,Fen,Tıp,Dermatoloji
1706,106,Kadın Hastalıkları ve Doğum,Fen > Tıp > Kadın Hastalıkları ve Doğum,Fen,True,Fen,Tıp,Kadın Hastalıkları ve Doğum
1706,183,Tamamlayıcı ve Entegre Tıp,Fen > Tıp > Tamamlayıcı ve Entegre Tıp,Fen,True,Fen,Tıp,Tamamlayıcı ve Entegre Tıp
1707,60,Enerji ve Yakıtlar,Fen > Mühendislik > Enerji ve Yakıtlar,Fen,True,Fen,Mühendislik,Enerji ve Yakıtlar
1707,190,Termodinamik,Fen > Temel Bilimler > Termodinamik,Fen,True,Fen,Temel Bilimler,Termodinamik
1708,145,"Mühendislik, Makine","Fen > Mühendislik > Mühendislik, Makine",Fen,True,Fen,Mühendislik,"Mühendislik, Makine"
1708,148,Nanobilim ve Nanoteknoloji,Fen > Mühendislik > Nanobilim ve Nanoteknoloji,Fen,True,Fen,Mühendislik,Nanobilim ve Nanoteknoloji
1708,190,Termodinamik,Fen > Temel Bilimler > Termodinamik,Fen,True,Fen,Temel Bilimler,Termodinamik
1709,60,Enerji ve Yakıtlar,Fen > Mühendislik > Enerji ve Yakıtlar,Fen,True,Fen,Mühendislik,Enerji ve Yakıtlar
1709,71,"Fizik, Katı Hal","Fen > Temel Bilimler > Fizik, Katı Hal",Fen,True,Fen,Temel Bilimler,"Fizik, Katı Hal"
1709,190,Termodinamik,Fen > Temel Bilimler > Termodinamik,Fen,True,Fen,Temel Bilimler,Termodinamik
1710,60,Enerji ve Yakıtlar,Fen > Mühendislik > Enerji ve Yakıtlar,Fen,True,Fen,Mühendislik,Enerji ve Yakıtlar
1710,145,"Mühendislik, Makine","Fen > Mühendislik > Mühendislik, Makine",Fen,True,Fen,Mühendislik,"Mühendislik, Makine"
1710,190,Termodinamik,Fen > Temel Bilimler > Termodinamik,Fen,True,Fen,Temel Bilimler,Termodinamik
1711,145,"Mühendislik, Makine","Fen > Mühendislik > Mühendislik, Makine",Fen,True,Fen,Mühendislik,"Mühendislik, Makine"
1711,190,Termodinamik,Fen > Temel Bilimler > Termodinamik,Fen,True,Fen,Temel Bilimler,Termodinamik
1713,145,"Mühendislik, Makine","Fen > Mühendislik > Mühendislik, Makine",Fen,True,Fen,Mühendislik,"Mühendislik, Makine"
1713,148,Nanobilim ve Nanoteknoloji,Fen > Mühendislik > Nanobilim ve Nanoteknoloji,Fen,True,Fen,Mühendislik,Nanobilim ve Nanoteknoloji
1713,190,Termodinamik,Fen > Temel Bilimler > Termodinamik,Fen,True,Fen,Temel Bilimler,Termodinamik
1714,60,Enerji ve Yakıtlar,Fen > Mühendislik > Enerji ve Yakıtlar,Fen,True,Fen,Mühendislik,Enerji ve Yakıtlar
1714,145,"Mühendislik, Makine","Fen > Mühendislik > Mühendislik, Makine",Fen,True,Fen,Mühendislik,"Mühendislik, Makine"
1714,190,Termodinamik,Fen > Temel Bilimler > Termodinamik,Fen,True,Fen,Temel Bilimler,Termodinamik
1715,145,"Mühendislik, Makine","Fen > Mühendislik > Mühendislik, Makine",Fen,True,Fen,Mühendislik,"Mühendislik, Makine"
1715,190,Termodinamik,Fen > Temel Bilimler > Termodinamik,Fen,True,Fen,Temel Bilimler,Termodinamik
1716,60,Enerji ve Yakıtlar,Fen > Mühendislik > Enerji ve Yakıtlar,Fen,True,Fen,Mühendislik,Enerji ve Yakıtlar
1716,203,"Yeşil, Sürdürülebilir Bilim ve Teknoloji","Fen > Mühendislik > Yeşil, Sürdürülebilir Bilim ve Teknoloji",Fen,True,Fen,Mühendislik,"Yeşil, Sürdürülebilir Bilim ve Teknoloji"
1716,190,Termodinamik,Fen > Temel Bilimler > Termodinamik,Fen,True,Fen,Temel Bilimler,Termodinamik
1718,121,Madde Bağımlılığı,Sosyal > Sosyal > Madde Bağımlılığı,Sosyal,True,Sosyal,Sosyal,Madde Bağımlılığı
1718,167,Psikoloji,Sosyal > Sosyal > Psikoloji,Sosyal,True,Sosyal,Sosyal,Psikoloji
1720,55,"Eğitim, Eğitim Araştırmaları","Sosyal > Sosyal > Eğitim, Eğitim Araştırmaları",Sosyal,True,Sosyal,Sosyal,"Eğitim, Eğitim Araştırmaları"
1720,121,Madde Bağımlılığı,Sosyal > Sosyal > Madde Bağımlılığı,Sosyal,True,Sosyal,Sosyal,Madde Bağımlılığı
1721,87,Halk ve Çevre Sağlığı,Fen > Tıp > Halk ve Çevre Sağlığı,Fen,True,Fen,Tıp,Halk ve Çevre Sağlığı
1721,89,Hemşirelik,Sosyal > Sosyal > Hemşirelik,Sosyal,True,Sosyal,Sosyal,Hemşirelik
1721,121,Madde Bağımlılığı,Sosyal > Sosyal > Madde Bağımlılığı,Sosyal,True,Sosyal,Sosyal,Madde Bağımlılığı
1724,166,Psikiyatri,Fen > Tıp > Psikiyatri,Fen,True,Fen,Tıp,Psikiyatri
1724,121,Madde Bağımlılığı,Sosyal > Sosyal > Madde Bağımlılığı,Sosyal,True,Sosyal,Sosyal,Madde Bağımlılığı
1725,121,Madde Bağımlılığı,Sosyal > Sosyal > Madde Bağımlılığı,Sosyal,True,Sosyal,Sosyal,Madde Bağımlılığı
1726,121,Madde Bağımlılığı,Sosyal > Sosyal > Madde Bağımlılığı,Sosyal,True,Sosyal,Sosyal,Madde Bağımlılığı
1726,167,Psikoloji,Sosyal > Sosyal > Psikoloji,Sosyal,True,Sosyal,Sosyal,Psikoloji
1733,126,"Malzeme Bilimleri, Kompozitler","Fen > Mühendislik > Malzeme Bilimleri, Kompozitler",Fen,True,Fen,Mühendislik,"Malzeme Bilimleri, Kompozitler"
1733,43,Çevre Bilimleri,Fen > Temel Bilimler > Çevre Bilimleri,Fen,True,Fen,Temel Bilimler,Çevre Bilimleri
1733,111,"Kimya, İnorganik ve Nükleer","Fen > Temel Bilimler > Kimya, İnorganik ve Nükleer",Fen,True,Fen,Temel Bilimler,"Kimya, İnorganik ve Nükleer"
1734,111,"Kimya, İnorganik ve Nükleer","Fen > Temel Bilimler > Kimya, İnorganik ve Nükleer",Fen,True,Fen,Temel Bilimler,"Kimya, İnorganik ve Nükleer"
1734,112,"Kimya, Organik","Fen > Temel Bilimler > Kimya, Organik",Fen,True,Fen,Temel Bilimler,"Kimya, Organik"
1734,135,Mikrobiyoloji,Fen > Tıp > Mikrobiyoloji,Fen,True,Fen,Tıp,Mikrobiyoloji
1734,153,Onkoloji,Fen > Tıp > Onkoloji,Fen,True,Fen,Tıp,Onkoloji
1735,111,"Kimya, İnorganik ve Nükleer","Fen > Temel Bilimler > Kimya, İnorganik ve Nükleer",Fen,True,Fen,Temel Bilimler,"Kimya, İnorganik ve Nükleer"
1735,154,Optik,Fen > Temel Bilimler > Optik,Fen,True,Fen,Temel Bilimler,Optik
1736,111,"Kimya, İnorganik ve Nükleer","Fen > Temel Bilimler > Kimya, İnorganik ve Nükleer",Fen,True,Fen,Temel Bilimler,"Kimya, İnorganik ve Nükleer"
1736,153,Onkoloji,Fen > Tıp > Onkoloji,Fen,True,Fen,Tıp,Onkoloji
1738,87,Halk ve Çevre Sağlığı,Fen > Tıp > Halk ve Çevre Sağlığı,Fen,True,Fen,Tıp,Halk ve Çevre Sağlığı
1738,163,Pediatri,Fen > Tıp > Pediatri,Fen,True,Fen,Tıp,Pediatri
1738,189,Temel Sağlık Hizmetleri,Fen > Tıp > Temel Sağlık Hizmetleri,Fen,True,Fen,Tıp,Temel Sağlık Hizmetleri
1739,172,Sağlık Bilimleri ve Hizmetleri,Fen > Tıp > Sağlık Bilimleri ve Hizmetleri,Fen,True,Fen,Tıp,Sağlık Bilimleri ve Hizmetleri
1739,189,Temel Sağlık Hizmetleri,Fen > Tıp > Temel Sağlık Hizmetleri,Fen,True,Fen,Tıp,Temel Sağlık Hizmetleri
1740,58,Endokrinoloji ve Metabolizma,Fen > Tıp > Endokrinoloji ve Metabolizma,Fen,True,Fen,Tıp,Endokrinoloji ve Metabolizma
1740,107,Kalp ve Kalp Damar Sistemi,Fen > Tıp > Kalp ve Kalp Damar Sistemi,Fen,True,Fen,Tıp,Kalp ve Kalp Damar Sistemi
1740,189,Temel Sağlık Hizmetleri,Fen > Tıp > Temel Sağlık Hizmetleri,Fen,True,Fen,Tıp,Temel Sağlık Hizmetleri
1741,58,Endokrinoloji ve Metabolizma,Fen > Tıp > Endokrinoloji ve Metabolizma,Fen,True,Fen,Tıp,Endokrinoloji ve Metabolizma
1741,106,Kadın Hastalıkları ve Doğum,Fen > Tıp > Kadın Hastalıkları ve Doğum,Fen,True,Fen,Tıp,Kadın Hastalıkları ve Doğum
1741,189,Temel Sağlık Hizmetleri,Fen > Tıp > Temel Sağlık Hizmetleri,Fen,True,Fen,Tıp,Temel Sağlık Hizmetleri
1742,66,Farmakoloji ve Eczacılık,Fen > Eczacılık > Farmakoloji ve Eczacılık,Fen,True,Fen,Eczacılık,Farmakoloji ve Eczacılık
1742,82,Geriatri ve Gerontoloji,Fen > Tıp > Geriatri ve Gerontoloji,Fen,True,Fen,Tıp,Geriatri ve Gerontoloji
1742,189,Temel Sağlık Hizmetleri,Fen > Tıp > Temel Sağlık Hizmetleri,Fen,True,Fen,Tıp,Temel Sağlık Hizmetleri
1743,153,Onkoloji,Fen > Tıp > Onkoloji,Fen,True,Fen,Tıp,Onkoloji
1743,189,Temel Sağlık Hizmetleri,Fen > Tıp > Temel Sağlık Hizmetleri,Fen,True,Fen,Tıp,Temel Sağlık Hizmetleri
1743,200,Üroloji ve Nefroloji,Fen > Tıp > Üroloji ve Nefroloji,Fen,True,Fen,Tıp,Üroloji ve Nefroloji
1744,189,Temel Sağlık Hizmetleri,Fen > Tıp > Temel Sağlık Hizmetleri,Fen,True,Fen,Tıp,Temel Sağlık Hizmetleri
1744,121,Madde Bağımlılığı,Sosyal > Sosyal > Madde Bağımlılığı,Sosyal,True,Sosyal,Sosyal,Madde Bağımlılığı
1745,106,Kadın Hastalıkları ve Doğum,Fen > Tıp > Kadın Hastalıkları ve Doğum,Fen,True,Fen,Tıp,Kadın Hastalıkları ve Doğum
1745,189,Temel Sağlık Hizmetleri,Fen > Tıp > Temel Sağlık Hizmetleri,Fen,True,Fen,Tıp,Temel Sağlık Hizmetleri
1745,25,Beslenme ve Diyetetik,Sosyal > Sosyal > Beslenme ve Diyetetik,Sosyal,True,Sosyal,Sosyal,Beslenme ve Diyetetik
1746,49,Dermatoloji,Fen > Tıp > Dermatoloji,Fen,True,Fen,Tıp,Dermatoloji
1746,189,Temel Sağlık Hizmetleri,Fen > Tıp > Temel Sağlık Hizmetleri,Fen,True,Fen,Tıp,Temel Sağlık Hizmetleri
1747,28,"Bilgisayar Bilimleri, Bilgi Sistemleri","Fen > Mühendislik > Bilgisayar Bilimleri, Bilgi Sistemleri",Fen,True,Fen,Mühendislik,"Bilgisayar Bilimleri, Bilgi Sistemleri"
1747,108,Kamu Yönetimi,Sosyal > Sosyal > Kamu Yönetimi,Sosyal,True,Sosyal,Sosyal,Kamu Yönetimi
1748,28,"Bilgisayar Bilimleri, Bilgi Sistemleri","Fen > Mühendislik > Bilgisayar Bilimleri, Bilgi Sistemleri",Fen,True,Fen,Mühendislik,"Bilgisayar Bilimleri, Bilgi Sistemleri"
1748,101,İşletme,Sosyal > Sosyal > İşletme,Sosyal,True,Sosyal,Sosyal,İşletme
1749,28,"Bilgisayar Bilimleri, Bilgi Sistemleri","Fen > Mühendislik > Bilgisayar Bilimleri, Bilgi Sistemleri",Fen,True,Fen,Mühendislik,"Bilgisayar Bilimleri, Bilgi Sistemleri"
1749,55,"Eğitim, Eğitim Araştırmaları","Sosyal > Sosyal > Eğitim, Eğitim Araştırmaları",Sosyal,True,Sosyal,Sosyal,"Eğitim, Eğitim Araştırmaları"
1751,28,"Bilgisayar Bilimleri, Bilgi Sistemleri","Fen > Mühendislik > Bilgisayar Bilimleri, Bilgi Sistemleri",Fen,True,Fen,Mühendislik,"Bilgisayar Bilimleri, Bilgi Sistemleri"
1752,28,"Bilgisayar Bilimleri, Bilgi Sistemleri","Fen > Mühendislik > Bilgisayar Bilimleri, Bilgi Sistemleri",Fen,True,Fen,Mühendislik,"Bilgisayar Bilimleri, Bilgi Sistemleri"
1752,32,"Bilgisayar Bilimleri, Yapay Zeka","Fen > Mühendislik > Bilgisayar Bilimleri, Yapay Zeka",Fen,True,Fen,Mühendislik,"Bilgisayar Bilimleri, Yapay Zeka"
1754,28,"Bilgisayar Bilimleri, Bilgi Sistemleri","Fen > Mühendislik > Bilgisayar Bilimleri, Bilgi Sistemleri",Fen,True,Fen,Mühendislik,"Bilgisayar Bilimleri, Bilgi Sistemleri"
1754,94,İletişim,Sosyal > Sosyal > İletişim,Sosyal,True,Sosyal,Sosyal,İletişim
1755,28,"Bilgisayar Bilimleri, Bilgi Sistemleri","Fen > Mühendislik > Bilgisayar Bilimleri, Bilgi Sistemleri",Fen,True,Fen,Mühendislik,"Bilgisayar Bilimleri, Bilgi Sistemleri"
1755,32,"Bilgisayar Bilimleri, Yapay Zeka","Fen > Mühendislik > Bilgisayar Bilimleri, Yapay Zeka",Fen,True,Fen,Mühendislik,"Bilgisayar Bilimleri, Yapay Zeka"
1755,55,"Eğitim, Eğitim Araştırmaları","Sosyal > Sosyal > Eğitim, Eğitim Araştırmaları",Sosyal,True,Sosyal,Sosyal,"Eğitim, Eğitim Araştırmaları"
1756,28,"Bilgisayar Bilimleri, Bilgi Sistemleri","Fen > Mühendislik > Bilgisayar Bilimleri, Bilgi Sistemleri",Fen,True,Fen,Mühendislik,"Bilgisayar Bilimleri, Bilgi Sistemleri"
1756,33,"Bilgisayar Bilimleri, Yazılım Mühendisliği","Fen > Mühendislik > Bilgisayar Bilimleri, Yazılım Mühendisliği",Fen,True,Fen,Mühendislik,"Bilgisayar Bilimleri, Yazılım Mühendisliği"
1757,125,"Malzeme Bilimleri, Kaplamalar ve Filmler","Fen > Mühendislik > Malzeme Bilimleri, Kaplamalar ve Filmler",Fen,True,Fen,Mühendislik,"Malzeme Bilimleri, Kaplamalar ve Filmler"
1757,74,Fizikokimya,Fen > Temel Bilimler > Fizikokimya,Fen,True,Fen,Temel Bilimler,Fizikokimya
1759,38,Biyoloji,Fen > Temel Bilimler > Biyoloji,Fen,True,Fen,Temel Bilimler,Biyoloji
1759,74,Fizikokimya,Fen > Temel Bilimler > Fizikokimya,Fen,True,Fen,Temel Bilimler,Fizikokimya
1760,196,Toksikoloji,Fen > Eczacılık > Toksikoloji,Fen,True,Fen,Eczacılık,Toksikoloji
1760,74,Fizikokimya,Fen > Temel Bilimler > Fizikokimya,Fen,True,Fen,Temel Bilimler,Fizikokimya
1760,114,"Kimya, Uygulamalı","Fen > Temel Bilimler > Kimya, Uygulamalı",Fen,True,Fen,Temel Bilimler,"Kimya, Uygulamalı"
1761,74,Fizikokimya,Fen > Temel Bilimler > Fizikokimya,Fen,True,Fen,Temel Bilimler,Fizikokimya
1761,110,"Kimya, Analitik","Fen > Temel Bilimler > Kimya, Analitik",Fen,True,Fen,Temel Bilimler,"Kimya, Analitik"
1762,74,Fizikokimya,Fen > Temel Bilimler > Fizikokimya,Fen,True,Fen,Temel Bilimler,Fizikokimya
1762,112,"Kimya, Organik","Fen > Temel Bilimler > Kimya, Organik",Fen,True,Fen,Temel Bilimler,"Kimya, Organik"
1763,66,Farmakoloji ve Eczacılık,Fen > Eczacılık > Farmakoloji ve Eczacılık,Fen,True,Fen,Eczacılık,Farmakoloji ve Eczacılık
1763,74,Fizikokimya,Fen > Temel Bilimler > Fizikokimya,Fen,True,Fen,Temel Bilimler,Fizikokimya
1763,113,"Kimya, Tıbbi","Fen > Temel Bilimler > Kimya, Tıbbi",Fen,True,Fen,Temel Bilimler,"Kimya, Tıbbi"
1763,132,Matematik,Fen > Temel Bilimler > Matematik,Fen,True,Fen,Temel Bilimler,Matematik
1763,180,Spektroskopi,Fen > Temel Bilimler > Spektroskopi,Fen,True,Fen,Temel Bilimler,Spektroskopi
1764,141,"Mühendislik, Elektrik ve Elektronik","Fen > Mühendislik > Mühendislik, Elektrik ve Elektronik",Fen,True,Fen,Mühendislik,"Mühendislik, Elektrik ve Elektronik"
1764,74,Fizikokimya,Fen > Temel Bilimler > Fizikokimya,Fen,True,Fen,Temel Bilimler,Fizikokimya
1765,21,Astronomi ve Astrofizik,Fen > Temel Bilimler > Astronomi ve Astrofizik,Fen,True,Fen,Temel Bilimler,Astronomi ve Astrofizik
1765,74,Fizikokimya,Fen > Temel Bilimler > Fizikokimya,Fen,True,Fen,Temel Bilimler,Fizikokimya
1766,127,"Malzeme Bilimleri, Özellik ve Test","Fen > Mühendislik > Malzeme Bilimleri, Özellik ve Test",Fen,True,Fen,Mühendislik,"Malzeme Bilimleri, Özellik ve Test"
1766,74,Fizikokimya,Fen > Temel Bilimler > Fizikokimya,Fen,True,Fen,Temel Bilimler,Fizikokimya
1768,39,Biyoloji Çeşitliliğinin Korunması,Fen > Temel Bilimler > Biyoloji Çeşitliliğinin Korunması,Fen,True,Fen,Temel Bilimler,Biyoloji Çeşitliliğinin Korunması
1768,35,Bitki Bilimleri,Fen > Ziraat > Bitki Bilimleri,Fen,True,Fen,Ziraat,Bitki Bilimleri
1769,155,Orman Mühendisliği,Fen > Mühendislik > Orman Mühendisliği,Fen,True,Fen,Mühendislik,Orman Mühendisliği
1769,39,Biyoloji Çeşitliliğinin Korunması,Fen > Temel Bilimler > Biyoloji Çeşitliliğinin Korunması,Fen,True,Fen,Temel Bilimler,Biyoloji Çeşitliliğinin Korunması
1771,39,Biyoloji Çeşitliliğinin Korunması,Fen > Temel Bilimler > Biyoloji Çeşitliliğinin Korunması,Fen,True,Fen,Temel Bilimler,Biyoloji Çeşitliliğinin Korunması
1771,44,Çevre Çalışmaları,Sosyal > Sosyal > Çevre Çalışmaları,Sosyal,True,Sosyal,Sosyal,Çevre Çalışmaları
1774,39,Biyoloji Çeşitliliğinin Korunması,Fen > Temel Bilimler > Biyoloji Çeşitliliğinin Korunması,Fen,True,Fen,Temel Bilimler,Biyoloji Çeşitliliğinin Korunması
1774,43,Çevre Bilimleri,Fen > Temel Bilimler > Çevre Bilimleri,Fen,True,Fen,Temel Bilimler,Çevre Bilimleri
1774,44,Çevre Çalışmaları,Sosyal > Sosyal > Çevre Çalışmaları,Sosyal,True,Sosyal,Sosyal,Çevre Çalışmaları
1775,142,"Mühendislik, Hava ve Uzay","Fen > Mühendislik > Mühendislik, Hava ve Uzay",Fen,True,Fen,Mühendislik,"Mühendislik, Hava ve Uzay"
1775,175,Savunma Bilimleri,Fen > Mühendislik > Savunma Bilimleri,Fen,True,Fen,Mühendislik,Savunma Bilimleri
1775,39,Biyoloji Çeşitliliğinin Korunması,Fen > Temel Bilimler > Biyoloji Çeşitliliğinin Korunması,Fen,True,Fen,Temel Bilimler,Biyoloji Çeşitliliğinin Korunması
1776,155,Orman Mühendisliği,Fen > Mühendislik > Orman Mühendisliği,Fen,True,Fen,Mühendislik,Orman Mühendisliği
1776,39,Biyoloji Çeşitliliğinin Korunması,Fen > Temel Bilimler > Biyoloji Çeşitliliğinin Korunması,Fen,True,Fen,Temel Bilimler,Biyoloji Çeşitliliğinin Korunması
1777,32,"Bilgisayar Bilimleri, Yapay Zeka","Fen > Mühendislik > Bilgisayar Bilimleri, Yapay Zeka",Fen,True,Fen,Mühendislik,"Bilgisayar Bilimleri, Yapay Zeka"
1777,139,"Mühendislik, Biyotıp","Fen > Mühendislik > Mühendislik, Biyotıp",Fen,True,Fen,Mühendislik,"Mühendislik, Biyotıp"
1779,139,"Mühendislik, Biyotıp","Fen > Mühendislik > Mühendislik, Biyotıp",Fen,True,Fen,Mühendislik,"Mühendislik, Biyotıp"
1779,149,Nörolojik Bilimler,Fen > Tıp > Nörolojik Bilimler,Fen,True,Fen,Tıp,Nörolojik Bilimler
1779,177,Solunum Sistemi,Fen > Tıp > Solunum Sistemi,Fen,True,Fen,Tıp,Solunum Sistemi
1780,32,"Bilgisayar Bilimleri, Yapay Zeka","Fen > Mühendislik > Bilgisayar Bilimleri, Yapay Zeka",Fen,True,Fen,Mühendislik,"Bilgisayar Bilimleri, Yapay Zeka"
1780,139,"Mühendislik, Biyotıp","Fen > Mühendislik > Mühendislik, Biyotıp",Fen,True,Fen,Mühendislik,"Mühendislik, Biyotıp"
1780,141,"Mühendislik, Elektrik ve Elektronik","Fen > Mühendislik > Mühendislik, Elektrik ve Elektronik",Fen,True,Fen,Mühendislik,"Mühendislik, Elektrik ve Elektronik"
1780,115,Klinik Nöroloji,Fen > Tıp > Klinik Nöroloji,Fen,True,Fen,Tıp,Klinik Nöroloji
1781,139,"Mühendislik, Biyotıp","Fen > Mühendislik > Mühendislik, Biyotıp",Fen,True,Fen,Mühendislik,"Mühendislik, Biyotıp"
1781,153,Onkoloji,Fen > Tıp > Onkoloji,Fen,True,Fen,Tıp,Onkoloji
1781,200,Üroloji ve Nefroloji,Fen > Tıp > Üroloji ve Nefroloji,Fen,True,Fen,Tıp,Üroloji ve Nefroloji
1782,139,"Mühendislik, Biyotıp","Fen > Mühendislik > Mühendislik, Biyotıp",Fen,True,Fen,Mühendislik,"Mühendislik, Biyotıp"
1782,148,Nanobilim ve Nanoteknoloji,Fen > Mühendislik > Nanobilim ve Nanoteknoloji,Fen,True,Fen,Mühendislik,Nanobilim ve Nanoteknoloji
1783,32,"Bilgisayar Bilimleri, Yapay Zeka","Fen > Mühendislik > Bilgisayar Bilimleri, Yapay Zeka",Fen,True,Fen,Mühendislik,"Bilgisayar Bilimleri, Yapay Zeka"
1783,139,"Mühendislik, Biyotıp","Fen > Mühendislik > Mühendislik, Biyotıp",Fen,True,Fen,Mühendislik,"Mühendislik, Biyotıp"
1784,139,"Mühendislik, Biyotıp","Fen > Mühendislik > Mühendislik, Biyotıp",Fen,True,Fen,Mühendislik,"Mühendislik, Biyotıp"
1784,36,Biyofizik,Fen > Tıp > Biyofizik,Fen,True,Fen,Tıp,Biyofizik
1784,153,Onkoloji,Fen > Tıp > Onkoloji,Fen,True,Fen,Tıp,Onkoloji
1785,66,Farmakoloji ve Eczacılık,Fen > Eczacılık > Farmakoloji ve Eczacılık,Fen,True,Fen,Eczacılık,Farmakoloji ve Eczacılık
1785,139,"Mühendislik, Biyotıp","Fen > Mühendislik > Mühendislik, Biyotıp",Fen,True,Fen,Mühendislik,"Mühendislik, Biyotıp"
1786,32,"Bilgisayar Bilimleri, Yapay Zeka","Fen > Mühendislik > Bilgisayar Bilimleri, Yapay Zeka",Fen,True,Fen,Mühendislik,"Bilgisayar Bilimleri, Yapay Zeka"
1786,139,"Mühendislik, Biyotıp","Fen > Mühendislik > Mühendislik, Biyotıp",Fen,True,Fen,Mühendislik,"Mühendislik, Biyotıp"
1786,115,Klinik Nöroloji,Fen > Tıp > Klinik Nöroloji,Fen,True,Fen,Tıp,Klinik Nöroloji
1787,32,"Bilgisayar Bilimleri, Yapay Zeka","Fen > Mühendislik > Bilgisayar Bilimleri, Yapay Zeka",Fen,True,Fen,Mühendislik,"Bilgisayar Bilimleri, Yapay Zeka"
1787,140,"Mühendislik, Deniz","Fen > Mühendislik > Mühendislik, Deniz",Fen,True,Fen,Mühendislik,"Mühendislik, Deniz"
1787,170,Robotik,Fen > Mühendislik > Robotik,Fen,True,Fen,Mühendislik,Robotik
1788,47,Denizcilik,Fen > Mühendislik > Denizcilik,Fen,True,Fen,Mühendislik,Denizcilik
1788,140,"Mühendislik, Deniz","Fen > Mühendislik > Mühendislik, Deniz",Fen,True,Fen,Mühendislik,"Mühendislik, Deniz"
1788,187,Taşınım Bilimi ve Teknolojisi,Fen > Mühendislik > Taşınım Bilimi ve Teknolojisi,Fen,True,Fen,Mühendislik,Taşınım Bilimi ve Teknolojisi
1789,60,Enerji ve Yakıtlar,Fen > Mühendislik > Enerji ve Yakıtlar,Fen,True,Fen,Mühendislik,Enerji ve Yakıtlar
1789,140,"Mühendislik, Deniz","Fen > Mühendislik > Mühendislik, Deniz",Fen,True,Fen,Mühendislik,"Mühendislik, Deniz"
1789,145,"Mühendislik, Makine","Fen > Mühendislik > Mühendislik, Makine",Fen,True,Fen,Mühendislik,"Mühendislik, Makine"
1790,47,Denizcilik,Fen > Mühendislik > Denizcilik,Fen,True,Fen,Mühendislik,Denizcilik
1790,140,"Mühendislik, Deniz","Fen > Mühendislik > Mühendislik, Deniz",Fen,True,Fen,Mühendislik,"Mühendislik, Deniz"
1791,47,Denizcilik,Fen > Mühendislik > Denizcilik,Fen,True,Fen,Mühendislik,Denizcilik
1791,60,Enerji ve Yakıtlar,Fen > Mühendislik > Enerji ve Yakıtlar,Fen,True,Fen,Mühendislik,Enerji ve Yakıtlar
1791,140,"Mühendislik, Deniz","Fen > Mühendislik > Mühendislik, Deniz",Fen,True,Fen,Mühendislik,"Mühendislik, Deniz"
1792,60,Enerji ve Yakıtlar,Fen > Mühendislik > Enerji ve Yakıtlar,Fen,True,Fen,Mühendislik,Enerji ve Yakıtlar
1792,140,"Mühendislik, Deniz","Fen > Mühendislik > Mühendislik, Deniz",Fen,True,Fen,Mühendislik,"Mühendislik, Deniz"
1793,47,Denizcilik,Fen > Mühendislik > Denizcilik,Fen,True,Fen,Mühendislik,Denizcilik
1793,140,"Mühendislik, Deniz","Fen > Mühendislik > Mühendislik, Deniz",Fen,True,Fen,Mühendislik,"Mühendislik, Deniz"
1794,60,Enerji ve Yakıtlar,Fen > Mühendislik > Enerji ve Yakıtlar,Fen,True,Fen,Mühendislik,Enerji ve Yakıtlar
1794,140,"Mühendislik, Deniz","Fen > Mühendislik > Mühendislik, Deniz",Fen,True,Fen,Mühendislik,"Mühendislik, Deniz"
1795,47,Denizcilik,Fen > Mühendislik > Denizcilik,Fen,True,Fen,Mühendislik,Denizcilik
1795,140,"Mühendislik, Deniz","Fen > Mühendislik > Mühendislik, Deniz",Fen,True,Fen,Mühendislik,"Mühendislik, Deniz"
1796,33,"Bilgisayar Bilimleri, Yazılım Mühendisliği","Fen > Mühendislik > Bilgisayar Bilimleri, Yazılım Mühendisliği",Fen,True,Fen,Mühendislik,"Bilgisayar Bilimleri, Yazılım Mühendisliği"
1796,140,"Mühendislik, Deniz","Fen > Mühendislik > Mühendislik, Deniz",Fen,True,Fen,Mühendislik,"Mühendislik, Deniz"
1803,155,Orman Mühendisliği,Fen > Mühendislik > Orman Mühendisliği,Fen,True,Fen,Mühendislik,Orman Mühendisliği
1803,35,Bitki Bilimleri,Fen > Ziraat > Bitki Bilimleri,Fen,True,Fen,Ziraat,Bitki Bilimleri
1806,32,"Bilgisayar Bilimleri, Yapay Zeka","Fen > Mühendislik > Bilgisayar Bilimleri, Yapay Zeka",Fen,True,Fen,Mühendislik,"Bilgisayar Bilimleri, Yapay Zeka"
1806,155,Orman Mühendisliği,Fen > Mühendislik > Orman Mühendisliği,Fen,True,Fen,Mühendislik,Orman Mühendisliği
1807,122,Maden İşletme ve Cevher Hazırlama,Fen > Mühendislik > Maden İşletme ve Cevher Hazırlama,Fen,True,Fen,Mühendislik,Maden İşletme ve Cevher Hazırlama
1807,90,Hukuk,Sosyal > Sosyal > Hukuk,Sosyal,True,Sosyal,Sosyal,Hukuk
1808,32,"Bilgisayar Bilimleri, Yapay Zeka","Fen > Mühendislik > Bilgisayar Bilimleri, Yapay Zeka",Fen,True,Fen,Mühendislik,"Bilgisayar Bilimleri, Yapay Zeka"
1808,122,Maden İşletme ve Cevher Hazırlama,Fen > Mühendislik > Maden İşletme ve Cevher Hazırlama,Fen,True,Fen,Mühendislik,Maden İşletme ve Cevher Hazırlama
1809,45,Çevre Mühendisliği,Fen > Mühendislik > Çevre Mühendisliği,Fen,True,Fen,Mühendislik,Çevre Mühendisliği
1809,122,Maden İşletme ve Cevher Hazırlama,Fen > Mühendislik > Maden İşletme ve Cevher Hazırlama,Fen,True,Fen,Mühendislik,Maden İşletme ve Cevher Hazırlama
1809,143,"Mühendislik, Jeoloji","Fen > Mühendislik > Mühendislik, Jeoloji",Fen,True,Fen,Mühendislik,"Mühendislik, Jeoloji"
1810,122,Maden İşletme ve Cevher Hazırlama,Fen > Mühendislik > Maden İşletme ve Cevher Hazırlama,Fen,True,Fen,Mühendislik,Maden İşletme ve Cevher Hazırlama
1810,145,"Mühendislik, Makine","Fen > Mühendislik > Mühendislik, Makine",Fen,True,Fen,Mühendislik,"Mühendislik, Makine"
1811,60,Enerji ve Yakıtlar,Fen > Mühendislik > Enerji ve Yakıtlar,Fen,True,Fen,Mühendislik,Enerji ve Yakıtlar
1811,122,Maden İşletme ve Cevher Hazırlama,Fen > Mühendislik > Maden İşletme ve Cevher Hazırlama,Fen,True,Fen,Mühendislik,Maden İşletme ve Cevher Hazırlama
1811,143,"Mühendislik, Jeoloji","Fen > Mühendislik > Mühendislik, Jeoloji",Fen,True,Fen,Mühendislik,"Mühendislik, Jeoloji"
1812,122,Maden İşletme ve Cevher Hazırlama,Fen > Mühendislik > Maden İşletme ve Cevher Hazırlama,Fen,True,Fen,Mühendislik,Maden İşletme ve Cevher Hazırlama
1812,203,"Yeşil, Sürdürülebilir Bilim ve Teknoloji","Fen > Mühendislik > Yeşil, Sürdürülebilir Bilim ve Teknoloji",Fen,True,Fen,Mühendislik,"Yeşil, Sürdürülebilir Bilim ve Teknoloji"
1813,122,Maden İşletme ve Cevher Hazırlama,Fen > Mühendislik > Maden İşletme ve Cevher Hazırlama,Fen,True,Fen,Mühendislik,Maden İşletme ve Cevher Hazırlama
1814,122,Maden İşletme ve Cevher Hazırlama,Fen > Mühendislik > Maden İşletme ve Cevher Hazırlama,Fen,True,Fen,Mühendislik,Maden İşletme ve Cevher Hazırlama
1814,40,Biyoteknoloji ve Uygulamalı Mikrobiyoloji,Fen > Tıp > Biyoteknoloji ve Uygulamalı Mikrobiyoloji,Fen,True,Fen,Tıp,Biyoteknoloji ve Uygulamalı Mikrobiyoloji
1814,135,Mikrobiyoloji,Fen > Tıp > Mikrobiyoloji,Fen,True,Fen,Tıp,Mikrobiyoloji
1815,97,İnşaat Mühendisliği,Fen > Mühendislik > İnşaat Mühendisliği,Fen,True,Fen,Mühendislik,İnşaat Mühendisliği
1815,122,Maden İşletme ve Cevher Hazırlama,Fen > Mühendislik > Maden İşletme ve Cevher Hazırlama,Fen,True,Fen,Mühendislik,Maden İşletme ve Cevher Hazırlama
1815,203,"Yeşil, Sürdürülebilir Bilim ve Teknoloji","Fen > Mühendislik > Yeşil, Sürdürülebilir Bilim ve Teknoloji",Fen,True,Fen,Mühendislik,"Yeşil, Sürdürülebilir Bilim ve Teknoloji"
1816,122,Maden İşletme ve Cevher Hazırlama,Fen > Mühendislik > Maden İşletme ve Cevher Hazırlama,Fen,True,Fen,Mühendislik,Maden İşletme ve Cevher Hazırlama
1816,133,Metalürji Mühendisliği,Fen > Mühendislik > Metalürji Mühendisliği,Fen,True,Fen,Mühendislik,Metalürji Mühendisliği
1818,60,Enerji ve Yakıtlar,Fen > Mühendislik > Enerji ve Yakıtlar,Fen,True,Fen,Mühendislik,Enerji ve Yakıtlar
1818,134,Meteoroloji ve Atmosferik Bilimler,Fen > Mühendislik > Meteoroloji ve Atmosferik Bilimler,Fen,True,Fen,Mühendislik,Meteoroloji ve Atmosferik Bilimler
1819,134,Meteoroloji ve Atmosferik Bilimler,Fen > Mühendislik > Meteoroloji ve Atmosferik Bilimler,Fen,True,Fen,Mühendislik,Meteoroloji ve Atmosferik Bilimler
1819,132,Matematik,Fen > Temel Bilimler > Matematik,Fen,True,Fen,Temel Bilimler,Matematik
1821,32,"Bilgisayar Bilimleri, Yapay Zeka","Fen > Mühendislik > Bilgisayar Bilimleri, Yapay Zeka",Fen,True,Fen,Mühendislik,"Bilgisayar Bilimleri, Yapay Zeka"
1821,60,Enerji ve Yakıtlar,Fen > Mühendislik > Enerji ve Yakıtlar,Fen,True,Fen,Mühendislik,Enerji ve Yakıtlar
1821,134,Meteoroloji ve Atmosferik Bilimler,Fen > Mühendislik > Meteoroloji ve Atmosferik Bilimler,Fen,True,Fen,Mühendislik,Meteoroloji ve Atmosferik Bilimler
1822,60,Enerji ve Yakıtlar,Fen > Mühendislik > Enerji ve Yakıtlar,Fen,True,Fen,Mühendislik,Enerji ve Yakıtlar
1822,134,Meteoroloji ve Atmosferik Bilimler,Fen > Mühendislik > Meteoroloji ve Atmosferik Bilimler,Fen,True,Fen,Mühendislik,Meteoroloji ve Atmosferik Bilimler
1824,32,"Bilgisayar Bilimleri, Yapay Zeka","Fen > Mühendislik > Bilgisayar Bilimleri, Yapay Zeka",Fen,True,Fen,Mühendislik,"Bilgisayar Bilimleri, Yapay Zeka"
1824,60,Enerji ve Yakıtlar,Fen > Mühendislik > Enerji ve Yakıtlar,Fen,True,Fen,Mühendislik,Enerji ve Yakıtlar
1824,134,Meteoroloji ve Atmosferik Bilimler,Fen > Mühendislik > Meteoroloji ve Atmosferik Bilimler,Fen,True,Fen,Mühendislik,Meteoroloji ve Atmosferik Bilimler
1825,134,Meteoroloji ve Atmosferik Bilimler,Fen > Mühendislik > Meteoroloji ve Atmosferik Bilimler,Fen,True,Fen,Mühendislik,Meteoroloji ve Atmosferik Bilimler
1825,182,Su Kaynakları,Fen > Temel Bilimler > Su Kaynakları,Fen,True,Fen,Temel Bilimler,Su Kaynakları
1825,205,Ziraat Mühendisliği,Fen > Ziraat > Ziraat Mühendisliği,Fen,True,Fen,Ziraat,Ziraat Mühendisliği
1826,134,Meteoroloji ve Atmosferik Bilimler,Fen > Mühendislik > Meteoroloji ve Atmosferik Bilimler,Fen,True,Fen,Mühendislik,Meteoroloji ve Atmosferik Bilimler
1826,43,Çevre Bilimleri,Fen > Temel Bilimler > Çevre Bilimleri,Fen,True,Fen,Temel Bilimler,Çevre Bilimleri
1826,42,Coğrafya,Sosyal > Sosyal > Coğrafya,Sosyal,True,Sosyal,Sosyal,Coğrafya
1827,81,Genetik ve Kalıtım,Fen > Temel Bilimler > Genetik ve Kalıtım,Fen,True,Fen,Temel Bilimler,Genetik ve Kalıtım
1827,17,Androloji,Fen > Tıp > Androloji,Fen,True,Fen,Tıp,Androloji
1827,200,Üroloji ve Nefroloji,Fen > Tıp > Üroloji ve Nefroloji,Fen,True,Fen,Tıp,Üroloji ve Nefroloji
1828,17,Androloji,Fen > Tıp > Androloji,Fen,True,Fen,Tıp,Androloji
1828,58,Endokrinoloji ve Metabolizma,Fen > Tıp > Endokrinoloji ve Metabolizma,Fen,True,Fen,Tıp,Endokrinoloji ve Metabolizma
1828,191,Tıbbi Araştırmalar Deneysel,Fen > Tıp > Tıbbi Araştırmalar Deneysel,Fen,True,Fen,Tıp,Tıbbi Araştırmalar Deneysel
1828,201,Veterinerlik,Fen > Veterinerlik > Veterinerlik,Fen,True,Fen,Veterinerlik,Veterinerlik
1829,17,Androloji,Fen > Tıp > Androloji,Fen,True,Fen,Tıp,Androloji
1829,200,Üroloji ve Nefroloji,Fen > Tıp > Üroloji ve Nefroloji,Fen,True,Fen,Tıp,Üroloji ve Nefroloji
1830,17,Androloji,Fen > Tıp > Androloji,Fen,True,Fen,Tıp,Androloji
1832,165,Polimer Bilimi,Fen > Mühendislik > Polimer Bilimi,Fen,True,Fen,Mühendislik,Polimer Bilimi
1832,17,Androloji,Fen > Tıp > Androloji,Fen,True,Fen,Tıp,Androloji
1832,58,Endokrinoloji ve Metabolizma,Fen > Tıp > Endokrinoloji ve Metabolizma,Fen,True,Fen,Tıp,Endokrinoloji ve Metabolizma
1833,17,Androloji,Fen > Tıp > Androloji,Fen,True,Fen,Tıp,Androloji
1833,58,Endokrinoloji ve Metabolizma,Fen > Tıp > Endokrinoloji ve Metabolizma,Fen,True,Fen,Tıp,Endokrinoloji ve Metabolizma
1833,191,Tıbbi Araştırmalar Deneysel,Fen > Tıp > Tıbbi Araştırmalar Deneysel,Fen,True,Fen,Tıp,Tıbbi Araştırmalar Deneysel
1834,17,Androloji,Fen > Tıp > Androloji,Fen,True,Fen,Tıp,Androloji
1834,157,Ortopedi,Fen > Tıp > Ortopedi,Fen,True,Fen,Tıp,Ortopedi
1834,177,Solunum Sistemi,Fen > Tıp > Solunum Sistemi,Fen,True,Fen,Tıp,Solunum Sistemi
1834,159,"Otelcilik, Konaklama, Spor ve Turizm","Sosyal > Sosyal > Otelcilik, Konaklama, Spor ve Turizm",Sosyal,True,Sosyal,Sosyal,"Otelcilik, Konaklama, Spor ve Turizm"
1835,17,Androloji,Fen > Tıp > Androloji,Fen,True,Fen,Tıp,Androloji
1836,17,Androloji,Fen > Tıp > Androloji,Fen,True,Fen,Tıp,Androloji
1836,135,Mikrobiyoloji,Fen > Tıp > Mikrobiyoloji,Fen,True,Fen,Tıp,Mikrobiyoloji
1842,127,"Malzeme Bilimleri, Özellik ve Test","Fen > Mühendislik > Malzeme Bilimleri, Özellik ve Test",Fen,True,Fen,Mühendislik,"Malzeme Bilimleri, Özellik ve Test"
1842,133,Metalürji Mühendisliği,Fen > Mühendislik > Metalürji Mühendisliği,Fen,True,Fen,Mühendislik,Metalürji Mühendisliği
1843,127,"Malzeme Bilimleri, Özellik ve Test","Fen > Mühendislik > Malzeme Bilimleri, Özellik ve Test",Fen,True,Fen,Mühendislik,"Malzeme Bilimleri, Özellik ve Test"
1843,133,Metalürji Mühendisliği,Fen > Mühendislik > Metalürji Mühendisliği,Fen,True,Fen,Mühendislik,Metalürji Mühendisliği
1843,151,Nükleer Bilim ve Teknolojisi,Fen > Mühendislik > Nükleer Bilim ve Teknolojisi,Fen,True,Fen,Mühendislik,Nükleer Bilim ve Teknolojisi
1843,73,"Fizik, Nükleer","Fen > Temel Bilimler > Fizik, Nükleer",Fen,True,Fen,Temel Bilimler,"Fizik, Nükleer"
1845,133,Metalürji Mühendisliği,Fen > Mühendislik > Metalürji Mühendisliği,Fen,True,Fen,Mühendislik,Metalürji Mühendisliği
1845,200,Üroloji ve Nefroloji,Fen > Tıp > Üroloji ve Nefroloji,Fen,True,Fen,Tıp,Üroloji ve Nefroloji
1846,133,Metalürji Mühendisliği,Fen > Mühendislik > Metalürji Mühendisliği,Fen,True,Fen,Mühendislik,Metalürji Mühendisliği
1846,142,"Mühendislik, Hava ve Uzay","Fen > Mühendislik > Mühendislik, Hava ve Uzay",Fen,True,Fen,Mühendislik,"Mühendislik, Hava ve Uzay"
1846,145,"Mühendislik, Makine","Fen > Mühendislik > Mühendislik, Makine",Fen,True,Fen,Mühendislik,"Mühendislik, Makine"
1847,47,Denizcilik,Fen > Mühendislik > Denizcilik,Fen,True,Fen,Mühendislik,Denizcilik
1849,47,Denizcilik,Fen > Mühendislik > Denizcilik,Fen,True,Fen,Mühendislik,Denizcilik
1849,185,Tarih,Sosyal > Sosyal > Tarih,Sosyal,True,Sosyal,Sosyal,Tarih
1850,47,Denizcilik,Fen > Mühendislik > Denizcilik,Fen,True,Fen,Mühendislik,Denizcilik
1851,47,Denizcilik,Fen > Mühendislik > Denizcilik,Fen,True,Fen,Mühendislik,Denizcilik
1851,185,Tarih,Sosyal > Sosyal > Tarih,Sosyal,True,Sosyal,Sosyal,Tarih
1853,47,Denizcilik,Fen > Mühendislik > Denizcilik,Fen,True,Fen,Mühendislik,Denizcilik
1853,59,Endüstri Mühendisliği,Fen > Mühendislik > Endüstri Mühendisliği,Fen,True,Fen,Mühendislik,Endüstri Mühendisliği
1853,187,Taşınım Bilimi ve Teknolojisi,Fen > Mühendislik > Taşınım Bilimi ve Teknolojisi,Fen,True,Fen,Mühendislik,Taşınım Bilimi ve Teknolojisi
1854,47,Denizcilik,Fen > Mühendislik > Denizcilik,Fen,True,Fen,Mühendislik,Denizcilik
1854,187,Taşınım Bilimi ve Teknolojisi,Fen > Mühendislik > Taşınım Bilimi ve Teknolojisi,Fen,True,Fen,Mühendislik,Taşınım Bilimi ve Teknolojisi
1856,47,Denizcilik,Fen > Mühendislik > Denizcilik,Fen,True,Fen,Mühendislik,Denizcilik
1856,187,Taşınım Bilimi ve Teknolojisi,Fen > Mühendislik > Taşınım Bilimi ve Teknolojisi,Fen,True,Fen,Mühendislik,Taşınım Bilimi ve Teknolojisi
1857,60,Enerji ve Yakıtlar,Fen > Mühendislik > Enerji ve Yakıtlar,Fen,True,Fen,Mühendislik,Enerji ve Yakıtlar
1857,128,"Malzeme Bilimleri, Seramik","Fen > Mühendislik > Malzeme Bilimleri, Seramik",Fen,True,Fen,Mühendislik,"Malzeme Bilimleri, Seramik"
1858,128,"Malzeme Bilimleri, Seramik","Fen > Mühendislik > Malzeme Bilimleri, Seramik",Fen,True,Fen,Mühendislik,"Malzeme Bilimleri, Seramik"
1859,52,Diş Hekimliği,Fen > Diş Hekimliği > Diş Hekimliği,Fen,True,Fen,Diş Hekimliği,Diş Hekimliği
1859,127,"Malzeme Bilimleri, Özellik ve Test","Fen > Mühendislik > Malzeme Bilimleri, Özellik ve Test",Fen,True,Fen,Mühendislik,"Malzeme Bilimleri, Özellik ve Test"
1859,128,"Malzeme Bilimleri, Seramik","Fen > Mühendislik > Malzeme Bilimleri, Seramik",Fen,True,Fen,Mühendislik,"Malzeme Bilimleri, Seramik"
1861,128,"Malzeme Bilimleri, Seramik","Fen > Mühendislik > Malzeme Bilimleri, Seramik",Fen,True,Fen,Mühendislik,"Malzeme Bilimleri, Seramik"
1861,145,"Mühendislik, Makine","Fen > Mühendislik > Mühendislik, Makine",Fen,True,Fen,Mühendislik,"Mühendislik, Makine"
1862,128,"Malzeme Bilimleri, Seramik","Fen > Mühendislik > Malzeme Bilimleri, Seramik",Fen,True,Fen,Mühendislik,"Malzeme Bilimleri, Seramik"
1862,174,Sanat,Sosyal > Sosyal > Sanat,Sosyal,True,Sosyal,Sosyal,Sanat
1863,128,"Malzeme Bilimleri, Seramik","Fen > Mühendislik > Malzeme Bilimleri, Seramik",Fen,True,Fen,Mühendislik,"Malzeme Bilimleri, Seramik"
1863,154,Optik,Fen > Temel Bilimler > Optik,Fen,True,Fen,Temel Bilimler,Optik
1864,128,"Malzeme Bilimleri, Seramik","Fen > Mühendislik > Malzeme Bilimleri, Seramik",Fen,True,Fen,Mühendislik,"Malzeme Bilimleri, Seramik"
1864,174,Sanat,Sosyal > Sosyal > Sanat,Sosyal,True,Sosyal,Sosyal,Sanat
1865,128,"Malzeme Bilimleri, Seramik","Fen > Mühendislik > Malzeme Bilimleri, Seramik",Fen,True,Fen,Mühendislik,"Malzeme Bilimleri, Seramik"
1865,174,Sanat,Sosyal > Sosyal > Sanat,Sosyal,True,Sosyal,Sosyal,Sanat
1866,128,"Malzeme Bilimleri, Seramik","Fen > Mühendislik > Malzeme Bilimleri, Seramik",Fen,True,Fen,Mühendislik,"Malzeme Bilimleri, Seramik"
1866,174,Sanat,Sosyal > Sosyal > Sanat,Sosyal,True,Sosyal,Sosyal,Sanat
1868,192,Tıbbi Etik,Fen > Tıp > Tıbbi Etik,Fen,True,Fen,Tıp,Tıbbi Etik
1868,89,Hemşirelik,Sosyal > Sosyal > Hemşirelik,Sosyal,True,Sosyal,Sosyal,Hemşirelik
1870,192,Tıbbi Etik,Fen > Tıp > Tıbbi Etik,Fen,True,Fen,Tıp,Tıbbi Etik
1870,90,Hukuk,Sosyal > Sosyal > Hukuk,Sosyal,True,Sosyal,Sosyal,Hukuk
1870,105,Kadın Araştırmaları,Sosyal > Sosyal > Kadın Araştırmaları,Sosyal,True,Sosyal,Sosyal,Kadın Araştırmaları
1872,169,Rehabilitasyon,Fen > Tıp > Rehabilitasyon,Fen,True,Fen,Tıp,Rehabilitasyon
1872,192,Tıbbi Etik,Fen > Tıp > Tıbbi Etik,Fen,True,Fen,Tıp,Tıbbi Etik
1873,191,Tıbbi Araştırmalar Deneysel,Fen > Tıp > Tıbbi Araştırmalar Deneysel,Fen,True,Fen,Tıp,Tıbbi Araştırmalar Deneysel
1873,192,Tıbbi Etik,Fen > Tıp > Tıbbi Etik,Fen,True,Fen,Tıp,Tıbbi Etik
1874,192,Tıbbi Etik,Fen > Tıp > Tıbbi Etik,Fen,True,Fen,Tıp,Tıbbi Etik
1874,173,Sağlık Politikaları ve Hizmetleri,Sosyal > Sosyal > Sağlık Politikaları ve Hizmetleri,Sosyal,True,Sosyal,Sosyal,Sağlık Politikaları ve Hizmetleri
1875,192,Tıbbi Etik,Fen > Tıp > Tıbbi Etik,Fen,True,Fen,Tıp,Tıbbi Etik
1875,173,Sağlık Politikaları ve Hizmetleri,Sosyal > Sosyal > Sağlık Politikaları ve Hizmetleri,Sosyal,True,Sosyal,Sosyal,Sağlık Politikaları ve Hizmetleri
1876,192,Tıbbi Etik,Fen > Tıp > Tıbbi Etik,Fen,True,Fen,Tıp,Tıbbi Etik
1876,193,Tıbbi İnformatik,Fen > Tıp > Tıbbi İnformatik,Fen,True,Fen,Tıp,Tıbbi İnformatik
1876,200,Üroloji ve Nefroloji,Fen > Tıp > Üroloji ve Nefroloji,Fen,True,Fen,Tıp,Üroloji ve Nefroloji
1878,71,"Fizik, Katı Hal","Fen > Temel Bilimler > Fizik, Katı Hal",Fen,True,Fen,Temel Bilimler,"Fizik, Katı Hal"
1878,154,Optik,Fen > Temel Bilimler > Optik,Fen,True,Fen,Temel Bilimler,Optik
1879,72,"Fizik, Matematik","Fen > Temel Bilimler > Fizik, Matematik",Fen,True,Fen,Temel Bilimler,"Fizik, Matematik"
1879,154,Optik,Fen > Temel Bilimler > Optik,Fen,True,Fen,Temel Bilimler,Optik
1881,125,"Malzeme Bilimleri, Kaplamalar ve Filmler","Fen > Mühendislik > Malzeme Bilimleri, Kaplamalar ve Filmler",Fen,True,Fen,Mühendislik,"Malzeme Bilimleri, Kaplamalar ve Filmler"
1881,71,"Fizik, Katı Hal","Fen > Temel Bilimler > Fizik, Katı Hal",Fen,True,Fen,Temel Bilimler,"Fizik, Katı Hal"
1881,154,Optik,Fen > Temel Bilimler > Optik,Fen,True,Fen,Temel Bilimler,Optik
1883,43,Çevre Bilimleri,Fen > Temel Bilimler > Çevre Bilimleri,Fen,True,Fen,Temel Bilimler,Çevre Bilimleri
1883,154,Optik,Fen > Temel Bilimler > Optik,Fen,True,Fen,Temel Bilimler,Optik
1887,32,"Bilgisayar Bilimleri, Yapay Zeka","Fen > Mühendislik > Bilgisayar Bilimleri, Yapay Zeka",Fen,True,Fen,Mühendislik,"Bilgisayar Bilimleri, Yapay Zeka"
1887,15,Alerji,Fen > Tıp > Alerji,Fen,True,Fen,Tıp,Alerji
1889,15,Alerji,Fen > Tıp > Alerji,Fen,True,Fen,Tıp,Alerji
1889,166,Psikiyatri,Fen > Tıp > Psikiyatri,Fen,True,Fen,Tıp,Psikiyatri
1891,15,Alerji,Fen > Tıp > Alerji,Fen,True,Fen,Tıp,Alerji
1892,15,Alerji,Fen > Tıp > Alerji,Fen,True,Fen,Tıp,Alerji
1892,163,Pediatri,Fen > Tıp > Pediatri,Fen,True,Fen,Tıp,Pediatri
1894,11,Acil Tıp,Fen > Tıp > Acil Tıp,Fen,True,Fen,Tıp,Acil Tıp
1894,15,Alerji,Fen > Tıp > Alerji,Fen,True,Fen,Tıp,Alerji
1895,15,Alerji,Fen > Tıp > Alerji,Fen,True,Fen,Tıp,Alerji
1895,177,Solunum Sistemi,Fen > Tıp > Solunum Sistemi,Fen,True,Fen,Tıp,Solunum Sistemi
1897,70,"Fizik, Atomik ve Moleküler Kimya","Fen > Temel Bilimler > Fizik, Atomik ve Moleküler Kimya",Fen,True,Fen,Temel Bilimler,"Fizik, Atomik ve Moleküler Kimya"
1897,112,"Kimya, Organik","Fen > Temel Bilimler > Kimya, Organik",Fen,True,Fen,Temel Bilimler,"Kimya, Organik"
1898,70,"Fizik, Atomik ve Moleküler Kimya","Fen > Temel Bilimler > Fizik, Atomik ve Moleküler Kimya",Fen,True,Fen,Temel Bilimler,"Fizik, Atomik ve Moleküler Kimya"
1898,112,"Kimya, Organik","Fen > Temel Bilimler > Kimya, Organik",Fen,True,Fen,Temel Bilimler,"Kimya, Organik"
1899,70,"Fizik, Atomik ve Moleküler Kimya","Fen > Temel Bilimler > Fizik, Atomik ve Moleküler Kimya",Fen,True,Fen,Temel Bilimler,"Fizik, Atomik ve Moleküler Kimya"
1899,112,"Kimya, Organik","Fen > Temel Bilimler > Kimya, Organik",Fen,True,Fen,Temel Bilimler,"Kimya, Organik"
1900,151,Nükleer Bilim ve Teknolojisi,Fen > Mühendislik > Nükleer Bilim ve Teknolojisi,Fen,True,Fen,Mühendislik,Nükleer Bilim ve Teknolojisi
1900,70,"Fizik, Atomik ve Moleküler Kimya","Fen > Temel Bilimler > Fizik, Atomik ve Moleküler Kimya",Fen,True,Fen,Temel Bilimler,"Fizik, Atomik ve Moleküler Kimya"
1901,70,"Fizik, Atomik ve Moleküler Kimya","Fen > Temel Bilimler > Fizik, Atomik ve Moleküler Kimya",Fen,True,Fen,Temel Bilimler,"Fizik, Atomik ve Moleküler Kimya"
1902,70,"Fizik, Atomik ve Moleküler Kimya","Fen > Temel Bilimler > Fizik, Atomik ve Moleküler Kimya",Fen,True,Fen,Temel Bilimler,"Fizik, Atomik ve Moleküler Kimya"
1902,112,"Kimya, Organik","Fen > Temel Bilimler > Kimya, Organik",Fen,True,Fen,Temel Bilimler,"Kimya, Organik"
1903,32,"Bilgisayar Bilimleri, Yapay Zeka","Fen > Mühendislik > Bilgisayar Bilimleri, Yapay Zeka",Fen,True,Fen,Mühendislik,"Bilgisayar Bilimleri, Yapay Zeka"
1903,70,"Fizik, Atomik ve Moleküler Kimya","Fen > Temel Bilimler > Fizik, Atomik ve Moleküler Kimya",Fen,True,Fen,Temel Bilimler,"Fizik, Atomik ve Moleküler Kimya"
1904,141,"Mühendislik, Elektrik ve Elektronik","Fen > Mühendislik > Mühendislik, Elektrik ve Elektronik",Fen,True,Fen,Mühendislik,"Mühendislik, Elektrik ve Elektronik"
1904,70,"Fizik, Atomik ve Moleküler Kimya","Fen > Temel Bilimler > Fizik, Atomik ve Moleküler Kimya",Fen,True,Fen,Temel Bilimler,"Fizik, Atomik ve Moleküler Kimya"
1905,70,"Fizik, Atomik ve Moleküler Kimya","Fen > Temel Bilimler > Fizik, Atomik ve Moleküler Kimya",Fen,True,Fen,Temel Bilimler,"Fizik, Atomik ve Moleküler Kimya"
1905,71,"Fizik, Katı Hal","Fen > Temel Bilimler > Fizik, Katı Hal",Fen,True,Fen,Temel Bilimler,"Fizik, Katı Hal"
1905,77,Fizyoloji,Fen > Tıp > Fizyoloji,Fen,True,Fen,Tıp,Fizyoloji
1906,70,"Fizik, Atomik ve Moleküler Kimya","Fen > Temel Bilimler > Fizik, Atomik ve Moleküler Kimya",Fen,True,Fen,Temel Bilimler,"Fizik, Atomik ve Moleküler Kimya"
1906,37,Biyokimya ve Moleküler Biyoloji,Fen > Tıp > Biyokimya ve Moleküler Biyoloji,Fen,True,Fen,Tıp,Biyokimya ve Moleküler Biyoloji
1906,153,Onkoloji,Fen > Tıp > Onkoloji,Fen,True,Fen,Tıp,Onkoloji
1911,138,Mineraloji,Fen > Temel Bilimler > Mineraloji,Fen,True,Fen,Temel Bilimler,Mineraloji
1911,190,Termodinamik,Fen > Temel Bilimler > Termodinamik,Fen,True,Fen,Temel Bilimler,Termodinamik
1912,104,Jeoloji,Fen > Mühendislik > Jeoloji,Fen,True,Fen,Mühendislik,Jeoloji
1912,143,"Mühendislik, Jeoloji","Fen > Mühendislik > Mühendislik, Jeoloji",Fen,True,Fen,Mühendislik,"Mühendislik, Jeoloji"
1912,138,Mineraloji,Fen > Temel Bilimler > Mineraloji,Fen,True,Fen,Temel Bilimler,Mineraloji
1914,114,"Kimya, Uygulamalı","Fen > Temel Bilimler > Kimya, Uygulamalı",Fen,True,Fen,Temel Bilimler,"Kimya, Uygulamalı"
1914,132,Matematik,Fen > Temel Bilimler > Matematik,Fen,True,Fen,Temel Bilimler,Matematik
1914,138,Mineraloji,Fen > Temel Bilimler > Mineraloji,Fen,True,Fen,Temel Bilimler,Mineraloji
1915,98,İnşaat ve Yapı Teknolojisi,Fen > Mühendislik > İnşaat ve Yapı Teknolojisi,Fen,True,Fen,Mühendislik,İnşaat ve Yapı Teknolojisi
1915,138,Mineraloji,Fen > Temel Bilimler > Mineraloji,Fen,True,Fen,Temel Bilimler,Mineraloji
1915,200,Üroloji ve Nefroloji,Fen > Tıp > Üroloji ve Nefroloji,Fen,True,Fen,Tıp,Üroloji ve Nefroloji
1916,138,Mineraloji,Fen > Temel Bilimler > Mineraloji,Fen,True,Fen,Temel Bilimler,Mineraloji
1916,160,Paleontoloji,Fen > Temel Bilimler > Paleontoloji,Fen,True,Fen,Temel Bilimler,Paleontoloji
1922,61,Enfeksiyon Hastalıkları,Fen > Tıp > Enfeksiyon Hastalıkları,Fen,True,Fen,Tıp,Enfeksiyon Hastalıkları
1922,79,Gastroenteroloji ve Hepatoloji,Fen > Tıp > Gastroenteroloji ve Hepatoloji,Fen,True,Fen,Tıp,Gastroenteroloji ve Hepatoloji
1922,197,Transplantasyon,Fen > Tıp > Transplantasyon,Fen,True,Fen,Tıp,Transplantasyon
1923,197,Transplantasyon,Fen > Tıp > Transplantasyon,Fen,True,Fen,Tıp,Transplantasyon
1924,61,Enfeksiyon Hastalıkları,Fen > Tıp > Enfeksiyon Hastalıkları,Fen,True,Fen,Tıp,Enfeksiyon Hastalıkları
1924,163,Pediatri,Fen > Tıp > Pediatri,Fen,True,Fen,Tıp,Pediatri
1924,197,Transplantasyon,Fen > Tıp > Transplantasyon,Fen,True,Fen,Tıp,Transplantasyon
1925,41,Cerrahi,Fen > Tıp > Cerrahi,Fen,True,Fen,Tıp,Cerrahi
1925,82,Geriatri ve Gerontoloji,Fen > Tıp > Geriatri ve Gerontoloji,Fen,True,Fen,Tıp,Geriatri ve Gerontoloji
1925,197,Transplantasyon,Fen > Tıp > Transplantasyon,Fen,True,Fen,Tıp,Transplantasyon
1926,58,Endokrinoloji ve Metabolizma,Fen > Tıp > Endokrinoloji ve Metabolizma,Fen,True,Fen,Tıp,Endokrinoloji ve Metabolizma
1926,107,Kalp ve Kalp Damar Sistemi,Fen > Tıp > Kalp ve Kalp Damar Sistemi,Fen,True,Fen,Tıp,Kalp ve Kalp Damar Sistemi
1926,197,Transplantasyon,Fen > Tıp > Transplantasyon,Fen,True,Fen,Tıp,Transplantasyon
1927,126,"Malzeme Bilimleri, Kompozitler","Fen > Mühendislik > Malzeme Bilimleri, Kompozitler",Fen,True,Fen,Mühendislik,"Malzeme Bilimleri, Kompozitler"
1927,141,"Mühendislik, Elektrik ve Elektronik","Fen > Mühendislik > Mühendislik, Elektrik ve Elektronik",Fen,True,Fen,Mühendislik,"Mühendislik, Elektrik ve Elektronik"
1927,188,Telekomünikasyon,Fen > Mühendislik > Telekomünikasyon,Fen,True,Fen,Mühendislik,Telekomünikasyon
1928,126,"Malzeme Bilimleri, Kompozitler","Fen > Mühendislik > Malzeme Bilimleri, Kompozitler",Fen,True,Fen,Mühendislik,"Malzeme Bilimleri, Kompozitler"
1929,126,"Malzeme Bilimleri, Kompozitler","Fen > Mühendislik > Malzeme Bilimleri, Kompozitler",Fen,True,Fen,Mühendislik,"Malzeme Bilimleri, Kompozitler"
1929,148,Nanobilim ve Nanoteknoloji,Fen > Mühendislik > Nanobilim ve Nanoteknoloji,Fen,True,Fen,Mühendislik,Nanobilim ve Nanoteknoloji
1929,165,Polimer Bilimi,Fen > Mühendislik > Polimer Bilimi,Fen,True,Fen,Mühendislik,Polimer Bilimi
1933,98,İnşaat ve Yapı Teknolojisi,Fen > Mühendislik > İnşaat ve Yapı Teknolojisi,Fen,True,Fen,Mühendislik,İnşaat ve Yapı Teknolojisi
1933,126,"Malzeme Bilimleri, Kompozitler","Fen > Mühendislik > Malzeme Bilimleri, Kompozitler",Fen,True,Fen,Mühendislik,"Malzeme Bilimleri, Kompozitler"
1933,203,"Yeşil, Sürdürülebilir Bilim ve Teknoloji","Fen > Mühendislik > Yeşil, Sürdürülebilir Bilim ve Teknoloji",Fen,True,Fen,Mühendislik,"Yeşil, Sürdürülebilir Bilim ve Teknoloji"
1934,126,"Malzeme Bilimleri, Kompozitler","Fen > Mühendislik > Malzeme Bilimleri, Kompozitler",Fen,True,Fen,Mühendislik,"Malzeme Bilimleri, Kompozitler"
1934,148,Nanobilim ve Nanoteknoloji,Fen > Mühendislik > Nanobilim ve Nanoteknoloji,Fen,True,Fen,Mühendislik,Nanobilim ve Nanoteknoloji
1934,165,Polimer Bilimi,Fen > Mühendislik > Polimer Bilimi,Fen,True,Fen,Mühendislik,Polimer Bilimi
1936,126,"Malzeme Bilimleri, Kompozitler","Fen > Mühendislik > Malzeme Bilimleri, Kompozitler",Fen,True,Fen,Mühendislik,"Malzeme Bilimleri, Kompozitler"
1936,145,"Mühendislik, Makine","Fen > Mühendislik > Mühendislik, Makine",Fen,True,Fen,Mühendislik,"Mühendislik, Makine"
1937,151,Nükleer Bilim ve Teknolojisi,Fen > Mühendislik > Nükleer Bilim ve Teknolojisi,Fen,True,Fen,Mühendislik,Nükleer Bilim ve Teknolojisi
1937,71,"Fizik, Katı Hal","Fen > Temel Bilimler > Fizik, Katı Hal",Fen,True,Fen,Temel Bilimler,"Fizik, Katı Hal"
1942,148,Nanobilim ve Nanoteknoloji,Fen > Mühendislik > Nanobilim ve Nanoteknoloji,Fen,True,Fen,Mühendislik,Nanobilim ve Nanoteknoloji
1942,71,"Fizik, Katı Hal","Fen > Temel Bilimler > Fizik, Katı Hal",Fen,True,Fen,Temel Bilimler,"Fizik, Katı Hal"
1944,148,Nanobilim ve Nanoteknoloji,Fen > Mühendislik > Nanobilim ve Nanoteknoloji,Fen,True,Fen,Mühendislik,Nanobilim ve Nanoteknoloji
1944,71,"Fizik, Katı Hal","Fen > Temel Bilimler > Fizik, Katı Hal",Fen,True,Fen,Temel Bilimler,"Fizik, Katı Hal"
1944,114,"Kimya, Uygulamalı","Fen > Temel Bilimler > Kimya, Uygulamalı",Fen,True,Fen,Temel Bilimler,"Kimya, Uygulamalı"
1945,133,Metalürji Mühendisliği,Fen > Mühendislik > Metalürji Mühendisliği,Fen,True,Fen,Mühendislik,Metalürji Mühendisliği
1945,71,"Fizik, Katı Hal","Fen > Temel Bilimler > Fizik, Katı Hal",Fen,True,Fen,Temel Bilimler,"Fizik, Katı Hal"
1946,126,"Malzeme Bilimleri, Kompozitler","Fen > Mühendislik > Malzeme Bilimleri, Kompozitler",Fen,True,Fen,Mühendislik,"Malzeme Bilimleri, Kompozitler"
1946,71,"Fizik, Katı Hal","Fen > Temel Bilimler > Fizik, Katı Hal",Fen,True,Fen,Temel Bilimler,"Fizik, Katı Hal"
1947,77,Fizyoloji,Fen > Tıp > Fizyoloji,Fen,True,Fen,Tıp,Fizyoloji
1947,163,Pediatri,Fen > Tıp > Pediatri,Fen,True,Fen,Tıp,Pediatri
1947,168,"Radyoloji, Nükleer Tıp, Tıbbi Görüntüleme","Fen > Tıp > Radyoloji, Nükleer Tıp, Tıbbi Görüntüleme",Fen,True,Fen,Tıp,"Radyoloji, Nükleer Tıp, Tıbbi Görüntüleme"
1950,77,Fizyoloji,Fen > Tıp > Fizyoloji,Fen,True,Fen,Tıp,Fizyoloji
1950,169,Rehabilitasyon,Fen > Tıp > Rehabilitasyon,Fen,True,Fen,Tıp,Rehabilitasyon
1951,139,"Mühendislik, Biyotıp","Fen > Mühendislik > Mühendislik, Biyotıp",Fen,True,Fen,Mühendislik,"Mühendislik, Biyotıp"
1951,77,Fizyoloji,Fen > Tıp > Fizyoloji,Fen,True,Fen,Tıp,Fizyoloji
1951,157,Ortopedi,Fen > Tıp > Ortopedi,Fen,True,Fen,Tıp,Ortopedi
1952,52,Diş Hekimliği,Fen > Diş Hekimliği > Diş Hekimliği,Fen,True,Fen,Diş Hekimliği,Diş Hekimliği
1952,77,Fizyoloji,Fen > Tıp > Fizyoloji,Fen,True,Fen,Tıp,Fizyoloji
1953,77,Fizyoloji,Fen > Tıp > Fizyoloji,Fen,True,Fen,Tıp,Fizyoloji
1953,166,Psikiyatri,Fen > Tıp > Psikiyatri,Fen,True,Fen,Tıp,Psikiyatri
1953,177,Solunum Sistemi,Fen > Tıp > Solunum Sistemi,Fen,True,Fen,Tıp,Solunum Sistemi
1954,77,Fizyoloji,Fen > Tıp > Fizyoloji,Fen,True,Fen,Tıp,Fizyoloji
1954,181,Spor Bilimleri,Fen > Tıp > Spor Bilimleri,Fen,True,Fen,Tıp,Spor Bilimleri
1955,77,Fizyoloji,Fen > Tıp > Fizyoloji,Fen,True,Fen,Tıp,Fizyoloji
1955,87,Halk ve Çevre Sağlığı,Fen > Tıp > Halk ve Çevre Sağlığı,Fen,True,Fen,Tıp,Halk ve Çevre Sağlığı
1956,77,Fizyoloji,Fen > Tıp > Fizyoloji,Fen,True,Fen,Tıp,Fizyoloji
1957,32,"Bilgisayar Bilimleri, Yapay Zeka","Fen > Mühendislik > Bilgisayar Bilimleri, Yapay Zeka",Fen,True,Fen,Mühendislik,"Bilgisayar Bilimleri, Yapay Zeka"
1957,170,Robotik,Fen > Mühendislik > Robotik,Fen,True,Fen,Mühendislik,Robotik
1957,169,Rehabilitasyon,Fen > Tıp > Rehabilitasyon,Fen,True,Fen,Tıp,Rehabilitasyon
1959,59,Endüstri Mühendisliği,Fen > Mühendislik > Endüstri Mühendisliği,Fen,True,Fen,Mühendislik,Endüstri Mühendisliği
1959,170,Robotik,Fen > Mühendislik > Robotik,Fen,True,Fen,Mühendislik,Robotik
1960,59,Endüstri Mühendisliği,Fen > Mühendislik > Endüstri Mühendisliği,Fen,True,Fen,Mühendislik,Endüstri Mühendisliği
1960,170,Robotik,Fen > Mühendislik > Robotik,Fen,True,Fen,Mühendislik,Robotik
1963,32,"Bilgisayar Bilimleri, Yapay Zeka","Fen > Mühendislik > Bilgisayar Bilimleri, Yapay Zeka",Fen,True,Fen,Mühendislik,"Bilgisayar Bilimleri, Yapay Zeka"
1963,139,"Mühendislik, Biyotıp","Fen > Mühendislik > Mühendislik, Biyotıp",Fen,True,Fen,Mühendislik,"Mühendislik, Biyotıp"
1963,170,Robotik,Fen > Mühendislik > Robotik,Fen,True,Fen,Mühendislik,Robotik
1964,32,"Bilgisayar Bilimleri, Yapay Zeka","Fen > Mühendislik > Bilgisayar Bilimleri, Yapay Zeka",Fen,True,Fen,Mühendislik,"Bilgisayar Bilimleri, Yapay Zeka"
1964,139,"Mühendislik, Biyotıp","Fen > Mühendislik > Mühendislik, Biyotıp",Fen,True,Fen,Mühendislik,"Mühendislik, Biyotıp"
1964,170,Robotik,Fen > Mühendislik > Robotik,Fen,True,Fen,Mühendislik,Robotik
1965,32,"Bilgisayar Bilimleri, Yapay Zeka","Fen > Mühendislik > Bilgisayar Bilimleri, Yapay Zeka",Fen,True,Fen,Mühendislik,"Bilgisayar Bilimleri, Yapay Zeka"
1965,170,Robotik,Fen > Mühendislik > Robotik,Fen,True,Fen,Mühendislik,Robotik
1965,205,Ziraat Mühendisliği,Fen > Ziraat > Ziraat Mühendisliği,Fen,True,Fen,Ziraat,Ziraat Mühendisliği
1966,32,"Bilgisayar Bilimleri, Yapay Zeka","Fen > Mühendislik > Bilgisayar Bilimleri, Yapay Zeka",Fen,True,Fen,Mühendislik,"Bilgisayar Bilimleri, Yapay Zeka"
1966,170,Robotik,Fen > Mühendislik > Robotik,Fen,True,Fen,Mühendislik,Robotik
1966,205,Ziraat Mühendisliği,Fen > Ziraat > Ziraat Mühendisliği,Fen,True,Fen,Ziraat,Ziraat Mühendisliği
1970,142,"Mühendislik, Hava ve Uzay","Fen > Mühendislik > Mühendislik, Hava ve Uzay",Fen,True,Fen,Mühendislik,"Mühendislik, Hava ve Uzay"
1970,187,Taşınım Bilimi ve Teknolojisi,Fen > Mühendislik > Taşınım Bilimi ve Teknolojisi,Fen,True,Fen,Mühendislik,Taşınım Bilimi ve Teknolojisi
1970,101,İşletme,Sosyal > Sosyal > İşletme,Sosyal,True,Sosyal,Sosyal,İşletme
1971,32,"Bilgisayar Bilimleri, Yapay Zeka","Fen > Mühendislik > Bilgisayar Bilimleri, Yapay Zeka",Fen,True,Fen,Mühendislik,"Bilgisayar Bilimleri, Yapay Zeka"
1971,142,"Mühendislik, Hava ve Uzay","Fen > Mühendislik > Mühendislik, Hava ve Uzay",Fen,True,Fen,Mühendislik,"Mühendislik, Hava ve Uzay"
1972,142,"Mühendislik, Hava ve Uzay","Fen > Mühendislik > Mühendislik, Hava ve Uzay",Fen,True,Fen,Mühendislik,"Mühendislik, Hava ve Uzay"
1972,145,"Mühendislik, Makine","Fen > Mühendislik > Mühendislik, Makine",Fen,True,Fen,Mühendislik,"Mühendislik, Makine"
1973,32,"Bilgisayar Bilimleri, Yapay Zeka","Fen > Mühendislik > Bilgisayar Bilimleri, Yapay Zeka",Fen,True,Fen,Mühendislik,"Bilgisayar Bilimleri, Yapay Zeka"
1973,142,"Mühendislik, Hava ve Uzay","Fen > Mühendislik > Mühendislik, Hava ve Uzay",Fen,True,Fen,Mühendislik,"Mühendislik, Hava ve Uzay"
1974,142,"Mühendislik, Hava ve Uzay","Fen > Mühendislik > Mühendislik, Hava ve Uzay",Fen,True,Fen,Mühendislik,"Mühendislik, Hava ve Uzay"
1974,175,Savunma Bilimleri,Fen > Mühendislik > Savunma Bilimleri,Fen,True,Fen,Mühendislik,Savunma Bilimleri
1974,93,İktisat,Sosyal > Sosyal > İktisat,Sosyal,True,Sosyal,Sosyal,İktisat
1975,142,"Mühendislik, Hava ve Uzay","Fen > Mühendislik > Mühendislik, Hava ve Uzay",Fen,True,Fen,Mühendislik,"Mühendislik, Hava ve Uzay"
1975,145,"Mühendislik, Makine","Fen > Mühendislik > Mühendislik, Makine",Fen,True,Fen,Mühendislik,"Mühendislik, Makine"
1976,141,"Mühendislik, Elektrik ve Elektronik","Fen > Mühendislik > Mühendislik, Elektrik ve Elektronik",Fen,True,Fen,Mühendislik,"Mühendislik, Elektrik ve Elektronik"
1976,142,"Mühendislik, Hava ve Uzay","Fen > Mühendislik > Mühendislik, Hava ve Uzay",Fen,True,Fen,Mühendislik,"Mühendislik, Hava ve Uzay"
1978,86,Halkla İlişkiler,Sosyal > Sosyal > Halkla İlişkiler,Sosyal,True,Sosyal,Sosyal,Halkla İlişkiler
1978,101,İşletme,Sosyal > Sosyal > İşletme,Sosyal,True,Sosyal,Sosyal,İşletme
1979,86,Halkla İlişkiler,Sosyal > Sosyal > Halkla İlişkiler,Sosyal,True,Sosyal,Sosyal,Halkla İlişkiler
1979,94,İletişim,Sosyal > Sosyal > İletişim,Sosyal,True,Sosyal,Sosyal,İletişim
1979,174,Sanat,Sosyal > Sosyal > Sanat,Sosyal,True,Sosyal,Sosyal,Sanat
1980,86,Halkla İlişkiler,Sosyal > Sosyal > Halkla İlişkiler,Sosyal,True,Sosyal,Sosyal,Halkla İlişkiler
1980,101,İşletme,Sosyal > Sosyal > İşletme,Sosyal,True,Sosyal,Sosyal,İşletme
1981,86,Halkla İlişkiler,Sosyal > Sosyal > Halkla İlişkiler,Sosyal,True,Sosyal,Sosyal,Halkla İlişkiler
1981,94,İletişim,Sosyal > Sosyal > İletişim,Sosyal,True,Sosyal,Sosyal,İletişim
1981,159,"Otelcilik, Konaklama, Spor ve Turizm","Sosyal > Sosyal > Otelcilik, Konaklama, Spor ve Turizm",Sosyal,True,Sosyal,Sosyal,"Otelcilik, Konaklama, Spor ve Turizm"
1982,86,Halkla İlişkiler,Sosyal > Sosyal > Halkla İlişkiler,Sosyal,True,Sosyal,Sosyal,Halkla İlişkiler
1982,94,İletişim,Sosyal > Sosyal > İletişim,Sosyal,True,Sosyal,Sosyal,İletişim
1982,101,İşletme,Sosyal > Sosyal > İşletme,Sosyal,True,Sosyal,Sosyal,İşletme
1983,86,Halkla İlişkiler,Sosyal > Sosyal > Halkla İlişkiler,Sosyal,True,Sosyal,Sosyal,Halkla İlişkiler
1983,94,İletişim,Sosyal > Sosyal > İletişim,Sosyal,True,Sosyal,Sosyal,İletişim
1984,19,Antropoloji,Sosyal > Sosyal > Antropoloji,Sosyal,True,Sosyal,Sosyal,Antropoloji
1984,86,Halkla İlişkiler,Sosyal > Sosyal > Halkla İlişkiler,Sosyal,True,Sosyal,Sosyal,Halkla İlişkiler
1984,94,İletişim,Sosyal > Sosyal > İletişim,Sosyal,True,Sosyal,Sosyal,İletişim
1984,109,Kentsel Çalışmalar,Sosyal > Sosyal > Kentsel Çalışmalar,Sosyal,True,Sosyal,Sosyal,Kentsel Çalışmalar
1985,86,Halkla İlişkiler,Sosyal > Sosyal > Halkla İlişkiler,Sosyal,True,Sosyal,Sosyal,Halkla İlişkiler
1985,119,Kültürel Çalışmalar,Sosyal > Sosyal > Kültürel Çalışmalar,Sosyal,True,Sosyal,Sosyal,Kültürel Çalışmalar
1985,199,Uluslararası İlişkiler,Sosyal > Sosyal > Uluslararası İlişkiler,Sosyal,True,Sosyal,Sosyal,Uluslararası İlişkiler
1986,86,Halkla İlişkiler,Sosyal > Sosyal > Halkla İlişkiler,Sosyal,True,Sosyal,Sosyal,Halkla İlişkiler
1986,93,İktisat,Sosyal > Sosyal > İktisat,Sosyal,True,Sosyal,Sosyal,İktisat
1986,199,Uluslararası İlişkiler,Sosyal > Sosyal > Uluslararası İlişkiler,Sosyal,True,Sosyal,Sosyal,Uluslararası İlişkiler
1987,72,"Fizik, Matematik","Fen > Temel Bilimler > Fizik, Matematik",Fen,True,Fen,Temel Bilimler,"Fizik, Matematik"
1988,72,"Fizik, Matematik","Fen > Temel Bilimler > Fizik, Matematik",Fen,True,Fen,Temel Bilimler,"Fizik, Matematik"
1991,72,"Fizik, Matematik","Fen > Temel Bilimler > Fizik, Matematik",Fen,True,Fen,Temel Bilimler,"Fizik, Matematik"
1991,132,Matematik,Fen > Temel Bilimler > Matematik,Fen,True,Fen,Temel Bilimler,Matematik
1992,72,"Fizik, Matematik","Fen > Temel Bilimler > Fizik, Matematik",Fen,True,Fen,Temel Bilimler,"Fizik, Matematik"
1993,72,"Fizik, Matematik","Fen > Temel Bilimler > Fizik, Matematik",Fen,True,Fen,Temel Bilimler,"Fizik, Matematik"
1993,132,Matematik,Fen > Temel Bilimler > Matematik,Fen,True,Fen,Temel Bilimler,Matematik
1994,72,"Fizik, Matematik","Fen > Temel Bilimler > Fizik, Matematik",Fen,True,Fen,Temel Bilimler,"Fizik, Matematik"
1995,97,İnşaat Mühendisliği,Fen > Mühendislik > İnşaat Mühendisliği,Fen,True,Fen,Mühendislik,İnşaat Mühendisliği
1995,72,"Fizik, Matematik","Fen > Temel Bilimler > Fizik, Matematik",Fen,True,Fen,Temel Bilimler,"Fizik, Matematik"
1996,97,İnşaat Mühendisliği,Fen > Mühendislik > İnşaat Mühendisliği,Fen,True,Fen,Mühendislik,İnşaat Mühendisliği
1996,72,"Fizik, Matematik","Fen > Temel Bilimler > Fizik, Matematik",Fen,True,Fen,Temel Bilimler,"Fizik, Matematik"
1998,155,Orman Mühendisliği,Fen > Mühendislik > Orman Mühendisliği,Fen,True,Fen,Mühendislik,Orman Mühendisliği
1998,165,Polimer Bilimi,Fen > Mühendislik > Polimer Bilimi,Fen,True,Fen,Mühendislik,Polimer Bilimi
2008,43,Çevre Bilimleri,Fen > Temel Bilimler > Çevre Bilimleri,Fen,True,Fen,Temel Bilimler,Çevre Bilimleri
2008,180,Spektroskopi,Fen > Temel Bilimler > Spektroskopi,Fen,True,Fen,Temel Bilimler,Spektroskopi
2008,182,Su Kaynakları,Fen > Temel Bilimler > Su Kaynakları,Fen,True,Fen,Temel Bilimler,Su Kaynakları
2009,110,"Kimya, Analitik","Fen > Temel Bilimler > Kimya, Analitik",Fen,True,Fen,Temel Bilimler,"Kimya, Analitik"
2009,114,"Kimya, Uygulamalı","Fen > Temel Bilimler > Kimya, Uygulamalı",Fen,True,Fen,Temel Bilimler,"Kimya, Uygulamalı"
2009,180,Spektroskopi,Fen > Temel Bilimler > Spektroskopi,Fen,True,Fen,Temel Bilimler,Spektroskopi
2010,66,Farmakoloji ve Eczacılık,Fen > Eczacılık > Farmakoloji ve Eczacılık,Fen,True,Fen,Eczacılık,Farmakoloji ve Eczacılık
2010,110,"Kimya, Analitik","Fen > Temel Bilimler > Kimya, Analitik",Fen,True,Fen,Temel Bilimler,"Kimya, Analitik"
2010,180,Spektroskopi,Fen > Temel Bilimler > Spektroskopi,Fen,True,Fen,Temel Bilimler,Spektroskopi
2011,110,"Kimya, Analitik","Fen > Temel Bilimler > Kimya, Analitik",Fen,True,Fen,Temel Bilimler,"Kimya, Analitik"
2011,114,"Kimya, Uygulamalı","Fen > Temel Bilimler > Kimya, Uygulamalı",Fen,True,Fen,Temel Bilimler,"Kimya, Uygulamalı"
2011,180,Spektroskopi,Fen > Temel Bilimler > Spektroskopi,Fen,True,Fen,Temel Bilimler,Spektroskopi
2012,160,Paleontoloji,Fen > Temel Bilimler > Paleontoloji,Fen,True,Fen,Temel Bilimler,Paleontoloji
2012,180,Spektroskopi,Fen > Temel Bilimler > Spektroskopi,Fen,True,Fen,Temel Bilimler,Spektroskopi
2012,202,Viroloji,Fen > Temel Bilimler > Viroloji,Fen,True,Fen,Temel Bilimler,Viroloji
2014,136,Mikroskopi,Fen > Temel Bilimler > Mikroskopi,Fen,True,Fen,Temel Bilimler,Mikroskopi
2014,138,Mineraloji,Fen > Temel Bilimler > Mineraloji,Fen,True,Fen,Temel Bilimler,Mineraloji
2014,180,Spektroskopi,Fen > Temel Bilimler > Spektroskopi,Fen,True,Fen,Temel Bilimler,Spektroskopi
2015,180,Spektroskopi,Fen > Temel Bilimler > Spektroskopi,Fen,True,Fen,Temel Bilimler,Spektroskopi
2015,37,Biyokimya ve Moleküler Biyoloji,Fen > Tıp > Biyokimya ve Moleküler Biyoloji,Fen,True,Fen,Tıp,Biyokimya ve Moleküler Biyoloji
2015,201,Veterinerlik,Fen > Veterinerlik > Veterinerlik,Fen,True,Fen,Veterinerlik,Veterinerlik
2016,75,"Fizik, Partiküller ve Alanlar","Fen > Temel Bilimler > Fizik, Partiküller ve Alanlar",Fen,True,Fen,Temel Bilimler,"Fizik, Partiküller ve Alanlar"
2016,136,Mikroskopi,Fen > Temel Bilimler > Mikroskopi,Fen,True,Fen,Temel Bilimler,Mikroskopi
2016,154,Optik,Fen > Temel Bilimler > Optik,Fen,True,Fen,Temel Bilimler,Optik
2016,180,Spektroskopi,Fen > Temel Bilimler > Spektroskopi,Fen,True,Fen,Temel Bilimler,Spektroskopi
2018,156,Ortaçağ ve Rönesans Çalışmaları,Sosyal > Sosyal > Ortaçağ ve Rönesans Çalışmaları,Sosyal,True,Sosyal,Sosyal,Ortaçağ ve Rönesans Çalışmaları
2018,185,Tarih,Sosyal > Sosyal > Tarih,Sosyal,True,Sosyal,Sosyal,Tarih
2019,156,Ortaçağ ve Rönesans Çalışmaları,Sosyal > Sosyal > Ortaçağ ve Rönesans Çalışmaları,Sosyal,True,Sosyal,Sosyal,Ortaçağ ve Rönesans Çalışmaları
2019,185,Tarih,Sosyal > Sosyal > Tarih,Sosyal,True,Sosyal,Sosyal,Tarih
2019,199,Uluslararası İlişkiler,Sosyal > Sosyal > Uluslararası İlişkiler,Sosyal,True,Sosyal,Sosyal,Uluslararası İlişkiler
2020,54,Edebiyat,Sosyal > Sosyal > Edebiyat,Sosyal,True,Sosyal,Sosyal,Edebiyat
2020,156,Ortaçağ ve Rönesans Çalışmaları,Sosyal > Sosyal > Ortaçağ ve Rönesans Çalışmaları,Sosyal,True,Sosyal,Sosyal,Ortaçağ ve Rönesans Çalışmaları
2020,174,Sanat,Sosyal > Sosyal > Sanat,Sosyal,True,Sosyal,Sosyal,Sanat
2021,54,Edebiyat,Sosyal > Sosyal > Edebiyat,Sosyal,True,Sosyal,Sosyal,Edebiyat
2021,156,Ortaçağ ve Rönesans Çalışmaları,Sosyal > Sosyal > Ortaçağ ve Rönesans Çalışmaları,Sosyal,True,Sosyal,Sosyal,Ortaçağ ve Rönesans Çalışmaları
2022,19,Antropoloji,Sosyal > Sosyal > Antropoloji,Sosyal,True,Sosyal,Sosyal,Antropoloji
2022,94,İletişim,Sosyal > Sosyal > İletişim,Sosyal,True,Sosyal,Sosyal,İletişim
2022,156,Ortaçağ ve Rönesans Çalışmaları,Sosyal > Sosyal > Ortaçağ ve Rönesans Çalışmaları,Sosyal,True,Sosyal,Sosyal,Ortaçağ ve Rönesans Çalışmaları
2022,176,Siyasi Bilimler,Sosyal > Sosyal > Siyasi Bilimler,Sosyal,True,Sosyal,Sosyal,Siyasi Bilimler
2022,179,Sosyoloji,Sosyal > Sosyal > Sosyoloji,Sosyal,True,Sosyal,Sosyal,Sosyoloji
2022,185,Tarih,Sosyal > Sosyal > Tarih,Sosyal,True,Sosyal,Sosyal,Tarih
2023,156,Ortaçağ ve Rönesans Çalışmaları,Sosyal > Sosyal > Ortaçağ ve Rönesans Çalışmaları,Sosyal,True,Sosyal,Sosyal,Ortaçağ ve Rönesans Çalışmaları
2023,185,Tarih,Sosyal > Sosyal > Tarih,Sosyal,True,Sosyal,Sosyal,Tarih
2023,199,Uluslararası İlişkiler,Sosyal > Sosyal > Uluslararası İlişkiler,Sosyal,True,Sosyal,Sosyal,Uluslararası İlişkiler
2024,156,Ortaçağ ve Rönesans Çalışmaları,Sosyal > Sosyal > Ortaçağ ve Rönesans Çalışmaları,Sosyal,True,Sosyal,Sosyal,Ortaçağ ve Rönesans Çalışmaları
2024,185,Tarih,Sosyal > Sosyal > Tarih,Sosyal,True,Sosyal,Sosyal,Tarih
2025,156,Ortaçağ ve Rönesans Çalışmaları,Sosyal > Sosyal > Ortaçağ ve Rönesans Çalışmaları,Sosyal,True,Sosyal,Sosyal,Ortaçağ ve Rönesans Çalışmaları
2025,185,Tarih,Sosyal > Sosyal > Tarih,Sosyal,True,Sosyal,Sosyal,Tarih
2026,156,Ortaçağ ve Rönesans Çalışmaları,Sosyal > Sosyal > Ortaçağ ve Rönesans Çalışmaları,Sosyal,True,Sosyal,Sosyal,Ortaçağ ve Rönesans Çalışmaları
2026,185,Tarih,Sosyal > Sosyal > Tarih,Sosyal,True,Sosyal,Sosyal,Tarih
2027,30,"Bilgisayar Bilimleri, Sibernitik","Fen > Mühendislik > Bilgisayar Bilimleri, Sibernitik",Fen,True,Fen,Mühendislik,"Bilgisayar Bilimleri, Sibernitik"
2027,33,"Bilgisayar Bilimleri, Yazılım Mühendisliği","Fen > Mühendislik > Bilgisayar Bilimleri, Yazılım Mühendisliği",Fen,True,Fen,Mühendislik,"Bilgisayar Bilimleri, Yazılım Mühendisliği"
2027,158,Oşinografi,Fen > Temel Bilimler > Oşinografi,Fen,True,Fen,Temel Bilimler,Oşinografi
2028,134,Meteoroloji ve Atmosferik Bilimler,Fen > Mühendislik > Meteoroloji ve Atmosferik Bilimler,Fen,True,Fen,Mühendislik,Meteoroloji ve Atmosferik Bilimler
2028,43,Çevre Bilimleri,Fen > Temel Bilimler > Çevre Bilimleri,Fen,True,Fen,Temel Bilimler,Çevre Bilimleri
2028,158,Oşinografi,Fen > Temel Bilimler > Oşinografi,Fen,True,Fen,Temel Bilimler,Oşinografi
2029,104,Jeoloji,Fen > Mühendislik > Jeoloji,Fen,True,Fen,Mühendislik,Jeoloji
2029,43,Çevre Bilimleri,Fen > Temel Bilimler > Çevre Bilimleri,Fen,True,Fen,Temel Bilimler,Çevre Bilimleri
2029,158,Oşinografi,Fen > Temel Bilimler > Oşinografi,Fen,True,Fen,Temel Bilimler,Oşinografi
2029,160,Paleontoloji,Fen > Temel Bilimler > Paleontoloji,Fen,True,Fen,Temel Bilimler,Paleontoloji
2030,43,Çevre Bilimleri,Fen > Temel Bilimler > Çevre Bilimleri,Fen,True,Fen,Temel Bilimler,Çevre Bilimleri
2030,158,Oşinografi,Fen > Temel Bilimler > Oşinografi,Fen,True,Fen,Temel Bilimler,Oşinografi
2031,43,Çevre Bilimleri,Fen > Temel Bilimler > Çevre Bilimleri,Fen,True,Fen,Temel Bilimler,Çevre Bilimleri
2031,48,Deniz ve Tatlı Su Biyolojisi,Fen > Temel Bilimler > Deniz ve Tatlı Su Biyolojisi,Fen,True,Fen,Temel Bilimler,Deniz ve Tatlı Su Biyolojisi
2031,158,Oşinografi,Fen > Temel Bilimler > Oşinografi,Fen,True,Fen,Temel Bilimler,Oşinografi
2032,43,Çevre Bilimleri,Fen > Temel Bilimler > Çevre Bilimleri,Fen,True,Fen,Temel Bilimler,Çevre Bilimleri
2032,158,Oşinografi,Fen > Temel Bilimler > Oşinografi,Fen,True,Fen,Temel Bilimler,Oşinografi
2032,35,Bitki Bilimleri,Fen > Ziraat > Bitki Bilimleri,Fen,True,Fen,Ziraat,Bitki Bilimleri
2033,43,Çevre Bilimleri,Fen > Temel Bilimler > Çevre Bilimleri,Fen,True,Fen,Temel Bilimler,Çevre Bilimleri
2033,158,Oşinografi,Fen > Temel Bilimler > Oşinografi,Fen,True,Fen,Temel Bilimler,Oşinografi
2033,182,Su Kaynakları,Fen > Temel Bilimler > Su Kaynakları,Fen,True,Fen,Temel Bilimler,Su Kaynakları
2034,43,Çevre Bilimleri,Fen > Temel Bilimler > Çevre Bilimleri,Fen,True,Fen,Temel Bilimler,Çevre Bilimleri
2034,158,Oşinografi,Fen > Temel Bilimler > Oşinografi,Fen,True,Fen,Temel Bilimler,Oşinografi
2035,158,Oşinografi,Fen > Temel Bilimler > Oşinografi,Fen,True,Fen,Temel Bilimler,Oşinografi
2035,44,Çevre Çalışmaları,Sosyal > Sosyal > Çevre Çalışmaları,Sosyal,True,Sosyal,Sosyal,Çevre Çalışmaları
2035,93,İktisat,Sosyal > Sosyal > İktisat,Sosyal,True,Sosyal,Sosyal,İktisat
2035,105,Kadın Araştırmaları,Sosyal > Sosyal > Kadın Araştırmaları,Sosyal,True,Sosyal,Sosyal,Kadın Araştırmaları
2036,143,"Mühendislik, Jeoloji","Fen > Mühendislik > Mühendislik, Jeoloji",Fen,True,Fen,Mühendislik,"Mühendislik, Jeoloji"
2036,138,Mineraloji,Fen > Temel Bilimler > Mineraloji,Fen,True,Fen,Temel Bilimler,Mineraloji
2036,158,Oşinografi,Fen > Temel Bilimler > Oşinografi,Fen,True,Fen,Temel Bilimler,Oşinografi
2039,124,"Malzeme Bilimleri, Kâğıt ve Ahşap","Fen > Mühendislik > Malzeme Bilimleri, Kâğıt ve Ahşap",Fen,True,Fen,Mühendislik,"Malzeme Bilimleri, Kâğıt ve Ahşap"
2039,155,Orman Mühendisliği,Fen > Mühendislik > Orman Mühendisliği,Fen,True,Fen,Mühendislik,Orman Mühendisliği
2040,124,"Malzeme Bilimleri, Kâğıt ve Ahşap","Fen > Mühendislik > Malzeme Bilimleri, Kâğıt ve Ahşap",Fen,True,Fen,Mühendislik,"Malzeme Bilimleri, Kâğıt ve Ahşap"
2040,155,Orman Mühendisliği,Fen > Mühendislik > Orman Mühendisliği,Fen,True,Fen,Mühendislik,Orman Mühendisliği
2041,124,"Malzeme Bilimleri, Kâğıt ve Ahşap","Fen > Mühendislik > Malzeme Bilimleri, Kâğıt ve Ahşap",Fen,True,Fen,Mühendislik,"Malzeme Bilimleri, Kâğıt ve Ahşap"
2041,155,Orman Mühendisliği,Fen > Mühendislik > Orman Mühendisliği,Fen,True,Fen,Mühendislik,Orman Mühendisliği
2043,32,"Bilgisayar Bilimleri, Yapay Zeka","Fen > Mühendislik > Bilgisayar Bilimleri, Yapay Zeka",Fen,True,Fen,Mühendislik,"Bilgisayar Bilimleri, Yapay Zeka"
2043,124,"Malzeme Bilimleri, Kâğıt ve Ahşap","Fen > Mühendislik > Malzeme Bilimleri, Kâğıt ve Ahşap",Fen,True,Fen,Mühendislik,"Malzeme Bilimleri, Kâğıt ve Ahşap"
2044,124,"Malzeme Bilimleri, Kâğıt ve Ahşap","Fen > Mühendislik > Malzeme Bilimleri, Kâğıt ve Ahşap",Fen,True,Fen,Mühendislik,"Malzeme Bilimleri, Kâğıt ve Ahşap"
2044,137,Mimarlık,Fen > Mühendislik > Mimarlık,Fen,True,Fen,Mühendislik,Mimarlık
2045,124,"Malzeme Bilimleri, Kâğıt ve Ahşap","Fen > Mühendislik > Malzeme Bilimleri, Kâğıt ve Ahşap",Fen,True,Fen,Mühendislik,"Malzeme Bilimleri, Kâğıt ve Ahşap"
2046,60,Enerji ve Yakıtlar,Fen > Mühendislik > Enerji ve Yakıtlar,Fen,True,Fen,Mühendislik,Enerji ve Yakıtlar
2046,98,İnşaat ve Yapı Teknolojisi,Fen > Mühendislik > İnşaat ve Yapı Teknolojisi,Fen,True,Fen,Mühendislik,İnşaat ve Yapı Teknolojisi
2046,124,"Malzeme Bilimleri, Kâğıt ve Ahşap","Fen > Mühendislik > Malzeme Bilimleri, Kâğıt ve Ahşap",Fen,True,Fen,Mühendislik,"Malzeme Bilimleri, Kâğıt ve Ahşap"
2046,203,"Yeşil, Sürdürülebilir Bilim ve Teknoloji","Fen > Mühendislik > Yeşil, Sürdürülebilir Bilim ve Teknoloji",Fen,True,Fen,Mühendislik,"Yeşil, Sürdürülebilir Bilim ve Teknoloji"
2048,152,Odyoloji ve Konuşma-Dil Patolojisi,Fen > Tıp > Odyoloji ve Konuşma-Dil Patolojisi,Fen,True,Fen,Tıp,Odyoloji ve Konuşma-Dil Patolojisi
2048,55,"Eğitim, Eğitim Araştırmaları","Sosyal > Sosyal > Eğitim, Eğitim Araştırmaları",Sosyal,True,Sosyal,Sosyal,"Eğitim, Eğitim Araştırmaları"
2052,152,Odyoloji ve Konuşma-Dil Patolojisi,Fen > Tıp > Odyoloji ve Konuşma-Dil Patolojisi,Fen,True,Fen,Tıp,Odyoloji ve Konuşma-Dil Patolojisi
2052,105,Kadın Araştırmaları,Sosyal > Sosyal > Kadın Araştırmaları,Sosyal,True,Sosyal,Sosyal,Kadın Araştırmaları
2056,152,Odyoloji ve Konuşma-Dil Patolojisi,Fen > Tıp > Odyoloji ve Konuşma-Dil Patolojisi,Fen,True,Fen,Tıp,Odyoloji ve Konuşma-Dil Patolojisi
2059,33,"Bilgisayar Bilimleri, Yazılım Mühendisliği","Fen > Mühendislik > Bilgisayar Bilimleri, Yazılım Mühendisliği",Fen,True,Fen,Mühendislik,"Bilgisayar Bilimleri, Yazılım Mühendisliği"
2059,92,Hücre ve Doku Mühendisliği,Fen > Mühendislik > Hücre ve Doku Mühendisliği,Fen,True,Fen,Mühendislik,Hücre ve Doku Mühendisliği
2059,169,Rehabilitasyon,Fen > Tıp > Rehabilitasyon,Fen,True,Fen,Tıp,Rehabilitasyon
2060,92,Hücre ve Doku Mühendisliği,Fen > Mühendislik > Hücre ve Doku Mühendisliği,Fen,True,Fen,Mühendislik,Hücre ve Doku Mühendisliği
2060,37,Biyokimya ve Moleküler Biyoloji,Fen > Tıp > Biyokimya ve Moleküler Biyoloji,Fen,True,Fen,Tıp,Biyokimya ve Moleküler Biyoloji
2061,92,Hücre ve Doku Mühendisliği,Fen > Mühendislik > Hücre ve Doku Mühendisliği,Fen,True,Fen,Mühendislik,Hücre ve Doku Mühendisliği
2061,49,Dermatoloji,Fen > Tıp > Dermatoloji,Fen,True,Fen,Tıp,Dermatoloji
2062,92,Hücre ve Doku Mühendisliği,Fen > Mühendislik > Hücre ve Doku Mühendisliği,Fen,True,Fen,Mühendislik,Hücre ve Doku Mühendisliği
2062,37,Biyokimya ve Moleküler Biyoloji,Fen > Tıp > Biyokimya ve Moleküler Biyoloji,Fen,True,Fen,Tıp,Biyokimya ve Moleküler Biyoloji
2062,58,Endokrinoloji ve Metabolizma,Fen > Tıp > Endokrinoloji ve Metabolizma,Fen,True,Fen,Tıp,Endokrinoloji ve Metabolizma
2063,92,Hücre ve Doku Mühendisliği,Fen > Mühendislik > Hücre ve Doku Mühendisliği,Fen,True,Fen,Mühendislik,Hücre ve Doku Mühendisliği
2063,168,"Radyoloji, Nükleer Tıp, Tıbbi Görüntüleme","Fen > Tıp > Radyoloji, Nükleer Tıp, Tıbbi Görüntüleme",Fen,True,Fen,Tıp,"Radyoloji, Nükleer Tıp, Tıbbi Görüntüleme"
2063,193,Tıbbi İnformatik,Fen > Tıp > Tıbbi İnformatik,Fen,True,Fen,Tıp,Tıbbi İnformatik
2064,92,Hücre ve Doku Mühendisliği,Fen > Mühendislik > Hücre ve Doku Mühendisliği,Fen,True,Fen,Mühendislik,Hücre ve Doku Mühendisliği
2064,123,"Malzeme Bilimleri, Biyomalzemeler","Fen > Mühendislik > Malzeme Bilimleri, Biyomalzemeler",Fen,True,Fen,Mühendislik,"Malzeme Bilimleri, Biyomalzemeler"
2065,92,Hücre ve Doku Mühendisliği,Fen > Mühendislik > Hücre ve Doku Mühendisliği,Fen,True,Fen,Mühendislik,Hücre ve Doku Mühendisliği
2065,144,"Mühendislik, Kimya","Fen > Mühendislik > Mühendislik, Kimya",Fen,True,Fen,Mühendislik,"Mühendislik, Kimya"
2065,38,Biyoloji,Fen > Temel Bilimler > Biyoloji,Fen,True,Fen,Temel Bilimler,Biyoloji
2065,193,Tıbbi İnformatik,Fen > Tıp > Tıbbi İnformatik,Fen,True,Fen,Tıp,Tıbbi İnformatik
2066,92,Hücre ve Doku Mühendisliği,Fen > Mühendislik > Hücre ve Doku Mühendisliği,Fen,True,Fen,Mühendislik,Hücre ve Doku Mühendisliği
2066,37,Biyokimya ve Moleküler Biyoloji,Fen > Tıp > Biyokimya ve Moleküler Biyoloji,Fen,True,Fen,Tıp,Biyokimya ve Moleküler Biyoloji
2069,44,Çevre Çalışmaları,Sosyal > Sosyal > Çevre Çalışmaları,Sosyal,True,Sosyal,Sosyal,Çevre Çalışmaları
2069,94,İletişim,Sosyal > Sosyal > İletişim,Sosyal,True,Sosyal,Sosyal,İletişim
2069,195,Tiyatro,Sosyal > Sosyal > Tiyatro,Sosyal,True,Sosyal,Sosyal,Tiyatro
2071,195,Tiyatro,Sosyal > Sosyal > Tiyatro,Sosyal,True,Sosyal,Sosyal,Tiyatro
2072,54,Edebiyat,Sosyal > Sosyal > Edebiyat,Sosyal,True,Sosyal,Sosyal,Edebiyat
2072,195,Tiyatro,Sosyal > Sosyal > Tiyatro,Sosyal,True,Sosyal,Sosyal,Tiyatro
2073,68,"Film, Radyo, Televizyon","Sosyal > Sosyal > Film, Radyo, Televizyon",Sosyal,True,Sosyal,Sosyal,"Film, Radyo, Televizyon"
2073,195,Tiyatro,Sosyal > Sosyal > Tiyatro,Sosyal,True,Sosyal,Sosyal,Tiyatro
2074,67,Felsefe,Sosyal > Sosyal > Felsefe,Sosyal,True,Sosyal,Sosyal,Felsefe
2074,195,Tiyatro,Sosyal > Sosyal > Tiyatro,Sosyal,True,Sosyal,Sosyal,Tiyatro
2075,44,Çevre Çalışmaları,Sosyal > Sosyal > Çevre Çalışmaları,Sosyal,True,Sosyal,Sosyal,Çevre Çalışmaları
2075,105,Kadın Araştırmaları,Sosyal > Sosyal > Kadın Araştırmaları,Sosyal,True,Sosyal,Sosyal,Kadın Araştırmaları
2075,195,Tiyatro,Sosyal > Sosyal > Tiyatro,Sosyal,True,Sosyal,Sosyal,Tiyatro
2076,147,Müzik,Sosyal > Sosyal > Müzik,Sosyal,True,Sosyal,Sosyal,Müzik
2076,195,Tiyatro,Sosyal > Sosyal > Tiyatro,Sosyal,True,Sosyal,Sosyal,Tiyatro
2077,73,"Fizik, Nükleer","Fen > Temel Bilimler > Fizik, Nükleer",Fen,True,Fen,Temel Bilimler,"Fizik, Nükleer"
2077,75,"Fizik, Partiküller ve Alanlar","Fen > Temel Bilimler > Fizik, Partiküller ve Alanlar",Fen,True,Fen,Temel Bilimler,"Fizik, Partiküller ve Alanlar"
2078,75,"Fizik, Partiküller ve Alanlar","Fen > Temel Bilimler > Fizik, Partiküller ve Alanlar",Fen,True,Fen,Temel Bilimler,"Fizik, Partiküller ve Alanlar"
2079,75,"Fizik, Partiküller ve Alanlar","Fen > Temel Bilimler > Fizik, Partiküller ve Alanlar",Fen,True,Fen,Temel Bilimler,"Fizik, Partiküller ve Alanlar"
2080,75,"Fizik, Partiküller ve Alanlar","Fen > Temel Bilimler > Fizik, Partiküller ve Alanlar",Fen,True,Fen,Temel Bilimler,"Fizik, Partiküller ve Alanlar"
2082,148,Nanobilim ve Nanoteknoloji,Fen > Mühendislik > Nanobilim ve Nanoteknoloji,Fen,True,Fen,Mühendislik,Nanobilim ve Nanoteknoloji
2082,71,"Fizik, Katı Hal","Fen > Temel Bilimler > Fizik, Katı Hal",Fen,True,Fen,Temel Bilimler,"Fizik, Katı Hal"
2082,75,"Fizik, Partiküller ve Alanlar","Fen > Temel Bilimler > Fizik, Partiküller ve Alanlar",Fen,True,Fen,Temel Bilimler,"Fizik, Partiküller ve Alanlar"
2083,75,"Fizik, Partiküller ve Alanlar","Fen > Temel Bilimler > Fizik, Partiküller ve Alanlar",Fen,True,Fen,Temel Bilimler,"Fizik, Partiküller ve Alanlar"
2084,75,"Fizik, Partiküller ve Alanlar","Fen > Temel Bilimler > Fizik, Partiküller ve Alanlar",Fen,True,Fen,Temel Bilimler,"Fizik, Partiküller ve Alanlar"
2085,143,"Mühendislik, Jeoloji","Fen > Mühendislik > Mühendislik, Jeoloji",Fen,True,Fen,Mühendislik,"Mühendislik, Jeoloji"
2085,75,"Fizik, Partiküller ve Alanlar","Fen > Temel Bilimler > Fizik, Partiküller ve Alanlar",Fen,True,Fen,Temel Bilimler,"Fizik, Partiküller ve Alanlar"
2086,75,"Fizik, Partiküller ve Alanlar","Fen > Temel Bilimler > Fizik, Partiküller ve Alanlar",Fen,True,Fen,Temel Bilimler,"Fizik, Partiküller ve Alanlar"
2090,60,Enerji ve Yakıtlar,Fen > Mühendislik > Enerji ve Yakıtlar,Fen,True,Fen,Mühendislik,Enerji ve Yakıtlar
2090,125,"Malzeme Bilimleri, Kaplamalar ve Filmler","Fen > Mühendislik > Malzeme Bilimleri, Kaplamalar ve Filmler",Fen,True,Fen,Mühendislik,"Malzeme Bilimleri, Kaplamalar ve Filmler"
2090,148,Nanobilim ve Nanoteknoloji,Fen > Mühendislik > Nanobilim ve Nanoteknoloji,Fen,True,Fen,Mühendislik,Nanobilim ve Nanoteknoloji
2092,95,İmalat Mühendisliği,Fen > Mühendislik > İmalat Mühendisliği,Fen,True,Fen,Mühendislik,İmalat Mühendisliği
2092,125,"Malzeme Bilimleri, Kaplamalar ve Filmler","Fen > Mühendislik > Malzeme Bilimleri, Kaplamalar ve Filmler",Fen,True,Fen,Mühendislik,"Malzeme Bilimleri, Kaplamalar ve Filmler"
2092,148,Nanobilim ve Nanoteknoloji,Fen > Mühendislik > Nanobilim ve Nanoteknoloji,Fen,True,Fen,Mühendislik,Nanobilim ve Nanoteknoloji
2094,125,"Malzeme Bilimleri, Kaplamalar ve Filmler","Fen > Mühendislik > Malzeme Bilimleri, Kaplamalar ve Filmler",Fen,True,Fen,Mühendislik,"Malzeme Bilimleri, Kaplamalar ve Filmler"
2094,148,Nanobilim ve Nanoteknoloji,Fen > Mühendislik > Nanobilim ve Nanoteknoloji,Fen,True,Fen,Mühendislik,Nanobilim ve Nanoteknoloji
2095,125,"Malzeme Bilimleri, Kaplamalar ve Filmler","Fen > Mühendislik > Malzeme Bilimleri, Kaplamalar ve Filmler",Fen,True,Fen,Mühendislik,"Malzeme Bilimleri, Kaplamalar ve Filmler"
2095,127,"Malzeme Bilimleri, Özellik ve Test","Fen > Mühendislik > Malzeme Bilimleri, Özellik ve Test",Fen,True,Fen,Mühendislik,"Malzeme Bilimleri, Özellik ve Test"
2095,148,Nanobilim ve Nanoteknoloji,Fen > Mühendislik > Nanobilim ve Nanoteknoloji,Fen,True,Fen,Mühendislik,Nanobilim ve Nanoteknoloji
2095,114,"Kimya, Uygulamalı","Fen > Temel Bilimler > Kimya, Uygulamalı",Fen,True,Fen,Temel Bilimler,"Kimya, Uygulamalı"
2096,52,Diş Hekimliği,Fen > Diş Hekimliği > Diş Hekimliği,Fen,True,Fen,Diş Hekimliği,Diş Hekimliği
2096,125,"Malzeme Bilimleri, Kaplamalar ve Filmler","Fen > Mühendislik > Malzeme Bilimleri, Kaplamalar ve Filmler",Fen,True,Fen,Mühendislik,"Malzeme Bilimleri, Kaplamalar ve Filmler"
2097,175,Savunma Bilimleri,Fen > Mühendislik > Savunma Bilimleri,Fen,True,Fen,Mühendislik,Savunma Bilimleri
2097,93,İktisat,Sosyal > Sosyal > İktisat,Sosyal,True,Sosyal,Sosyal,İktisat
2098,32,"Bilgisayar Bilimleri, Yapay Zeka","Fen > Mühendislik > Bilgisayar Bilimleri, Yapay Zeka",Fen,True,Fen,Mühendislik,"Bilgisayar Bilimleri, Yapay Zeka"
2098,175,Savunma Bilimleri,Fen > Mühendislik > Savunma Bilimleri,Fen,True,Fen,Mühendislik,Savunma Bilimleri
2098,44,Çevre Çalışmaları,Sosyal > Sosyal > Çevre Çalışmaları,Sosyal,True,Sosyal,Sosyal,Çevre Çalışmaları
2099,175,Savunma Bilimleri,Fen > Mühendislik > Savunma Bilimleri,Fen,True,Fen,Mühendislik,Savunma Bilimleri
2099,199,Uluslararası İlişkiler,Sosyal > Sosyal > Uluslararası İlişkiler,Sosyal,True,Sosyal,Sosyal,Uluslararası İlişkiler
2100,175,Savunma Bilimleri,Fen > Mühendislik > Savunma Bilimleri,Fen,True,Fen,Mühendislik,Savunma Bilimleri
2100,185,Tarih,Sosyal > Sosyal > Tarih,Sosyal,True,Sosyal,Sosyal,Tarih
2101,137,Mimarlık,Fen > Mühendislik > Mimarlık,Fen,True,Fen,Mühendislik,Mimarlık
2101,175,Savunma Bilimleri,Fen > Mühendislik > Savunma Bilimleri,Fen,True,Fen,Mühendislik,Savunma Bilimleri
2102,59,Endüstri Mühendisliği,Fen > Mühendislik > Endüstri Mühendisliği,Fen,True,Fen,Mühendislik,Endüstri Mühendisliği
2102,175,Savunma Bilimleri,Fen > Mühendislik > Savunma Bilimleri,Fen,True,Fen,Mühendislik,Savunma Bilimleri
2104,175,Savunma Bilimleri,Fen > Mühendislik > Savunma Bilimleri,Fen,True,Fen,Mühendislik,Savunma Bilimleri
2104,176,Siyasi Bilimler,Sosyal > Sosyal > Siyasi Bilimler,Sosyal,True,Sosyal,Sosyal,Siyasi Bilimler
2104,199,Uluslararası İlişkiler,Sosyal > Sosyal > Uluslararası İlişkiler,Sosyal,True,Sosyal,Sosyal,Uluslararası İlişkiler
2105,175,Savunma Bilimleri,Fen > Mühendislik > Savunma Bilimleri,Fen,True,Fen,Mühendislik,Savunma Bilimleri
2105,166,Psikiyatri,Fen > Tıp > Psikiyatri,Fen,True,Fen,Tıp,Psikiyatri
2106,175,Savunma Bilimleri,Fen > Mühendislik > Savunma Bilimleri,Fen,True,Fen,Mühendislik,Savunma Bilimleri
2106,176,Siyasi Bilimler,Sosyal > Sosyal > Siyasi Bilimler,Sosyal,True,Sosyal,Sosyal,Siyasi Bilimler
2106,199,Uluslararası İlişkiler,Sosyal > Sosyal > Uluslararası İlişkiler,Sosyal,True,Sosyal,Sosyal,Uluslararası İlişkiler
2109,188,Telekomünikasyon,Fen > Mühendislik > Telekomünikasyon,Fen,True,Fen,Mühendislik,Telekomünikasyon
2110,188,Telekomünikasyon,Fen > Mühendislik > Telekomünikasyon,Fen,True,Fen,Mühendislik,Telekomünikasyon
2110,101,İşletme,Sosyal > Sosyal > İşletme,Sosyal,True,Sosyal,Sosyal,İşletme
2111,141,"Mühendislik, Elektrik ve Elektronik","Fen > Mühendislik > Mühendislik, Elektrik ve Elektronik",Fen,True,Fen,Mühendislik,"Mühendislik, Elektrik ve Elektronik"
2111,188,Telekomünikasyon,Fen > Mühendislik > Telekomünikasyon,Fen,True,Fen,Mühendislik,Telekomünikasyon
2113,32,"Bilgisayar Bilimleri, Yapay Zeka","Fen > Mühendislik > Bilgisayar Bilimleri, Yapay Zeka",Fen,True,Fen,Mühendislik,"Bilgisayar Bilimleri, Yapay Zeka"
2113,188,Telekomünikasyon,Fen > Mühendislik > Telekomünikasyon,Fen,True,Fen,Mühendislik,Telekomünikasyon
2114,141,"Mühendislik, Elektrik ve Elektronik","Fen > Mühendislik > Mühendislik, Elektrik ve Elektronik",Fen,True,Fen,Mühendislik,"Mühendislik, Elektrik ve Elektronik"
2114,188,Telekomünikasyon,Fen > Mühendislik > Telekomünikasyon,Fen,True,Fen,Mühendislik,Telekomünikasyon
2115,141,"Mühendislik, Elektrik ve Elektronik","Fen > Mühendislik > Mühendislik, Elektrik ve Elektronik",Fen,True,Fen,Mühendislik,"Mühendislik, Elektrik ve Elektronik"
2115,188,Telekomünikasyon,Fen > Mühendislik > Telekomünikasyon,Fen,True,Fen,Mühendislik,Telekomünikasyon
2116,188,Telekomünikasyon,Fen > Mühendislik > Telekomünikasyon,Fen,True,Fen,Mühendislik,Telekomünikasyon
2116,101,İşletme,Sosyal > Sosyal > İşletme,Sosyal,True,Sosyal,Sosyal,İşletme
2116,199,Uluslararası İlişkiler,Sosyal > Sosyal > Uluslararası İlişkiler,Sosyal,True,Sosyal,Sosyal,Uluslararası İlişkiler
2119,30,"Bilgisayar Bilimleri, Sibernitik","Fen > Mühendislik > Bilgisayar Bilimleri, Sibernitik",Fen,True,Fen,Mühendislik,"Bilgisayar Bilimleri, Sibernitik"
2119,32,"Bilgisayar Bilimleri, Yapay Zeka","Fen > Mühendislik > Bilgisayar Bilimleri, Yapay Zeka",Fen,True,Fen,Mühendislik,"Bilgisayar Bilimleri, Yapay Zeka"
2119,178,Sosyal Çalışma,Sosyal > Sosyal > Sosyal Çalışma,Sosyal,True,Sosyal,Sosyal,Sosyal Çalışma
2120,30,"Bilgisayar Bilimleri, Sibernitik","Fen > Mühendislik > Bilgisayar Bilimleri, Sibernitik",Fen,True,Fen,Mühendislik,"Bilgisayar Bilimleri, Sibernitik"
2120,32,"Bilgisayar Bilimleri, Yapay Zeka","Fen > Mühendislik > Bilgisayar Bilimleri, Yapay Zeka",Fen,True,Fen,Mühendislik,"Bilgisayar Bilimleri, Yapay Zeka"
2121,30,"Bilgisayar Bilimleri, Sibernitik","Fen > Mühendislik > Bilgisayar Bilimleri, Sibernitik",Fen,True,Fen,Mühendislik,"Bilgisayar Bilimleri, Sibernitik"
2121,84,Görüntüleme Bilimi ve Fotoğraf Teknolojisi,Fen > Mühendislik > Görüntüleme Bilimi ve Fotoğraf Teknolojisi,Fen,True,Fen,Mühendislik,Görüntüleme Bilimi ve Fotoğraf Teknolojisi
2121,126,"Malzeme Bilimleri, Kompozitler","Fen > Mühendislik > Malzeme Bilimleri, Kompozitler",Fen,True,Fen,Mühendislik,"Malzeme Bilimleri, Kompozitler"
2122,30,"Bilgisayar Bilimleri, Sibernitik","Fen > Mühendislik > Bilgisayar Bilimleri, Sibernitik",Fen,True,Fen,Mühendislik,"Bilgisayar Bilimleri, Sibernitik"
2122,32,"Bilgisayar Bilimleri, Yapay Zeka","Fen > Mühendislik > Bilgisayar Bilimleri, Yapay Zeka",Fen,True,Fen,Mühendislik,"Bilgisayar Bilimleri, Yapay Zeka"
2123,30,"Bilgisayar Bilimleri, Sibernitik","Fen > Mühendislik > Bilgisayar Bilimleri, Sibernitik",Fen,True,Fen,Mühendislik,"Bilgisayar Bilimleri, Sibernitik"
2123,32,"Bilgisayar Bilimleri, Yapay Zeka","Fen > Mühendislik > Bilgisayar Bilimleri, Yapay Zeka",Fen,True,Fen,Mühendislik,"Bilgisayar Bilimleri, Yapay Zeka"
2125,30,"Bilgisayar Bilimleri, Sibernitik","Fen > Mühendislik > Bilgisayar Bilimleri, Sibernitik",Fen,True,Fen,Mühendislik,"Bilgisayar Bilimleri, Sibernitik"
2125,60,Enerji ve Yakıtlar,Fen > Mühendislik > Enerji ve Yakıtlar,Fen,True,Fen,Mühendislik,Enerji ve Yakıtlar
2128,29,"Bilgisayar Bilimleri, Donanım ve Mimari","Fen > Mühendislik > Bilgisayar Bilimleri, Donanım ve Mimari",Fen,True,Fen,Mühendislik,"Bilgisayar Bilimleri, Donanım ve Mimari"
2128,141,"Mühendislik, Elektrik ve Elektronik","Fen > Mühendislik > Mühendislik, Elektrik ve Elektronik",Fen,True,Fen,Mühendislik,"Mühendislik, Elektrik ve Elektronik"
2129,29,"Bilgisayar Bilimleri, Donanım ve Mimari","Fen > Mühendislik > Bilgisayar Bilimleri, Donanım ve Mimari",Fen,True,Fen,Mühendislik,"Bilgisayar Bilimleri, Donanım ve Mimari"
2129,132,Matematik,Fen > Temel Bilimler > Matematik,Fen,True,Fen,Temel Bilimler,Matematik
2130,29,"Bilgisayar Bilimleri, Donanım ve Mimari","Fen > Mühendislik > Bilgisayar Bilimleri, Donanım ve Mimari",Fen,True,Fen,Mühendislik,"Bilgisayar Bilimleri, Donanım ve Mimari"
2130,33,"Bilgisayar Bilimleri, Yazılım Mühendisliği","Fen > Mühendislik > Bilgisayar Bilimleri, Yazılım Mühendisliği",Fen,True,Fen,Mühendislik,"Bilgisayar Bilimleri, Yazılım Mühendisliği"
2131,29,"Bilgisayar Bilimleri, Donanım ve Mimari","Fen > Mühendislik > Bilgisayar Bilimleri, Donanım ve Mimari",Fen,True,Fen,Mühendislik,"Bilgisayar Bilimleri, Donanım ve Mimari"
2131,141,"Mühendislik, Elektrik ve Elektronik","Fen > Mühendislik > Mühendislik, Elektrik ve Elektronik",Fen,True,Fen,Mühendislik,"Mühendislik, Elektrik ve Elektronik"
2132,29,"Bilgisayar Bilimleri, Donanım ve Mimari","Fen > Mühendislik > Bilgisayar Bilimleri, Donanım ve Mimari",Fen,True,Fen,Mühendislik,"Bilgisayar Bilimleri, Donanım ve Mimari"
2132,32,"Bilgisayar Bilimleri, Yapay Zeka","Fen > Mühendislik > Bilgisayar Bilimleri, Yapay Zeka",Fen,True,Fen,Mühendislik,"Bilgisayar Bilimleri, Yapay Zeka"
2133,28,"Bilgisayar Bilimleri, Bilgi Sistemleri","Fen > Mühendislik > Bilgisayar Bilimleri, Bilgi Sistemleri",Fen,True,Fen,Mühendislik,"Bilgisayar Bilimleri, Bilgi Sistemleri"
2133,29,"Bilgisayar Bilimleri, Donanım ve Mimari","Fen > Mühendislik > Bilgisayar Bilimleri, Donanım ve Mimari",Fen,True,Fen,Mühendislik,"Bilgisayar Bilimleri, Donanım ve Mimari"
2133,31,"Bilgisayar Bilimleri, Teori ve Metotlar","Fen > Mühendislik > Bilgisayar Bilimleri, Teori ve Metotlar",Fen,True,Fen,Mühendislik,"Bilgisayar Bilimleri, Teori ve Metotlar"
2134,29,"Bilgisayar Bilimleri, Donanım ve Mimari","Fen > Mühendislik > Bilgisayar Bilimleri, Donanım ve Mimari",Fen,True,Fen,Mühendislik,"Bilgisayar Bilimleri, Donanım ve Mimari"
2134,31,"Bilgisayar Bilimleri, Teori ve Metotlar","Fen > Mühendislik > Bilgisayar Bilimleri, Teori ve Metotlar",Fen,True,Fen,Mühendislik,"Bilgisayar Bilimleri, Teori ve Metotlar"
2135,29,"Bilgisayar Bilimleri, Donanım ve Mimari","Fen > Mühendislik > Bilgisayar Bilimleri, Donanım ve Mimari",Fen,True,Fen,Mühendislik,"Bilgisayar Bilimleri, Donanım ve Mimari"
2135,33,"Bilgisayar Bilimleri, Yazılım Mühendisliği","Fen > Mühendislik > Bilgisayar Bilimleri, Yazılım Mühendisliği",Fen,True,Fen,Mühendislik,"Bilgisayar Bilimleri, Yazılım Mühendisliği"
2136,29,"Bilgisayar Bilimleri, Donanım ve Mimari","Fen > Mühendislik > Bilgisayar Bilimleri, Donanım ve Mimari",Fen,True,Fen,Mühendislik,"Bilgisayar Bilimleri, Donanım ve Mimari"
2136,33,"Bilgisayar Bilimleri, Yazılım Mühendisliği","Fen > Mühendislik > Bilgisayar Bilimleri, Yazılım Mühendisliği",Fen,True,Fen,Mühendislik,"Bilgisayar Bilimleri, Yazılım Mühendisliği"
2137,21,Astronomi ve Astrofizik,Fen > Temel Bilimler > Astronomi ve Astrofizik,Fen,True,Fen,Temel Bilimler,Astronomi ve Astrofizik
2137,55,"Eğitim, Eğitim Araştırmaları","Sosyal > Sosyal > Eğitim, Eğitim Araştırmaları",Sosyal,True,Sosyal,Sosyal,"Eğitim, Eğitim Araştırmaları"
2138,21,Astronomi ve Astrofizik,Fen > Temel Bilimler > Astronomi ve Astrofizik,Fen,True,Fen,Temel Bilimler,Astronomi ve Astrofizik
2139,21,Astronomi ve Astrofizik,Fen > Temel Bilimler > Astronomi ve Astrofizik,Fen,True,Fen,Temel Bilimler,Astronomi ve Astrofizik
2139,132,Matematik,Fen > Temel Bilimler > Matematik,Fen,True,Fen,Temel Bilimler,Matematik
2140,21,Astronomi ve Astrofizik,Fen > Temel Bilimler > Astronomi ve Astrofizik,Fen,True,Fen,Temel Bilimler,Astronomi ve Astrofizik
2140,166,Psikiyatri,Fen > Tıp > Psikiyatri,Fen,True,Fen,Tıp,Psikiyatri
2140,25,Beslenme ve Diyetetik,Sosyal > Sosyal > Beslenme ve Diyetetik,Sosyal,True,Sosyal,Sosyal,Beslenme ve Diyetetik
2141,21,Astronomi ve Astrofizik,Fen > Temel Bilimler > Astronomi ve Astrofizik,Fen,True,Fen,Temel Bilimler,Astronomi ve Astrofizik
2141,50,Dil ve Dil Bilim,Sosyal > Sosyal > Dil ve Dil Bilim,Sosyal,True,Sosyal,Sosyal,Dil ve Dil Bilim
2142,33,"Bilgisayar Bilimleri, Yazılım Mühendisliği","Fen > Mühendislik > Bilgisayar Bilimleri, Yazılım Mühendisliği",Fen,True,Fen,Mühendislik,"Bilgisayar Bilimleri, Yazılım Mühendisliği"
2142,21,Astronomi ve Astrofizik,Fen > Temel Bilimler > Astronomi ve Astrofizik,Fen,True,Fen,Temel Bilimler,Astronomi ve Astrofizik
2143,21,Astronomi ve Astrofizik,Fen > Temel Bilimler > Astronomi ve Astrofizik,Fen,True,Fen,Temel Bilimler,Astronomi ve Astrofizik
2143,34,Bilim Felsefesi ve Tarihi,Sosyal > Sosyal > Bilim Felsefesi ve Tarihi,Sosyal,True,Sosyal,Sosyal,Bilim Felsefesi ve Tarihi
2143,185,Tarih,Sosyal > Sosyal > Tarih,Sosyal,True,Sosyal,Sosyal,Tarih
2144,21,Astronomi ve Astrofizik,Fen > Temel Bilimler > Astronomi ve Astrofizik,Fen,True,Fen,Temel Bilimler,Astronomi ve Astrofizik
2144,55,"Eğitim, Eğitim Araştırmaları","Sosyal > Sosyal > Eğitim, Eğitim Araştırmaları",Sosyal,True,Sosyal,Sosyal,"Eğitim, Eğitim Araştırmaları"
2145,21,Astronomi ve Astrofizik,Fen > Temel Bilimler > Astronomi ve Astrofizik,Fen,True,Fen,Temel Bilimler,Astronomi ve Astrofizik
2146,21,Astronomi ve Astrofizik,Fen > Temel Bilimler > Astronomi ve Astrofizik,Fen,True,Fen,Temel Bilimler,Astronomi ve Astrofizik
2146,34,Bilim Felsefesi ve Tarihi,Sosyal > Sosyal > Bilim Felsefesi ve Tarihi,Sosyal,True,Sosyal,Sosyal,Bilim Felsefesi ve Tarihi
2146,51,Din Bilimi,Sosyal > Sosyal > Din Bilimi,Sosyal,True,Sosyal,Sosyal,Din Bilimi
2146,185,Tarih,Sosyal > Sosyal > Tarih,Sosyal,True,Sosyal,Sosyal,Tarih
2149,187,Taşınım Bilimi ve Teknolojisi,Fen > Mühendislik > Taşınım Bilimi ve Teknolojisi,Fen,True,Fen,Mühendislik,Taşınım Bilimi ve Teknolojisi
2156,187,Taşınım Bilimi ve Teknolojisi,Fen > Mühendislik > Taşınım Bilimi ve Teknolojisi,Fen,True,Fen,Mühendislik,Taşınım Bilimi ve Teknolojisi
2156,102,İşletme Finans,Sosyal > Sosyal > İşletme Finans,Sosyal,True,Sosyal,Sosyal,İşletme Finans
2157,160,Paleontoloji,Fen > Temel Bilimler > Paleontoloji,Fen,True,Fen,Temel Bilimler,Paleontoloji
2162,160,Paleontoloji,Fen > Temel Bilimler > Paleontoloji,Fen,True,Fen,Temel Bilimler,Paleontoloji
2164,160,Paleontoloji,Fen > Temel Bilimler > Paleontoloji,Fen,True,Fen,Temel Bilimler,Paleontoloji
2165,103,Jeokimya ve Jeofizik,Fen > Mühendislik > Jeokimya ve Jeofizik,Fen,True,Fen,Mühendislik,Jeokimya ve Jeofizik
2165,160,Paleontoloji,Fen > Temel Bilimler > Paleontoloji,Fen,True,Fen,Temel Bilimler,Paleontoloji
2166,138,Mineraloji,Fen > Temel Bilimler > Mineraloji,Fen,True,Fen,Temel Bilimler,Mineraloji
2166,160,Paleontoloji,Fen > Temel Bilimler > Paleontoloji,Fen,True,Fen,Temel Bilimler,Paleontoloji
2167,73,"Fizik, Nükleer","Fen > Temel Bilimler > Fizik, Nükleer",Fen,True,Fen,Temel Bilimler,"Fizik, Nükleer"
2168,52,Diş Hekimliği,Fen > Diş Hekimliği > Diş Hekimliği,Fen,True,Fen,Diş Hekimliği,Diş Hekimliği
2168,73,"Fizik, Nükleer","Fen > Temel Bilimler > Fizik, Nükleer",Fen,True,Fen,Temel Bilimler,"Fizik, Nükleer"
2169,151,Nükleer Bilim ve Teknolojisi,Fen > Mühendislik > Nükleer Bilim ve Teknolojisi,Fen,True,Fen,Mühendislik,Nükleer Bilim ve Teknolojisi
2169,73,"Fizik, Nükleer","Fen > Temel Bilimler > Fizik, Nükleer",Fen,True,Fen,Temel Bilimler,"Fizik, Nükleer"
2169,168,"Radyoloji, Nükleer Tıp, Tıbbi Görüntüleme","Fen > Tıp > Radyoloji, Nükleer Tıp, Tıbbi Görüntüleme",Fen,True,Fen,Tıp,"Radyoloji, Nükleer Tıp, Tıbbi Görüntüleme"
2170,151,Nükleer Bilim ve Teknolojisi,Fen > Mühendislik > Nükleer Bilim ve Teknolojisi,Fen,True,Fen,Mühendislik,Nükleer Bilim ve Teknolojisi
2170,69,"Fizik, Akışkanlar ve Plazma","Fen > Temel Bilimler > Fizik, Akışkanlar ve Plazma",Fen,True,Fen,Temel Bilimler,"Fizik, Akışkanlar ve Plazma"
2170,73,"Fizik, Nükleer","Fen > Temel Bilimler > Fizik, Nükleer",Fen,True,Fen,Temel Bilimler,"Fizik, Nükleer"
2173,73,"Fizik, Nükleer","Fen > Temel Bilimler > Fizik, Nükleer",Fen,True,Fen,Temel Bilimler,"Fizik, Nükleer"
2174,43,Çevre Bilimleri,Fen > Temel Bilimler > Çevre Bilimleri,Fen,True,Fen,Temel Bilimler,Çevre Bilimleri
2174,73,"Fizik, Nükleer","Fen > Temel Bilimler > Fizik, Nükleer",Fen,True,Fen,Temel Bilimler,"Fizik, Nükleer"
2174,182,Su Kaynakları,Fen > Temel Bilimler > Su Kaynakları,Fen,True,Fen,Temel Bilimler,Su Kaynakları
2175,43,Çevre Bilimleri,Fen > Temel Bilimler > Çevre Bilimleri,Fen,True,Fen,Temel Bilimler,Çevre Bilimleri
2175,57,Ekoloji,Fen > Temel Bilimler > Ekoloji,Fen,True,Fen,Temel Bilimler,Ekoloji
2175,73,"Fizik, Nükleer","Fen > Temel Bilimler > Fizik, Nükleer",Fen,True,Fen,Temel Bilimler,"Fizik, Nükleer"
2176,196,Toksikoloji,Fen > Eczacılık > Toksikoloji,Fen,True,Fen,Eczacılık,Toksikoloji
2176,33,"Bilgisayar Bilimleri, Yazılım Mühendisliği","Fen > Mühendislik > Bilgisayar Bilimleri, Yazılım Mühendisliği",Fen,True,Fen,Mühendislik,"Bilgisayar Bilimleri, Yazılım Mühendisliği"
2176,73,"Fizik, Nükleer","Fen > Temel Bilimler > Fizik, Nükleer",Fen,True,Fen,Temel Bilimler,"Fizik, Nükleer"
2177,67,Felsefe,Sosyal > Sosyal > Felsefe,Sosyal,True,Sosyal,Sosyal,Felsefe
2177,131,Mantık,Sosyal > Sosyal > Mantık,Sosyal,True,Sosyal,Sosyal,Mantık
2178,51,Din Bilimi,Sosyal > Sosyal > Din Bilimi,Sosyal,True,Sosyal,Sosyal,Din Bilimi
2178,131,Mantık,Sosyal > Sosyal > Mantık,Sosyal,True,Sosyal,Sosyal,Mantık
2179,51,Din Bilimi,Sosyal > Sosyal > Din Bilimi,Sosyal,True,Sosyal,Sosyal,Din Bilimi
2179,131,Mantık,Sosyal > Sosyal > Mantık,Sosyal,True,Sosyal,Sosyal,Mantık
2180,50,Dil ve Dil Bilim,Sosyal > Sosyal > Dil ve Dil Bilim,Sosyal,True,Sosyal,Sosyal,Dil ve Dil Bilim
2180,51,Din Bilimi,Sosyal > Sosyal > Din Bilimi,Sosyal,True,Sosyal,Sosyal,Din Bilimi
2180,131,Mantık,Sosyal > Sosyal > Mantık,Sosyal,True,Sosyal,Sosyal,Mantık
2181,40,Biyoteknoloji ve Uygulamalı Mikrobiyoloji,Fen > Tıp > Biyoteknoloji ve Uygulamalı Mikrobiyoloji,Fen,True,Fen,Tıp,Biyoteknoloji ve Uygulamalı Mikrobiyoloji
2181,131,Mantık,Sosyal > Sosyal > Mantık,Sosyal,True,Sosyal,Sosyal,Mantık
2182,67,Felsefe,Sosyal > Sosyal > Felsefe,Sosyal,True,Sosyal,Sosyal,Felsefe
2182,131,Mantık,Sosyal > Sosyal > Mantık,Sosyal,True,Sosyal,Sosyal,Mantık
2182,176,Siyasi Bilimler,Sosyal > Sosyal > Siyasi Bilimler,Sosyal,True,Sosyal,Sosyal,Siyasi Bilimler
2182,179,Sosyoloji,Sosyal > Sosyal > Sosyoloji,Sosyal,True,Sosyal,Sosyal,Sosyoloji
2183,32,"Bilgisayar Bilimleri, Yapay Zeka","Fen > Mühendislik > Bilgisayar Bilimleri, Yapay Zeka",Fen,True,Fen,Mühendislik,"Bilgisayar Bilimleri, Yapay Zeka"
2183,78,Folklor,Sosyal > Sosyal > Folklor,Sosyal,True,Sosyal,Sosyal,Folklor
2183,131,Mantık,Sosyal > Sosyal > Mantık,Sosyal,True,Sosyal,Sosyal,Mantık
2183,174,Sanat,Sosyal > Sosyal > Sanat,Sosyal,True,Sosyal,Sosyal,Sanat
2184,148,Nanobilim ve Nanoteknoloji,Fen > Mühendislik > Nanobilim ve Nanoteknoloji,Fen,True,Fen,Mühendislik,Nanobilim ve Nanoteknoloji
2184,38,Biyoloji,Fen > Temel Bilimler > Biyoloji,Fen,True,Fen,Temel Bilimler,Biyoloji
2184,131,Mantık,Sosyal > Sosyal > Mantık,Sosyal,True,Sosyal,Sosyal,Mantık
2185,19,Antropoloji,Sosyal > Sosyal > Antropoloji,Sosyal,True,Sosyal,Sosyal,Antropoloji
2185,51,Din Bilimi,Sosyal > Sosyal > Din Bilimi,Sosyal,True,Sosyal,Sosyal,Din Bilimi
2185,131,Mantık,Sosyal > Sosyal > Mantık,Sosyal,True,Sosyal,Sosyal,Mantık
2185,179,Sosyoloji,Sosyal > Sosyal > Sosyoloji,Sosyal,True,Sosyal,Sosyal,Sosyoloji
2186,131,Mantık,Sosyal > Sosyal > Mantık,Sosyal,True,Sosyal,Sosyal,Mantık
2187,43,Çevre Bilimleri,Fen > Temel Bilimler > Çevre Bilimleri,Fen,True,Fen,Temel Bilimler,Çevre Bilimleri
2187,120,Limnoloji,Fen > Temel Bilimler > Limnoloji,Fen,True,Fen,Temel Bilimler,Limnoloji
2188,32,"Bilgisayar Bilimleri, Yapay Zeka","Fen > Mühendislik > Bilgisayar Bilimleri, Yapay Zeka",Fen,True,Fen,Mühendislik,"Bilgisayar Bilimleri, Yapay Zeka"
2188,43,Çevre Bilimleri,Fen > Temel Bilimler > Çevre Bilimleri,Fen,True,Fen,Temel Bilimler,Çevre Bilimleri
2188,120,Limnoloji,Fen > Temel Bilimler > Limnoloji,Fen,True,Fen,Temel Bilimler,Limnoloji
2189,43,Çevre Bilimleri,Fen > Temel Bilimler > Çevre Bilimleri,Fen,True,Fen,Temel Bilimler,Çevre Bilimleri
2189,120,Limnoloji,Fen > Temel Bilimler > Limnoloji,Fen,True,Fen,Temel Bilimler,Limnoloji
2190,43,Çevre Bilimleri,Fen > Temel Bilimler > Çevre Bilimleri,Fen,True,Fen,Temel Bilimler,Çevre Bilimleri
2190,120,Limnoloji,Fen > Temel Bilimler > Limnoloji,Fen,True,Fen,Temel Bilimler,Limnoloji
2191,48,Deniz ve Tatlı Su Biyolojisi,Fen > Temel Bilimler > Deniz ve Tatlı Su Biyolojisi,Fen,True,Fen,Temel Bilimler,Deniz ve Tatlı Su Biyolojisi
2191,120,Limnoloji,Fen > Temel Bilimler > Limnoloji,Fen,True,Fen,Temel Bilimler,Limnoloji
2192,48,Deniz ve Tatlı Su Biyolojisi,Fen > Temel Bilimler > Deniz ve Tatlı Su Biyolojisi,Fen,True,Fen,Temel Bilimler,Deniz ve Tatlı Su Biyolojisi
2192,81,Genetik ve Kalıtım,Fen > Temel Bilimler > Genetik ve Kalıtım,Fen,True,Fen,Temel Bilimler,Genetik ve Kalıtım
2192,120,Limnoloji,Fen > Temel Bilimler > Limnoloji,Fen,True,Fen,Temel Bilimler,Limnoloji
2193,24,Balıkçılık,Fen > Temel Bilimler > Balıkçılık,Fen,True,Fen,Temel Bilimler,Balıkçılık
2193,48,Deniz ve Tatlı Su Biyolojisi,Fen > Temel Bilimler > Deniz ve Tatlı Su Biyolojisi,Fen,True,Fen,Temel Bilimler,Deniz ve Tatlı Su Biyolojisi
2193,120,Limnoloji,Fen > Temel Bilimler > Limnoloji,Fen,True,Fen,Temel Bilimler,Limnoloji
2194,43,Çevre Bilimleri,Fen > Temel Bilimler > Çevre Bilimleri,Fen,True,Fen,Temel Bilimler,Çevre Bilimleri
2194,57,Ekoloji,Fen > Temel Bilimler > Ekoloji,Fen,True,Fen,Temel Bilimler,Ekoloji
2194,120,Limnoloji,Fen > Temel Bilimler > Limnoloji,Fen,True,Fen,Temel Bilimler,Limnoloji
2195,43,Çevre Bilimleri,Fen > Temel Bilimler > Çevre Bilimleri,Fen,True,Fen,Temel Bilimler,Çevre Bilimleri
2195,120,Limnoloji,Fen > Temel Bilimler > Limnoloji,Fen,True,Fen,Temel Bilimler,Limnoloji
2196,120,Limnoloji,Fen > Temel Bilimler > Limnoloji,Fen,True,Fen,Temel Bilimler,Limnoloji
2196,207,Zooloji,Fen > Temel Bilimler > Zooloji,Fen,True,Fen,Temel Bilimler,Zooloji
2197,145,"Mühendislik, Makine","Fen > Mühendislik > Mühendislik, Makine",Fen,True,Fen,Mühendislik,"Mühendislik, Makine"
2197,69,"Fizik, Akışkanlar ve Plazma","Fen > Temel Bilimler > Fizik, Akışkanlar ve Plazma",Fen,True,Fen,Temel Bilimler,"Fizik, Akışkanlar ve Plazma"
2199,97,İnşaat Mühendisliği,Fen > Mühendislik > İnşaat Mühendisliği,Fen,True,Fen,Mühendislik,İnşaat Mühendisliği
2199,43,Çevre Bilimleri,Fen > Temel Bilimler > Çevre Bilimleri,Fen,True,Fen,Temel Bilimler,Çevre Bilimleri
2199,69,"Fizik, Akışkanlar ve Plazma","Fen > Temel Bilimler > Fizik, Akışkanlar ve Plazma",Fen,True,Fen,Temel Bilimler,"Fizik, Akışkanlar ve Plazma"
2200,14,Akustik,Fen > Temel Bilimler > Akustik,Fen,True,Fen,Temel Bilimler,Akustik
2200,69,"Fizik, Akışkanlar ve Plazma","Fen > Temel Bilimler > Fizik, Akışkanlar ve Plazma",Fen,True,Fen,Temel Bilimler,"Fizik, Akışkanlar ve Plazma"
2201,32,"Bilgisayar Bilimleri, Yapay Zeka","Fen > Mühendislik > Bilgisayar Bilimleri, Yapay Zeka",Fen,True,Fen,Mühendislik,"Bilgisayar Bilimleri, Yapay Zeka"
2201,69,"Fizik, Akışkanlar ve Plazma","Fen > Temel Bilimler > Fizik, Akışkanlar ve Plazma",Fen,True,Fen,Temel Bilimler,"Fizik, Akışkanlar ve Plazma"
2201,205,Ziraat Mühendisliği,Fen > Ziraat > Ziraat Mühendisliği,Fen,True,Fen,Ziraat,Ziraat Mühendisliği
2202,69,"Fizik, Akışkanlar ve Plazma","Fen > Temel Bilimler > Fizik, Akışkanlar ve Plazma",Fen,True,Fen,Temel Bilimler,"Fizik, Akışkanlar ve Plazma"
2202,76,"Fizik, Uygulamalı","Fen > Temel Bilimler > Fizik, Uygulamalı",Fen,True,Fen,Temel Bilimler,"Fizik, Uygulamalı"
2202,190,Termodinamik,Fen > Temel Bilimler > Termodinamik,Fen,True,Fen,Temel Bilimler,Termodinamik
2203,47,Denizcilik,Fen > Mühendislik > Denizcilik,Fen,True,Fen,Mühendislik,Denizcilik
2203,140,"Mühendislik, Deniz","Fen > Mühendislik > Mühendislik, Deniz",Fen,True,Fen,Mühendislik,"Mühendislik, Deniz"
2203,69,"Fizik, Akışkanlar ve Plazma","Fen > Temel Bilimler > Fizik, Akışkanlar ve Plazma",Fen,True,Fen,Temel Bilimler,"Fizik, Akışkanlar ve Plazma"
2204,140,"Mühendislik, Deniz","Fen > Mühendislik > Mühendislik, Deniz",Fen,True,Fen,Mühendislik,"Mühendislik, Deniz"
2204,69,"Fizik, Akışkanlar ve Plazma","Fen > Temel Bilimler > Fizik, Akışkanlar ve Plazma",Fen,True,Fen,Temel Bilimler,"Fizik, Akışkanlar ve Plazma"
2205,69,"Fizik, Akışkanlar ve Plazma","Fen > Temel Bilimler > Fizik, Akışkanlar ve Plazma",Fen,True,Fen,Temel Bilimler,"Fizik, Akışkanlar ve Plazma"
2205,182,Su Kaynakları,Fen > Temel Bilimler > Su Kaynakları,Fen,True,Fen,Temel Bilimler,Su Kaynakları
2206,97,İnşaat Mühendisliği,Fen > Mühendislik > İnşaat Mühendisliği,Fen,True,Fen,Mühendislik,İnşaat Mühendisliği
2206,141,"Mühendislik, Elektrik ve Elektronik","Fen > Mühendislik > Mühendislik, Elektrik ve Elektronik",Fen,True,Fen,Mühendislik,"Mühendislik, Elektrik ve Elektronik"
2206,69,"Fizik, Akışkanlar ve Plazma","Fen > Temel Bilimler > Fizik, Akışkanlar ve Plazma",Fen,True,Fen,Temel Bilimler,"Fizik, Akışkanlar ve Plazma"
2210,151,Nükleer Bilim ve Teknolojisi,Fen > Mühendislik > Nükleer Bilim ve Teknolojisi,Fen,True,Fen,Mühendislik,Nükleer Bilim ve Teknolojisi
2210,44,Çevre Çalışmaları,Sosyal > Sosyal > Çevre Çalışmaları,Sosyal,True,Sosyal,Sosyal,Çevre Çalışmaları
2210,179,Sosyoloji,Sosyal > Sosyal > Sosyoloji,Sosyal,True,Sosyal,Sosyal,Sosyoloji
2212,60,Enerji ve Yakıtlar,Fen > Mühendislik > Enerji ve Yakıtlar,Fen,True,Fen,Mühendislik,Enerji ve Yakıtlar
2212,151,Nükleer Bilim ve Teknolojisi,Fen > Mühendislik > Nükleer Bilim ve Teknolojisi,Fen,True,Fen,Mühendislik,Nükleer Bilim ve Teknolojisi
2213,60,Enerji ve Yakıtlar,Fen > Mühendislik > Enerji ve Yakıtlar,Fen,True,Fen,Mühendislik,Enerji ve Yakıtlar
2213,151,Nükleer Bilim ve Teknolojisi,Fen > Mühendislik > Nükleer Bilim ve Teknolojisi,Fen,True,Fen,Mühendislik,Nükleer Bilim ve Teknolojisi
2216,151,Nükleer Bilim ve Teknolojisi,Fen > Mühendislik > Nükleer Bilim ve Teknolojisi,Fen,True,Fen,Mühendislik,Nükleer Bilim ve Teknolojisi
2216,199,Uluslararası İlişkiler,Sosyal > Sosyal > Uluslararası İlişkiler,Sosyal,True,Sosyal,Sosyal,Uluslararası İlişkiler
2217,14,Akustik,Fen > Temel Bilimler > Akustik,Fen,True,Fen,Temel Bilimler,Akustik
2217,46,Davranış Bilimleri,Sosyal > Sosyal > Davranış Bilimleri,Sosyal,True,Sosyal,Sosyal,Davranış Bilimleri
2217,167,Psikoloji,Sosyal > Sosyal > Psikoloji,Sosyal,True,Sosyal,Sosyal,Psikoloji
2218,97,İnşaat Mühendisliği,Fen > Mühendislik > İnşaat Mühendisliği,Fen,True,Fen,Mühendislik,İnşaat Mühendisliği
2218,98,İnşaat ve Yapı Teknolojisi,Fen > Mühendislik > İnşaat ve Yapı Teknolojisi,Fen,True,Fen,Mühendislik,İnşaat ve Yapı Teknolojisi
2218,14,Akustik,Fen > Temel Bilimler > Akustik,Fen,True,Fen,Temel Bilimler,Akustik
2220,32,"Bilgisayar Bilimleri, Yapay Zeka","Fen > Mühendislik > Bilgisayar Bilimleri, Yapay Zeka",Fen,True,Fen,Mühendislik,"Bilgisayar Bilimleri, Yapay Zeka"
2220,14,Akustik,Fen > Temel Bilimler > Akustik,Fen,True,Fen,Temel Bilimler,Akustik
2220,38,Biyoloji,Fen > Temel Bilimler > Biyoloji,Fen,True,Fen,Temel Bilimler,Biyoloji
2220,43,Çevre Bilimleri,Fen > Temel Bilimler > Çevre Bilimleri,Fen,True,Fen,Temel Bilimler,Çevre Bilimleri
2221,14,Akustik,Fen > Temel Bilimler > Akustik,Fen,True,Fen,Temel Bilimler,Akustik
2222,33,"Bilgisayar Bilimleri, Yazılım Mühendisliği","Fen > Mühendislik > Bilgisayar Bilimleri, Yazılım Mühendisliği",Fen,True,Fen,Mühendislik,"Bilgisayar Bilimleri, Yazılım Mühendisliği"
2222,14,Akustik,Fen > Temel Bilimler > Akustik,Fen,True,Fen,Temel Bilimler,Akustik
2224,14,Akustik,Fen > Temel Bilimler > Akustik,Fen,True,Fen,Temel Bilimler,Akustik
2224,62,Entomoloji,Fen > Temel Bilimler > Entomoloji,Fen,True,Fen,Temel Bilimler,Entomoloji
2225,33,"Bilgisayar Bilimleri, Yazılım Mühendisliği","Fen > Mühendislik > Bilgisayar Bilimleri, Yazılım Mühendisliği",Fen,True,Fen,Mühendislik,"Bilgisayar Bilimleri, Yazılım Mühendisliği"
2225,14,Akustik,Fen > Temel Bilimler > Akustik,Fen,True,Fen,Temel Bilimler,Akustik
2225,193,Tıbbi İnformatik,Fen > Tıp > Tıbbi İnformatik,Fen,True,Fen,Tıp,Tıbbi İnformatik
2226,137,Mimarlık,Fen > Mühendislik > Mimarlık,Fen,True,Fen,Mühendislik,Mimarlık
2226,14,Akustik,Fen > Temel Bilimler > Akustik,Fen,True,Fen,Temel Bilimler,Akustik
2227,43,Çevre Bilimleri,Fen > Temel Bilimler > Çevre Bilimleri,Fen,True,Fen,Temel Bilimler,Çevre Bilimleri
2227,118,Kuş Bilimi,Fen > Temel Bilimler > Kuş Bilimi,Fen,True,Fen,Temel Bilimler,Kuş Bilimi
2228,118,Kuş Bilimi,Fen > Temel Bilimler > Kuş Bilimi,Fen,True,Fen,Temel Bilimler,Kuş Bilimi
2228,207,Zooloji,Fen > Temel Bilimler > Zooloji,Fen,True,Fen,Temel Bilimler,Zooloji
2228,201,Veterinerlik,Fen > Veterinerlik > Veterinerlik,Fen,True,Fen,Veterinerlik,Veterinerlik
2229,118,Kuş Bilimi,Fen > Temel Bilimler > Kuş Bilimi,Fen,True,Fen,Temel Bilimler,Kuş Bilimi
2229,201,Veterinerlik,Fen > Veterinerlik > Veterinerlik,Fen,True,Fen,Veterinerlik,Veterinerlik
2230,118,Kuş Bilimi,Fen > Temel Bilimler > Kuş Bilimi,Fen,True,Fen,Temel Bilimler,Kuş Bilimi
2230,207,Zooloji,Fen > Temel Bilimler > Zooloji,Fen,True,Fen,Temel Bilimler,Zooloji
2231,118,Kuş Bilimi,Fen > Temel Bilimler > Kuş Bilimi,Fen,True,Fen,Temel Bilimler,Kuş Bilimi
2231,201,Veterinerlik,Fen > Veterinerlik > Veterinerlik,Fen,True,Fen,Veterinerlik,Veterinerlik
2232,57,Ekoloji,Fen > Temel Bilimler > Ekoloji,Fen,True,Fen,Temel Bilimler,Ekoloji
2232,118,Kuş Bilimi,Fen > Temel Bilimler > Kuş Bilimi,Fen,True,Fen,Temel Bilimler,Kuş Bilimi
2233,43,Çevre Bilimleri,Fen > Temel Bilimler > Çevre Bilimleri,Fen,True,Fen,Temel Bilimler,Çevre Bilimleri
2233,118,Kuş Bilimi,Fen > Temel Bilimler > Kuş Bilimi,Fen,True,Fen,Temel Bilimler,Kuş Bilimi
2234,43,Çevre Bilimleri,Fen > Temel Bilimler > Çevre Bilimleri,Fen,True,Fen,Temel Bilimler,Çevre Bilimleri
2234,57,Ekoloji,Fen > Temel Bilimler > Ekoloji,Fen,True,Fen,Temel Bilimler,Ekoloji
2234,118,Kuş Bilimi,Fen > Temel Bilimler > Kuş Bilimi,Fen,True,Fen,Temel Bilimler,Kuş Bilimi
2235,43,Çevre Bilimleri,Fen > Temel Bilimler > Çevre Bilimleri,Fen,True,Fen,Temel Bilimler,Çevre Bilimleri
2235,118,Kuş Bilimi,Fen > Temel Bilimler > Kuş Bilimi,Fen,True,Fen,Temel Bilimler,Kuş Bilimi
2235,207,Zooloji,Fen > Temel Bilimler > Zooloji,Fen,True,Fen,Temel Bilimler,Zooloji
2236,57,Ekoloji,Fen > Temel Bilimler > Ekoloji,Fen,True,Fen,Temel Bilimler,Ekoloji
2236,118,Kuş Bilimi,Fen > Temel Bilimler > Kuş Bilimi,Fen,True,Fen,Temel Bilimler,Kuş Bilimi
2238,36,Biyofizik,Fen > Tıp > Biyofizik,Fen,True,Fen,Tıp,Biyofizik
2238,181,Spor Bilimleri,Fen > Tıp > Spor Bilimleri,Fen,True,Fen,Tıp,Spor Bilimleri
2240,36,Biyofizik,Fen > Tıp > Biyofizik,Fen,True,Fen,Tıp,Biyofizik
2240,191,Tıbbi Araştırmalar Deneysel,Fen > Tıp > Tıbbi Araştırmalar Deneysel,Fen,True,Fen,Tıp,Tıbbi Araştırmalar Deneysel
2241,36,Biyofizik,Fen > Tıp > Biyofizik,Fen,True,Fen,Tıp,Biyofizik
2241,91,Hücre Biyolojisi,Fen > Tıp > Hücre Biyolojisi,Fen,True,Fen,Tıp,Hücre Biyolojisi
2241,153,Onkoloji,Fen > Tıp > Onkoloji,Fen,True,Fen,Tıp,Onkoloji
2242,36,Biyofizik,Fen > Tıp > Biyofizik,Fen,True,Fen,Tıp,Biyofizik
2242,169,Rehabilitasyon,Fen > Tıp > Rehabilitasyon,Fen,True,Fen,Tıp,Rehabilitasyon
2243,36,Biyofizik,Fen > Tıp > Biyofizik,Fen,True,Fen,Tıp,Biyofizik
2243,37,Biyokimya ve Moleküler Biyoloji,Fen > Tıp > Biyokimya ve Moleküler Biyoloji,Fen,True,Fen,Tıp,Biyokimya ve Moleküler Biyoloji
2243,149,Nörolojik Bilimler,Fen > Tıp > Nörolojik Bilimler,Fen,True,Fen,Tıp,Nörolojik Bilimler
2244,36,Biyofizik,Fen > Tıp > Biyofizik,Fen,True,Fen,Tıp,Biyofizik
2244,37,Biyokimya ve Moleküler Biyoloji,Fen > Tıp > Biyokimya ve Moleküler Biyoloji,Fen,True,Fen,Tıp,Biyokimya ve Moleküler Biyoloji
2245,36,Biyofizik,Fen > Tıp > Biyofizik,Fen,True,Fen,Tıp,Biyofizik
2245,153,Onkoloji,Fen > Tıp > Onkoloji,Fen,True,Fen,Tıp,Onkoloji
2246,38,Biyoloji,Fen > Temel Bilimler > Biyoloji,Fen,True,Fen,Temel Bilimler,Biyoloji
2246,36,Biyofizik,Fen > Tıp > Biyofizik,Fen,True,Fen,Tıp,Biyofizik
2246,37,Biyokimya ve Moleküler Biyoloji,Fen > Tıp > Biyokimya ve Moleküler Biyoloji,Fen,True,Fen,Tıp,Biyokimya ve Moleküler Biyoloji
2248,60,Enerji ve Yakıtlar,Fen > Mühendislik > Enerji ve Yakıtlar,Fen,True,Fen,Mühendislik,Enerji ve Yakıtlar
2248,146,"Mühendislik, Petrol","Fen > Mühendislik > Mühendislik, Petrol",Fen,True,Fen,Mühendislik,"Mühendislik, Petrol"
2249,146,"Mühendislik, Petrol","Fen > Mühendislik > Mühendislik, Petrol",Fen,True,Fen,Mühendislik,"Mühendislik, Petrol"
2249,190,Termodinamik,Fen > Temel Bilimler > Termodinamik,Fen,True,Fen,Temel Bilimler,Termodinamik
2250,127,"Malzeme Bilimleri, Özellik ve Test","Fen > Mühendislik > Malzeme Bilimleri, Özellik ve Test",Fen,True,Fen,Mühendislik,"Malzeme Bilimleri, Özellik ve Test"
2250,146,"Mühendislik, Petrol","Fen > Mühendislik > Mühendislik, Petrol",Fen,True,Fen,Mühendislik,"Mühendislik, Petrol"
2250,138,Mineraloji,Fen > Temel Bilimler > Mineraloji,Fen,True,Fen,Temel Bilimler,Mineraloji
2251,146,"Mühendislik, Petrol","Fen > Mühendislik > Mühendislik, Petrol",Fen,True,Fen,Mühendislik,"Mühendislik, Petrol"
2251,93,İktisat,Sosyal > Sosyal > İktisat,Sosyal,True,Sosyal,Sosyal,İktisat
2252,146,"Mühendislik, Petrol","Fen > Mühendislik > Mühendislik, Petrol",Fen,True,Fen,Mühendislik,"Mühendislik, Petrol"
2252,121,Madde Bağımlılığı,Sosyal > Sosyal > Madde Bağımlılığı,Sosyal,True,Sosyal,Sosyal,Madde Bağımlılığı
2252,167,Psikoloji,Sosyal > Sosyal > Psikoloji,Sosyal,True,Sosyal,Sosyal,Psikoloji
2253,104,Jeoloji,Fen > Mühendislik > Jeoloji,Fen,True,Fen,Mühendislik,Jeoloji
2253,146,"Mühendislik, Petrol","Fen > Mühendislik > Mühendislik, Petrol",Fen,True,Fen,Mühendislik,"Mühendislik, Petrol"
2254,146,"Mühendislik, Petrol","Fen > Mühendislik > Mühendislik, Petrol",Fen,True,Fen,Mühendislik,"Mühendislik, Petrol"
2255,143,"Mühendislik, Jeoloji","Fen > Mühendislik > Mühendislik, Jeoloji",Fen,True,Fen,Mühendislik,"Mühendislik, Jeoloji"
2255,146,"Mühendislik, Petrol","Fen > Mühendislik > Mühendislik, Petrol",Fen,True,Fen,Mühendislik,"Mühendislik, Petrol"
2256,60,Enerji ve Yakıtlar,Fen > Mühendislik > Enerji ve Yakıtlar,Fen,True,Fen,Mühendislik,Enerji ve Yakıtlar
2256,143,"Mühendislik, Jeoloji","Fen > Mühendislik > Mühendislik, Jeoloji",Fen,True,Fen,Mühendislik,"Mühendislik, Jeoloji"
2256,146,"Mühendislik, Petrol","Fen > Mühendislik > Mühendislik, Petrol",Fen,True,Fen,Mühendislik,"Mühendislik, Petrol"
2256,43,Çevre Bilimleri,Fen > Temel Bilimler > Çevre Bilimleri,Fen,True,Fen,Temel Bilimler,Çevre Bilimleri
2257,11,Acil Tıp,Fen > Tıp > Acil Tıp,Fen,True,Fen,Tıp,Acil Tıp
2257,177,Solunum Sistemi,Fen > Tıp > Solunum Sistemi,Fen,True,Fen,Tıp,Solunum Sistemi
2257,198,Tropik Tıp,Fen > Tıp > Tropik Tıp,Fen,True,Fen,Tıp,Tropik Tıp
2258,112,"Kimya, Organik","Fen > Temel Bilimler > Kimya, Organik",Fen,True,Fen,Temel Bilimler,"Kimya, Organik"
2258,135,Mikrobiyoloji,Fen > Tıp > Mikrobiyoloji,Fen,True,Fen,Tıp,Mikrobiyoloji
2258,198,Tropik Tıp,Fen > Tıp > Tropik Tıp,Fen,True,Fen,Tıp,Tropik Tıp
2259,66,Farmakoloji ve Eczacılık,Fen > Eczacılık > Farmakoloji ve Eczacılık,Fen,True,Fen,Eczacılık,Farmakoloji ve Eczacılık
2259,166,Psikiyatri,Fen > Tıp > Psikiyatri,Fen,True,Fen,Tıp,Psikiyatri
2259,198,Tropik Tıp,Fen > Tıp > Tropik Tıp,Fen,True,Fen,Tıp,Tropik Tıp
2260,168,"Radyoloji, Nükleer Tıp, Tıbbi Görüntüleme","Fen > Tıp > Radyoloji, Nükleer Tıp, Tıbbi Görüntüleme",Fen,True,Fen,Tıp,"Radyoloji, Nükleer Tıp, Tıbbi Görüntüleme"
2260,198,Tropik Tıp,Fen > Tıp > Tropik Tıp,Fen,True,Fen,Tıp,Tropik Tıp
2260,173,Sağlık Politikaları ve Hizmetleri,Sosyal > Sosyal > Sağlık Politikaları ve Hizmetleri,Sosyal,True,Sosyal,Sosyal,Sağlık Politikaları ve Hizmetleri
2261,61,Enfeksiyon Hastalıkları,Fen > Tıp > Enfeksiyon Hastalıkları,Fen,True,Fen,Tıp,Enfeksiyon Hastalıkları
2261,163,Pediatri,Fen > Tıp > Pediatri,Fen,True,Fen,Tıp,Pediatri
2261,198,Tropik Tıp,Fen > Tıp > Tropik Tıp,Fen,True,Fen,Tıp,Tropik Tıp
2262,198,Tropik Tıp,Fen > Tıp > Tropik Tıp,Fen,True,Fen,Tıp,Tropik Tıp
2262,201,Veterinerlik,Fen > Veterinerlik > Veterinerlik,Fen,True,Fen,Veterinerlik,Veterinerlik
2263,198,Tropik Tıp,Fen > Tıp > Tropik Tıp,Fen,True,Fen,Tıp,Tropik Tıp
2263,25,Beslenme ve Diyetetik,Sosyal > Sosyal > Beslenme ve Diyetetik,Sosyal,True,Sosyal,Sosyal,Beslenme ve Diyetetik
2264,43,Çevre Bilimleri,Fen > Temel Bilimler > Çevre Bilimleri,Fen,True,Fen,Temel Bilimler,Çevre Bilimleri
2264,161,Parazitoloji,Fen > Temel Bilimler > Parazitoloji,Fen,True,Fen,Temel Bilimler,Parazitoloji
2264,61,Enfeksiyon Hastalıkları,Fen > Tıp > Enfeksiyon Hastalıkları,Fen,True,Fen,Tıp,Enfeksiyon Hastalıkları
2264,198,Tropik Tıp,Fen > Tıp > Tropik Tıp,Fen,True,Fen,Tıp,Tropik Tıp
2264,173,Sağlık Politikaları ve Hizmetleri,Sosyal > Sosyal > Sağlık Politikaları ve Hizmetleri,Sosyal,True,Sosyal,Sosyal,Sağlık Politikaları ve Hizmetleri
2265,135,Mikrobiyoloji,Fen > Tıp > Mikrobiyoloji,Fen,True,Fen,Tıp,Mikrobiyoloji
2265,191,Tıbbi Araştırmalar Deneysel,Fen > Tıp > Tıbbi Araştırmalar Deneysel,Fen,True,Fen,Tıp,Tıbbi Araştırmalar Deneysel
2265,198,Tropik Tıp,Fen > Tıp > Tropik Tıp,Fen,True,Fen,Tıp,Tropik Tıp
2266,37,Biyokimya ve Moleküler Biyoloji,Fen > Tıp > Biyokimya ve Moleküler Biyoloji,Fen,True,Fen,Tıp,Biyokimya ve Moleküler Biyoloji
2266,135,Mikrobiyoloji,Fen > Tıp > Mikrobiyoloji,Fen,True,Fen,Tıp,Mikrobiyoloji
2266,198,Tropik Tıp,Fen > Tıp > Tropik Tıp,Fen,True,Fen,Tıp,Tropik Tıp
2267,5,Tıp,Fen > Tıp,Fen,True,Fen,Tıp,
2267,105,Kadın Araştırmaları,Sosyal > Sosyal > Kadın Araştırmaları,Sosyal,True,Sosyal,Sosyal,Kadın Araştırmaları
2268,5,Tıp,Fen > Tıp,Fen,True,Fen,Tıp,
2268,55,"Eğitim, Eğitim Araştırmaları","Sosyal > Sosyal > Eğitim, Eğitim Araştırmaları",Sosyal,True,Sosyal,Sosyal,"Eğitim, Eğitim Araştırmaları"
2269,5,Tıp,Fen > Tıp,Fen,True,Fen,Tıp,
2269,55,"Eğitim, Eğitim Araştırmaları","Sosyal > Sosyal > Eğitim, Eğitim Araştırmaları",Sosyal,True,Sosyal,Sosyal,"Eğitim, Eğitim Araştırmaları"
2270,32,"Bilgisayar Bilimleri, Yapay Zeka","Fen > Mühendislik > Bilgisayar Bilimleri, Yapay Zeka",Fen,True,Fen,Mühendislik,"Bilgisayar Bilimleri, Yapay Zeka"
2270,5,Tıp,Fen > Tıp,Fen,True,Fen,Tıp,
2271,5,Tıp,Fen > Tıp,Fen,True,Fen,Tıp,
2272,5,Tıp,Fen > Tıp,Fen,True,Fen,Tıp,
2272,93,İktisat,Sosyal > Sosyal > İktisat,Sosyal,True,Sosyal,Sosyal,İktisat
2272,108,Kamu Yönetimi,Sosyal > Sosyal > Kamu Yönetimi,Sosyal,True,Sosyal,Sosyal,Kamu Yönetimi
2273,5,Tıp,Fen > Tıp,Fen,True,Fen,Tıp,
2273,51,Din Bilimi,Sosyal > Sosyal > Din Bilimi,Sosyal,True,Sosyal,Sosyal,Din Bilimi
2274,5,Tıp,Fen > Tıp,Fen,True,Fen,Tıp,
2274,173,Sağlık Politikaları ve Hizmetleri,Sosyal > Sosyal > Sağlık Politikaları ve Hizmetleri,Sosyal,True,Sosyal,Sosyal,Sağlık Politikaları ve Hizmetleri
2275,5,Tıp,Fen > Tıp,Fen,True,Fen,Tıp,
2275,13,Aile Çalışmaları,Sosyal > Sosyal > Aile Çalışmaları,Sosyal,True,Sosyal,Sosyal,Aile Çalışmaları
2275,19,Antropoloji,Sosyal > Sosyal > Antropoloji,Sosyal,True,Sosyal,Sosyal,Antropoloji
2276,5,Tıp,Fen > Tıp,Fen,True,Fen,Tıp,
2276,89,Hemşirelik,Sosyal > Sosyal > Hemşirelik,Sosyal,True,Sosyal,Sosyal,Hemşirelik
2276,167,Psikoloji,Sosyal > Sosyal > Psikoloji,Sosyal,True,Sosyal,Sosyal,Psikoloji
2277,9,Eczacılık,Fen > Eczacılık,Fen,True,Fen,Eczacılık,
2277,56,"Eğitim, Özel","Sosyal > Sosyal > Eğitim, Özel",Sosyal,True,Sosyal,Sosyal,"Eğitim, Özel"
2277,178,Sosyal Çalışma,Sosyal > Sosyal > Sosyal Çalışma,Sosyal,True,Sosyal,Sosyal,Sosyal Çalışma
2278,9,Eczacılık,Fen > Eczacılık,Fen,True,Fen,Eczacılık,
2278,93,İktisat,Sosyal > Sosyal > İktisat,Sosyal,True,Sosyal,Sosyal,İktisat
2279,9,Eczacılık,Fen > Eczacılık,Fen,True,Fen,Eczacılık,
2279,173,Sağlık Politikaları ve Hizmetleri,Sosyal > Sosyal > Sağlık Politikaları ve Hizmetleri,Sosyal,True,Sosyal,Sosyal,Sağlık Politikaları ve Hizmetleri
2280,9,Eczacılık,Fen > Eczacılık,Fen,True,Fen,Eczacılık,
2280,89,Hemşirelik,Sosyal > Sosyal > Hemşirelik,Sosyal,True,Sosyal,Sosyal,Hemşirelik
2280,179,Sosyoloji,Sosyal > Sosyal > Sosyoloji,Sosyal,True,Sosyal,Sosyal,Sosyoloji
2281,6,Temel Bilimler,Fen > Temel Bilimler,Fen,True,Fen,Temel Bilimler,
2281,164,Periferik Damar Hastalıkları,Fen > Tıp > Periferik Damar Hastalıkları,Fen,True,Fen,Tıp,Periferik Damar Hastalıkları
2282,6,Temel Bilimler,Fen > Temel Bilimler,Fen,True,Fen,Temel Bilimler,
2282,164,Periferik Damar Hastalıkları,Fen > Tıp > Periferik Damar Hastalıkları,Fen,True,Fen,Tıp,Periferik Damar Hastalıkları
2283,6,Temel Bilimler,Fen > Temel Bilimler,Fen,True,Fen,Temel Bilimler,
2283,164,Periferik Damar Hastalıkları,Fen > Tıp > Periferik Damar Hastalıkları,Fen,True,Fen,Tıp,Periferik Damar Hastalıkları
2284,1,Fen,Fen,Fen,True,Fen,,
2285,137,Mimarlık,Fen > Mühendislik > Mimarlık,Fen,True,Fen,Mühendislik,Mimarlık
2285,169,Rehabilitasyon,Fen > Tıp > Rehabilitasyon,Fen,True,Fen,Tıp,Rehabilitasyon
2285,8,Veterinerlik,Fen > Veterinerlik,Fen,True,Fen,Veterinerlik,
2286,55,"Eğitim, Eğitim Araştırmaları","Sosyal > Sosyal > Eğitim, Eğitim Araştırmaları",Sosyal,False,Sosyal,Sosyal,"Eğitim, Eğitim Araştırmaları"
2286,100,İş,Sosyal > Sosyal > İş,Sosyal,False,Sosyal,Sosyal,İş
2286,101,İşletme,Sosyal > Sosyal > İşletme,Sosyal,False,Sosyal,Sosyal,İşletme
2286,108,Kamu Yönetimi,Sosyal > Sosyal > Kamu Yönetimi,Sosyal,False,Sosyal,Sosyal,Kamu Yönetimi
